{"type":"FeatureCollection","features":[{"type":"Feature","properties":{"slug":"cornwall","gss_code":"E06000052","name":"Cornwall"},"geometry":{"type":"MultiPolygon","coordinates":[[[[-5.225576,49.971718],[-5.225871,49.971978],[-5.22564,49.972041],[-5.225576,49.971718]]],[[[-5.225845,49.97213],[-5.225873,49.972257],[-5.225578,49.972217],[-5.225845,49.97213]]],[[[-5.225809,49.971462],[-5.226473,49.971846],[-5.226409,49.972417],[-5.225809,49.971462]]],[[[-5.265889,50.01254],[-5.266246,50.012428],[-5.265101,50.011816],[-5.265486,50.011432],[-5.266734,50.011905],[-5.267216,50.011555],[-5.268738,50.011893],[-5.268606,50.012159],[-5.267161,50.012416],[-5.267403,50.012917],[-5.267053,50.01326],[-5.266337,50.013088],[-5.265889,50.01254]]],[[[-5.742277,50.064378],[-5.742881,50.064889],[-5.742342,50.064732],[-5.742277,50.064378]]],[[[-5.743651,50.064988],[-5.744107,50.065203],[-5.743366,50.065055],[-5.743651,50.064988]]],[[[-5.744245,50.066046],[-5.744285,50.066263],[-5.744086,50.066154],[-5.744245,50.066046]]],[[[-5.746802,50.066726],[-5.746998,50.067071],[-5.746554,50.066865],[-5.746802,50.066726]]],[[[-5.478724,50.118544],[-5.477132,50.118668],[-5.477262,50.119568],[-5.476898,50.118873],[-5.475652,50.118071],[-5.475401,50.117056],[-5.476152,50.116177],[-5.477616,50.115586],[-5.479008,50.115447],[-5.480294,50.116414],[-5.478357,50.119657],[-5.478106,50.119548],[-5.478724,50.118544]]],[[[-5.722387,50.119556],[-5.722278,50.120184],[-5.72143,50.119682],[-5.722387,50.119556]]],[[[-5.721753,50.121361],[-5.721373,50.120526],[-5.722253,50.12035],[-5.722561,50.121503],[-5.721753,50.121361]]],[[[-5.67465,50.161666],[-5.674774,50.162251],[-5.673551,50.162552],[-5.673862,50.161713],[-5.67465,50.161666]]],[[[-4.905558,50.194773],[-4.905969,50.195328],[-4.904076,50.195989],[-4.905558,50.194773]]],[[[-4.446386,50.336572],[-4.449169,50.336237],[-4.450089,50.335691],[-4.451579,50.335521],[-4.452232,50.335716],[-4.451642,50.336232],[-4.45231,50.336434],[-4.452935,50.336224],[-4.452458,50.33664],[-4.453254,50.336897],[-4.453144,50.337419],[-4.450507,50.338948],[-4.450087,50.338323],[-4.449387,50.338261],[-4.449264,50.337633],[-4.448527,50.337122],[-4.446386,50.336572]]],[[[-4.465076,50.375864],[-4.464747,50.375081],[-4.464546,50.374878],[-4.463827,50.374459],[-4.462547,50.374042],[-4.464095,50.374414],[-4.464355,50.373982],[-4.464248,50.374538],[-4.465004,50.374951],[-4.465127,50.376404],[-4.465564,50.376747],[-4.465067,50.376658],[-4.46462,50.378927],[-4.464752,50.379316],[-4.465524,50.380025],[-4.464551,50.379302],[-4.464275,50.378806],[-4.464936,50.376675],[-4.465076,50.375864]]],[[[-4.285443,50.388395],[-4.284476,50.38854],[-4.284256,50.387789],[-4.284982,50.388114],[-4.285713,50.387958],[-4.284947,50.388069],[-4.284375,50.387715],[-4.284198,50.387084],[-4.282908,50.38593],[-4.283975,50.385605],[-4.284047,50.385183],[-4.284968,50.385448],[-4.285038,50.385258],[-4.284125,50.385086],[-4.284707,50.384456],[-4.285971,50.385276],[-4.285289,50.385694],[-4.286088,50.385366],[-4.287421,50.386028],[-4.287215,50.386678],[-4.287678,50.386451],[-4.288566,50.387189],[-4.288454,50.387875],[-4.287556,50.388429],[-4.285489,50.389032],[-4.285163,50.388604],[-4.285443,50.388395]]],[[[-4.248014,50.389168],[-4.247089,50.389775],[-4.246502,50.389467],[-4.247574,50.389018],[-4.247105,50.389032],[-4.24707,50.388768],[-4.246467,50.389415],[-4.245644,50.388947],[-4.246039,50.387633],[-4.247438,50.388097],[-4.247184,50.388531],[-4.246194,50.388912],[-4.247836,50.388584],[-4.247831,50.389048],[-4.248429,50.389043],[-4.248547,50.3897],[-4.247244,50.389798],[-4.248006,50.389621],[-4.248014,50.389168]]],[[[-4.219631,50.426913],[-4.220227,50.427091],[-4.220648,50.426502],[-4.219213,50.426998],[-4.218684,50.426853],[-4.220062,50.42606],[-4.221113,50.42594],[-4.221544,50.42632],[-4.221457,50.426054],[-4.22194,50.426129],[-4.221627,50.426374],[-4.221067,50.426549],[-4.221598,50.426913],[-4.221414,50.42717],[-4.220968,50.427184],[-4.221128,50.42696],[-4.220664,50.426962],[-4.220491,50.427329],[-4.219484,50.427125],[-4.219631,50.426913]]],[[[-5.08316,50.415603],[-5.08308,50.416006],[-5.082675,50.415987],[-5.08262,50.415621],[-5.08316,50.415603]]],[[[-5.061845,50.427241],[-5.060806,50.426733],[-5.0609,50.426353],[-5.062444,50.425982],[-5.065197,50.426329],[-5.065077,50.426733],[-5.063678,50.426745],[-5.066064,50.426869],[-5.066361,50.427261],[-5.063541,50.427616],[-5.061845,50.427241]]],[[[-5.035374,50.484091],[-5.035855,50.484629],[-5.035159,50.484858],[-5.035374,50.484091]]],[[[-5.030232,50.515422],[-5.029732,50.515815],[-5.029511,50.515221],[-5.029808,50.515096],[-5.030232,50.515422]]],[[[-5.02916,50.515279],[-5.029393,50.515891],[-5.028922,50.515612],[-5.02916,50.515279]]],[[[-5.028619,50.515873],[-5.029458,50.516202],[-5.029407,50.516413],[-5.028619,50.515873]]],[[[-4.848012,50.527213],[-4.848314,50.526939],[-4.848949,50.527253],[-4.848759,50.527545],[-4.848416,50.527371],[-4.848459,50.527701],[-4.849237,50.527454],[-4.848297,50.528187],[-4.848012,50.527213]]],[[[-4.850741,50.5285],[-4.850325,50.529021],[-4.850001,50.528649],[-4.850741,50.5285]]],[[[-4.852556,50.530577],[-4.851992,50.5308],[-4.85256,50.530367],[-4.852088,50.530597],[-4.851992,50.530276],[-4.851608,50.53034],[-4.851657,50.52993],[-4.851438,50.530278],[-4.850962,50.530118],[-4.851233,50.529674],[-4.85057,50.529921],[-4.850892,50.530051],[-4.850262,50.529935],[-4.850556,50.529689],[-4.849856,50.529756],[-4.848942,50.530267],[-4.848856,50.529802],[-4.849521,50.529711],[-4.848798,50.529696],[-4.848994,50.529198],[-4.848828,50.529017],[-4.848715,50.529352],[-4.84841,50.528716],[-4.848676,50.52854],[-4.849298,50.529152],[-4.848733,50.528042],[-4.849102,50.528063],[-4.849157,50.527623],[-4.850509,50.528333],[-4.849596,50.528236],[-4.849951,50.528515],[-4.849566,50.528815],[-4.849802,50.529142],[-4.850043,50.529017],[-4.849816,50.529301],[-4.850159,50.529023],[-4.850238,50.529372],[-4.849429,50.529494],[-4.850396,50.529476],[-4.850895,50.529759],[-4.850649,50.529541],[-4.851045,50.529479],[-4.850473,50.52943],[-4.85042,50.52916],[-4.850851,50.529234],[-4.850687,50.529037],[-4.851354,50.528806],[-4.851663,50.529046],[-4.851378,50.529248],[-4.851797,50.529127],[-4.851452,50.529509],[-4.851922,50.529139],[-4.852575,50.529522],[-4.851847,50.529544],[-4.852866,50.529651],[-4.851876,50.529701],[-4.852168,50.530071],[-4.852701,50.529734],[-4.854605,50.530334],[-4.854541,50.530771],[-4.854187,50.530926],[-4.854359,50.530577],[-4.853235,50.530688],[-4.852941,50.530409],[-4.853045,50.530719],[-4.852515,50.530998],[-4.853652,50.531011],[-4.852231,50.531026],[-4.852556,50.530577]]],[[[-4.997664,50.57216],[-4.997208,50.572583],[-4.996921,50.572189],[-4.9965,50.572289],[-4.996573,50.571887],[-4.995917,50.572293],[-4.995361,50.571639],[-4.998058,50.571404],[-4.999377,50.572263],[-4.99897,50.572568],[-4.998756,50.572237],[-4.997664,50.57216]]],[[[-4.458254,50.929335],[-4.456194,50.928993],[-4.458215,50.926757],[-4.458278,50.924142],[-4.458734,50.923013],[-4.460527,50.920573],[-4.46218,50.919396],[-4.463243,50.917589],[-4.463448,50.915248],[-4.462683,50.91349],[-4.459969,50.910763],[-4.45967,50.909248],[-4.458618,50.908453],[-4.458554,50.9076],[-4.456953,50.907557],[-4.449957,50.905854],[-4.450673,50.903489],[-4.448686,50.902061],[-4.447933,50.901994],[-4.446822,50.900875],[-4.446386,50.898258],[-4.446874,50.897471],[-4.446517,50.89712],[-4.446899,50.896003],[-4.44634,50.895666],[-4.445908,50.894374],[-4.446592,50.89357],[-4.446394,50.892777],[-4.446938,50.892541],[-4.446447,50.89211],[-4.446219,50.892231],[-4.446249,50.891168],[-4.444978,50.890235],[-4.442628,50.889484],[-4.442402,50.889117],[-4.441137,50.888848],[-4.440021,50.888166],[-4.439934,50.886925],[-4.439583,50.886944],[-4.439791,50.886552],[-4.439458,50.886548],[-4.439793,50.88631],[-4.437864,50.882564],[-4.436759,50.882501],[-4.43599,50.881851],[-4.434781,50.881485],[-4.434895,50.881003],[-4.434061,50.881181],[-4.432225,50.880074],[-4.432544,50.87988],[-4.431858,50.879758],[-4.431688,50.878634],[-4.429967,50.877669],[-4.429137,50.875885],[-4.427588,50.874712],[-4.42652,50.873063],[-4.427152,50.872174],[-4.423754,50.870537],[-4.42413,50.870073],[-4.423538,50.868906],[-4.424051,50.868988],[-4.424093,50.868752],[-4.422509,50.868176],[-4.423028,50.867954],[-4.4217,50.867482],[-4.421793,50.867146],[-4.420924,50.866646],[-4.420959,50.866086],[-4.423425,50.866441],[-4.433726,50.865509],[-4.432955,50.861923],[-4.433585,50.859518],[-4.436566,50.857082],[-4.43733,50.855818],[-4.437372,50.853996],[-4.43643,50.852697],[-4.439312,50.851345],[-4.439647,50.850634],[-4.440087,50.850686],[-4.440068,50.84995],[-4.44048,50.849747],[-4.440031,50.849592],[-4.440896,50.848976],[-4.440742,50.847882],[-4.442244,50.846943],[-4.441345,50.846614],[-4.442097,50.846325],[-4.441688,50.846013],[-4.441494,50.844635],[-4.440535,50.844576],[-4.440907,50.844041],[-4.440393,50.843771],[-4.44055,50.843503],[-4.439732,50.843412],[-4.441054,50.843031],[-4.44107,50.842143],[-4.441576,50.842002],[-4.4412,50.841371],[-4.442407,50.839865],[-4.441891,50.838337],[-4.442438,50.838012],[-4.442111,50.83767],[-4.442539,50.837552],[-4.442555,50.837042],[-4.443356,50.836865],[-4.443158,50.83643],[-4.443566,50.836132],[-4.442978,50.83579],[-4.4437,50.83542],[-4.443025,50.835196],[-4.442595,50.835416],[-4.442274,50.834862],[-4.443513,50.83455],[-4.442585,50.833681],[-4.442993,50.83269],[-4.442554,50.83226],[-4.442761,50.831877],[-4.44335,50.831985],[-4.443174,50.831474],[-4.444061,50.831396],[-4.443795,50.830905],[-4.444295,50.829772],[-4.443789,50.829537],[-4.444084,50.829224],[-4.443436,50.828284],[-4.44416,50.827745],[-4.443294,50.826553],[-4.442775,50.826832],[-4.442915,50.826088],[-4.442263,50.826262],[-4.442002,50.825952],[-4.441581,50.826363],[-4.440566,50.825698],[-4.439758,50.825593],[-4.440167,50.824795],[-4.438947,50.824638],[-4.43938,50.824029],[-4.438832,50.82383],[-4.438561,50.8231],[-4.438848,50.822819],[-4.439217,50.823017],[-4.439208,50.822606],[-4.439707,50.82255],[-4.439968,50.822015],[-4.440189,50.822584],[-4.440565,50.822176],[-4.441111,50.822198],[-4.441128,50.82149],[-4.441801,50.821392],[-4.44227,50.820763],[-4.442048,50.820503],[-4.442463,50.820453],[-4.442351,50.819761],[-4.441358,50.819047],[-4.44198,50.818746],[-4.44122,50.818425],[-4.442164,50.817445],[-4.442597,50.81746],[-4.442663,50.817912],[-4.443241,50.817772],[-4.443126,50.816478],[-4.442613,50.816248],[-4.444016,50.815701],[-4.444007,50.815313],[-4.444717,50.815255],[-4.444563,50.814659],[-4.445824,50.813819],[-4.44597,50.813328],[-4.445055,50.811775],[-4.445308,50.811434],[-4.444755,50.811344],[-4.445462,50.810866],[-4.445118,50.810497],[-4.446045,50.809321],[-4.44709,50.808807],[-4.447241,50.808424],[-4.446791,50.808224],[-4.447464,50.808019],[-4.447779,50.808247],[-4.448351,50.807807],[-4.44931,50.80792],[-4.449207,50.807385],[-4.450241,50.807388],[-4.451085,50.806686],[-4.451869,50.80683],[-4.451858,50.806417],[-4.452954,50.805843],[-4.452704,50.805505],[-4.453112,50.805186],[-4.452222,50.805162],[-4.451753,50.804804],[-4.454106,50.804163],[-4.458471,50.803797],[-4.46192,50.802608],[-4.463412,50.80173],[-4.469894,50.801157],[-4.470657,50.801344],[-4.471227,50.80199],[-4.472404,50.802268],[-4.474681,50.801813],[-4.472769,50.800246],[-4.476853,50.799438],[-4.475749,50.798891],[-4.474493,50.797283],[-4.483843,50.796071],[-4.484519,50.796396],[-4.490032,50.796303],[-4.489798,50.795218],[-4.493211,50.793367],[-4.493497,50.792924],[-4.492666,50.79218],[-4.488803,50.791121],[-4.486428,50.790976],[-4.483999,50.79144],[-4.480138,50.790777],[-4.47768,50.789982],[-4.475746,50.789155],[-4.476423,50.787639],[-4.475091,50.785525],[-4.473105,50.784977],[-4.46789,50.7851],[-4.462977,50.784024],[-4.456433,50.783693],[-4.453876,50.784283],[-4.45133,50.785654],[-4.450092,50.784539],[-4.448636,50.783843],[-4.448617,50.782517],[-4.447378,50.782041],[-4.447337,50.781333],[-4.446236,50.780759],[-4.446515,50.77913],[-4.445968,50.778897],[-4.446359,50.778011],[-4.445889,50.777392],[-4.444846,50.77715],[-4.445857,50.776651],[-4.445728,50.776434],[-4.444838,50.776139],[-4.444594,50.776481],[-4.444018,50.775714],[-4.443563,50.775776],[-4.443872,50.776101],[-4.443374,50.776229],[-4.442045,50.775245],[-4.441461,50.77564],[-4.440994,50.775095],[-4.440337,50.7751],[-4.440132,50.775502],[-4.438803,50.774314],[-4.437515,50.774361],[-4.436994,50.77389],[-4.437551,50.773658],[-4.43626,50.773007],[-4.436263,50.772292],[-4.434865,50.772005],[-4.434536,50.771137],[-4.433492,50.770847],[-4.434045,50.770106],[-4.432938,50.770233],[-4.433159,50.769709],[-4.432297,50.769771],[-4.432067,50.76944],[-4.432438,50.769205],[-4.431618,50.768814],[-4.430524,50.76894],[-4.429926,50.769388],[-4.42942,50.76882],[-4.427726,50.768971],[-4.42721,50.768287],[-4.428187,50.767473],[-4.426838,50.767299],[-4.426959,50.767021],[-4.423905,50.76497],[-4.423947,50.764549],[-4.423397,50.76477],[-4.421952,50.764267],[-4.419343,50.765084],[-4.418519,50.764897],[-4.417562,50.765141],[-4.416469,50.764878],[-4.416544,50.764213],[-4.415281,50.764378],[-4.415047,50.76408],[-4.41485,50.764544],[-4.414211,50.764597],[-4.41354,50.764414],[-4.41308,50.763693],[-4.412176,50.764005],[-4.411479,50.763329],[-4.410898,50.763757],[-4.4105,50.763339],[-4.40993,50.763316],[-4.410088,50.763021],[-4.409574,50.762578],[-4.408723,50.762417],[-4.409014,50.763438],[-4.409787,50.764215],[-4.409242,50.764401],[-4.409789,50.766045],[-4.409195,50.766336],[-4.410027,50.766784],[-4.410029,50.767363],[-4.409278,50.768174],[-4.410184,50.768827],[-4.410161,50.769083],[-4.409743,50.76904],[-4.409875,50.769723],[-4.411515,50.769897],[-4.412266,50.770522],[-4.412213,50.770937],[-4.413114,50.771317],[-4.412734,50.771401],[-4.413451,50.771765],[-4.413142,50.772559],[-4.413986,50.772978],[-4.414417,50.774396],[-4.412996,50.775199],[-4.400815,50.77659],[-4.393558,50.778233],[-4.389025,50.774775],[-4.385322,50.773023],[-4.384062,50.771494],[-4.381787,50.77054],[-4.381035,50.770559],[-4.380113,50.76943],[-4.380748,50.769303],[-4.381312,50.768574],[-4.384201,50.767434],[-4.384873,50.765292],[-4.387381,50.764969],[-4.386573,50.763809],[-4.387818,50.757804],[-4.385361,50.758263],[-4.384592,50.758138],[-4.381642,50.757257],[-4.381099,50.756935],[-4.381432,50.756546],[-4.38081,50.756486],[-4.381782,50.756131],[-4.381826,50.755706],[-4.381114,50.755938],[-4.380813,50.755614],[-4.381335,50.75515],[-4.381946,50.75524],[-4.381594,50.754642],[-4.382585,50.754221],[-4.382065,50.754047],[-4.382094,50.75361],[-4.384083,50.752763],[-4.383507,50.751619],[-4.383919,50.75139],[-4.384238,50.749814],[-4.384648,50.749744],[-4.384971,50.750252],[-4.385282,50.750124],[-4.384275,50.748821],[-4.38523,50.748706],[-4.384999,50.747756],[-4.383552,50.746587],[-4.383872,50.74594],[-4.38299,50.745711],[-4.382218,50.746039],[-4.381605,50.744892],[-4.380561,50.744833],[-4.379419,50.74415],[-4.378944,50.742553],[-4.379476,50.740993],[-4.377464,50.739549],[-4.375316,50.738879],[-4.374674,50.738038],[-4.373893,50.737725],[-4.373415,50.734808],[-4.371225,50.733406],[-4.372317,50.731651],[-4.371342,50.731286],[-4.371874,50.730597],[-4.372465,50.730476],[-4.372064,50.730019],[-4.372316,50.729287],[-4.371772,50.729128],[-4.371471,50.729562],[-4.371108,50.729481],[-4.371327,50.728515],[-4.370434,50.728514],[-4.370977,50.727952],[-4.371042,50.727113],[-4.369924,50.726104],[-4.369772,50.724659],[-4.369035,50.723246],[-4.368089,50.723319],[-4.366641,50.722385],[-4.366033,50.722374],[-4.364263,50.721231],[-4.364804,50.720499],[-4.361586,50.718767],[-4.362683,50.718213],[-4.363032,50.717316],[-4.363569,50.717049],[-4.36395,50.715344],[-4.36372,50.714377],[-4.365556,50.713241],[-4.364979,50.712754],[-4.365726,50.712316],[-4.36506,50.712014],[-4.366722,50.711184],[-4.367863,50.709398],[-4.368864,50.709235],[-4.367301,50.707318],[-4.368488,50.706545],[-4.368704,50.705737],[-4.36709,50.70392],[-4.368457,50.703429],[-4.369341,50.702341],[-4.368336,50.701798],[-4.368131,50.702679],[-4.367564,50.702758],[-4.366968,50.70119],[-4.36632,50.700855],[-4.366788,50.697773],[-4.364337,50.697793],[-4.363773,50.697241],[-4.362025,50.696655],[-4.362207,50.695973],[-4.360778,50.695777],[-4.359725,50.696236],[-4.358756,50.695467],[-4.354407,50.694458],[-4.353624,50.693351],[-4.352632,50.693749],[-4.352353,50.6934],[-4.352699,50.692978],[-4.353585,50.692705],[-4.352821,50.692046],[-4.352766,50.691113],[-4.351457,50.690792],[-4.350217,50.690899],[-4.348941,50.689538],[-4.348652,50.68892],[-4.349237,50.685966],[-4.348516,50.685104],[-4.34857,50.68311],[-4.347734,50.682473],[-4.346616,50.682411],[-4.346195,50.682028],[-4.346827,50.68024],[-4.346186,50.67989],[-4.34542,50.679975],[-4.34532,50.677844],[-4.344628,50.677303],[-4.344431,50.676567],[-4.345432,50.674532],[-4.347063,50.672913],[-4.346767,50.672447],[-4.344413,50.671273],[-4.344517,50.670321],[-4.345548,50.669177],[-4.345872,50.668037],[-4.345212,50.664799],[-4.34446,50.662842],[-4.34336,50.66187],[-4.342184,50.661452],[-4.33949,50.661501],[-4.338849,50.661261],[-4.339586,50.658575],[-4.337431,50.656556],[-4.335533,50.655708],[-4.335925,50.654933],[-4.336918,50.654236],[-4.336564,50.653289],[-4.336846,50.652649],[-4.33544,50.652466],[-4.335241,50.652067],[-4.335745,50.651181],[-4.334647,50.649107],[-4.335372,50.647323],[-4.335226,50.646541],[-4.333324,50.643568],[-4.333677,50.641438],[-4.332825,50.640805],[-4.329862,50.640231],[-4.328101,50.640755],[-4.325698,50.640542],[-4.325206,50.640187],[-4.325955,50.638757],[-4.325936,50.637896],[-4.319916,50.636106],[-4.31399,50.636147],[-4.312071,50.637469],[-4.31143,50.637503],[-4.310459,50.636448],[-4.308944,50.635729],[-4.304553,50.636239],[-4.302637,50.635722],[-4.301435,50.634994],[-4.300147,50.633516],[-4.300138,50.632481],[-4.301807,50.631376],[-4.302674,50.629541],[-4.301842,50.627396],[-4.302149,50.625229],[-4.306194,50.620867],[-4.307414,50.62002],[-4.307462,50.618353],[-4.305775,50.615825],[-4.306389,50.6141],[-4.303729,50.612204],[-4.303429,50.61153],[-4.307155,50.604246],[-4.308454,50.602695],[-4.306896,50.599897],[-4.306314,50.594765],[-4.307497,50.593494],[-4.311167,50.591898],[-4.312173,50.589497],[-4.311219,50.58487],[-4.308333,50.581851],[-4.308063,50.578944],[-4.306607,50.578573],[-4.305241,50.579041],[-4.298374,50.583701],[-4.29475,50.584379],[-4.293064,50.584288],[-4.291023,50.583719],[-4.289709,50.581981],[-4.289603,50.578041],[-4.289019,50.576476],[-4.286611,50.575072],[-4.285345,50.574991],[-4.282738,50.576165],[-4.281925,50.577817],[-4.28248,50.578976],[-4.286083,50.582563],[-4.286549,50.584098],[-4.285981,50.584665],[-4.285122,50.584824],[-4.272533,50.58286],[-4.27115,50.582214],[-4.269804,50.579878],[-4.269724,50.578977],[-4.277859,50.574782],[-4.279344,50.570852],[-4.279516,50.569173],[-4.274431,50.56593],[-4.273567,50.564797],[-4.273427,50.562494],[-4.272493,50.561636],[-4.265991,50.558859],[-4.263764,50.557369],[-4.261456,50.554661],[-4.259596,50.551143],[-4.259955,50.547721],[-4.259285,50.545847],[-4.260033,50.544544],[-4.261143,50.543876],[-4.263992,50.543538],[-4.267037,50.542422],[-4.271433,50.538622],[-4.271622,50.536683],[-4.269698,50.535498],[-4.26877,50.535271],[-4.263502,50.536005],[-4.255565,50.54037],[-4.254737,50.54254],[-4.253419,50.543644],[-4.248157,50.54393],[-4.244169,50.543517],[-4.241492,50.542689],[-4.240167,50.541419],[-4.236806,50.534172],[-4.233985,50.531707],[-4.232295,50.531017],[-4.229287,50.530812],[-4.226743,50.529759],[-4.225552,50.529714],[-4.218925,50.532039],[-4.214505,50.534568],[-4.213295,50.534529],[-4.209922,50.533522],[-4.208202,50.533755],[-4.206963,50.533367],[-4.207025,50.532757],[-4.211399,50.530016],[-4.212118,50.528837],[-4.211039,50.525327],[-4.207252,50.521913],[-4.206251,50.520148],[-4.206432,50.518069],[-4.208079,50.516551],[-4.208929,50.515989],[-4.208857,50.516381],[-4.20954,50.515715],[-4.209934,50.514226],[-4.209502,50.51341],[-4.20879,50.513049],[-4.203524,50.513493],[-4.202026,50.513273],[-4.202797,50.508016],[-4.203474,50.508072],[-4.202799,50.507909],[-4.203471,50.505148],[-4.203214,50.503915],[-4.203829,50.504004],[-4.203223,50.503767],[-4.202912,50.502972],[-4.201702,50.502541],[-4.19968,50.502359],[-4.193986,50.502634],[-4.193221,50.503147],[-4.191091,50.506824],[-4.187723,50.50791],[-4.185513,50.508164],[-4.183932,50.50749],[-4.180978,50.503692],[-4.180568,50.502637],[-4.181106,50.501149],[-4.182484,50.500218],[-4.185832,50.499893],[-4.18945,50.498696],[-4.193211,50.499156],[-4.19473,50.498865],[-4.195516,50.498277],[-4.194178,50.495589],[-4.194811,50.493979],[-4.195573,50.493493],[-4.200489,50.492454],[-4.20396,50.492897],[-4.206572,50.495648],[-4.209829,50.496896],[-4.218129,50.49844],[-4.220223,50.49852],[-4.220615,50.498862],[-4.221816,50.496741],[-4.220921,50.494056],[-4.221265,50.49281],[-4.224782,50.489895],[-4.225469,50.48978],[-4.225292,50.490144],[-4.226314,50.490319],[-4.226835,50.490277],[-4.226997,50.49011],[-4.226772,50.48988],[-4.227281,50.489857],[-4.227302,50.490123],[-4.227562,50.490323],[-4.230689,50.491012],[-4.227559,50.490252],[-4.227425,50.489842],[-4.227227,50.489793],[-4.226663,50.489803],[-4.226867,50.490149],[-4.226454,50.490238],[-4.225429,50.490077],[-4.225819,50.489681],[-4.2244,50.489748],[-4.224331,50.488813],[-4.222394,50.48584],[-4.221664,50.485562],[-4.22165,50.485214],[-4.221999,50.485422],[-4.221229,50.484709],[-4.221401,50.485327],[-4.218789,50.483574],[-4.218702,50.478374],[-4.219212,50.478025],[-4.218586,50.478016],[-4.218776,50.477457],[-4.219372,50.477241],[-4.21865,50.477357],[-4.218494,50.476861],[-4.219227,50.475465],[-4.226283,50.472495],[-4.229787,50.471364],[-4.235903,50.468404],[-4.235857,50.468805],[-4.23652,50.467901],[-4.238603,50.466365],[-4.239325,50.465222],[-4.241265,50.464907],[-4.242743,50.46548],[-4.24299,50.466174],[-4.24489,50.466551],[-4.245608,50.467133],[-4.247041,50.467005],[-4.248118,50.466397],[-4.24996,50.466432],[-4.248075,50.466322],[-4.245818,50.467049],[-4.244831,50.466431],[-4.243296,50.466205],[-4.242573,50.46525],[-4.241025,50.464782],[-4.239622,50.464959],[-4.239783,50.463454],[-4.240431,50.462622],[-4.239894,50.460728],[-4.237906,50.457764],[-4.23488,50.455826],[-4.233884,50.456095],[-4.230591,50.45501],[-4.228357,50.455339],[-4.223981,50.458752],[-4.224448,50.461106],[-4.222911,50.462646],[-4.221185,50.463296],[-4.220391,50.462862],[-4.220039,50.462883],[-4.21972,50.463358],[-4.220351,50.462942],[-4.221027,50.463558],[-4.220679,50.463861],[-4.217757,50.464434],[-4.216935,50.46379],[-4.215264,50.461172],[-4.214896,50.461213],[-4.213315,50.459301],[-4.211647,50.45621],[-4.211387,50.454024],[-4.212751,50.45281],[-4.211927,50.452634],[-4.211437,50.452856],[-4.210813,50.452501],[-4.210665,50.45034],[-4.211256,50.45028],[-4.210468,50.45017],[-4.209346,50.448784],[-4.209869,50.445681],[-4.210416,50.446061],[-4.211564,50.445668],[-4.209275,50.445417],[-4.207035,50.44371],[-4.205205,50.4432],[-4.204786,50.443408],[-4.203937,50.442744],[-4.203222,50.442616],[-4.203534,50.442499],[-4.203168,50.442235],[-4.205706,50.441578],[-4.205805,50.440536],[-4.200551,50.43795],[-4.199395,50.43642],[-4.199313,50.435719],[-4.201524,50.434444],[-4.202015,50.433303],[-4.203079,50.432602],[-4.202594,50.431373],[-4.203761,50.43078],[-4.203772,50.429959],[-4.205711,50.429191],[-4.206751,50.429553],[-4.214278,50.429731],[-4.214987,50.429539],[-4.216147,50.428322],[-4.217037,50.428929],[-4.217077,50.429385],[-4.216449,50.42952],[-4.217038,50.42949],[-4.216622,50.429795],[-4.21719,50.42975],[-4.217558,50.429521],[-4.217201,50.429483],[-4.21827,50.429125],[-4.217634,50.429005],[-4.21771,50.428589],[-4.218624,50.42911],[-4.218171,50.429293],[-4.218859,50.42932],[-4.219049,50.429023],[-4.218656,50.429029],[-4.218953,50.428808],[-4.218257,50.428381],[-4.218926,50.428568],[-4.218316,50.428109],[-4.217467,50.428258],[-4.218082,50.428064],[-4.217993,50.427819],[-4.219113,50.428101],[-4.219246,50.428827],[-4.220319,50.428292],[-4.219592,50.428498],[-4.219422,50.428121],[-4.219826,50.428315],[-4.219547,50.428115],[-4.219041,50.427969],[-4.218852,50.427422],[-4.22034,50.428233],[-4.219515,50.427297],[-4.220907,50.428081],[-4.220596,50.427562],[-4.221439,50.428005],[-4.222666,50.427896],[-4.2214,50.427842],[-4.220671,50.427386],[-4.22196,50.427624],[-4.222189,50.427156],[-4.221368,50.426576],[-4.221903,50.426314],[-4.222336,50.426842],[-4.222281,50.426236],[-4.222544,50.426769],[-4.222848,50.426672],[-4.22248,50.427236],[-4.222962,50.427253],[-4.222623,50.427094],[-4.223002,50.426844],[-4.223718,50.427742],[-4.224165,50.427794],[-4.223927,50.428116],[-4.224318,50.427857],[-4.224653,50.428125],[-4.224263,50.428229],[-4.225173,50.428381],[-4.2249,50.428887],[-4.225474,50.428732],[-4.22493,50.428912],[-4.224882,50.42929],[-4.225692,50.428932],[-4.225474,50.429278],[-4.225769,50.429232],[-4.225947,50.429881],[-4.225054,50.429991],[-4.224712,50.42972],[-4.225779,50.430772],[-4.225629,50.431405],[-4.225007,50.431264],[-4.225611,50.431858],[-4.224805,50.431969],[-4.225593,50.432448],[-4.225744,50.432921],[-4.224993,50.433344],[-4.225835,50.433786],[-4.226369,50.435556],[-4.227563,50.436139],[-4.230126,50.436149],[-4.232577,50.436919],[-4.233077,50.437768],[-4.232563,50.438297],[-4.233028,50.438647],[-4.234077,50.438347],[-4.235628,50.438797],[-4.238312,50.439043],[-4.23685,50.438866],[-4.236396,50.438638],[-4.236857,50.438631],[-4.234347,50.438127],[-4.233426,50.437617],[-4.234277,50.436452],[-4.232762,50.436267],[-4.230698,50.435345],[-4.228625,50.435682],[-4.227315,50.435167],[-4.228091,50.435082],[-4.227323,50.432831],[-4.226727,50.432984],[-4.227142,50.432713],[-4.226885,50.429972],[-4.232236,50.428713],[-4.23428,50.428787],[-4.232107,50.428602],[-4.228324,50.42959],[-4.228197,50.428244],[-4.227831,50.428012],[-4.22819,50.428064],[-4.224439,50.42702],[-4.22409,50.426532],[-4.224537,50.425686],[-4.223943,50.425387],[-4.229685,50.425222],[-4.228413,50.424775],[-4.225916,50.424848],[-4.224742,50.424275],[-4.223005,50.42435],[-4.222835,50.42347],[-4.223859,50.421992],[-4.221792,50.423398],[-4.220954,50.423363],[-4.221941,50.423931],[-4.221807,50.424862],[-4.222417,50.425326],[-4.218839,50.425054],[-4.21803,50.425941],[-4.216556,50.425902],[-4.215715,50.426181],[-4.216687,50.426048],[-4.215752,50.426512],[-4.215145,50.426231],[-4.213003,50.426097],[-4.215027,50.426273],[-4.2152,50.426522],[-4.214484,50.426777],[-4.213432,50.426713],[-4.212528,50.426194],[-4.211599,50.426297],[-4.209874,50.42536],[-4.211334,50.424051],[-4.211266,50.423084],[-4.210619,50.422175],[-4.211116,50.421992],[-4.211505,50.420939],[-4.210826,50.420615],[-4.210683,50.42013],[-4.210952,50.418193],[-4.211533,50.417747],[-4.21168,50.416796],[-4.212211,50.416922],[-4.212331,50.416923],[-4.212548,50.416858],[-4.21558,50.415067],[-4.212619,50.416793],[-4.211989,50.416814],[-4.211639,50.416413],[-4.211649,50.413927],[-4.210539,50.4135],[-4.207809,50.410988],[-4.207105,50.410856],[-4.206352,50.409227],[-4.206762,50.408888],[-4.205787,50.407697],[-4.206415,50.407313],[-4.206493,50.406888],[-4.206139,50.406875],[-4.206606,50.406776],[-4.206859,50.40605],[-4.207609,50.406033],[-4.208875,50.405247],[-4.213537,50.404806],[-4.212667,50.404272],[-4.210538,50.404267],[-4.210124,50.403788],[-4.210182,50.402433],[-4.211288,50.400534],[-4.211972,50.400087],[-4.211874,50.399324],[-4.215222,50.398841],[-4.217711,50.39751],[-4.221407,50.397535],[-4.225265,50.396504],[-4.225879,50.395073],[-4.225199,50.394806],[-4.226196,50.393708],[-4.227302,50.393297],[-4.229991,50.393757],[-4.230252,50.394238],[-4.229592,50.395271],[-4.230549,50.39615],[-4.228745,50.397216],[-4.229629,50.397324],[-4.230209,50.396955],[-4.232434,50.397264],[-4.233086,50.398528],[-4.232731,50.398856],[-4.233241,50.400751],[-4.235729,50.401497],[-4.235943,50.401837],[-4.235808,50.401487],[-4.233525,50.399991],[-4.234684,50.397836],[-4.234059,50.397671],[-4.232319,50.396038],[-4.232966,50.39569],[-4.232394,50.396101],[-4.233876,50.397387],[-4.235357,50.396351],[-4.235025,50.396011],[-4.233039,50.395614],[-4.232125,50.39479],[-4.232105,50.394414],[-4.233061,50.393957],[-4.232937,50.393634],[-4.233484,50.393989],[-4.234074,50.393759],[-4.233015,50.393556],[-4.234619,50.393233],[-4.236827,50.393403],[-4.239944,50.392584],[-4.240333,50.392131],[-4.24212,50.391548],[-4.242435,50.390723],[-4.241614,50.389767],[-4.243747,50.389213],[-4.247235,50.390642],[-4.248409,50.391527],[-4.249354,50.391711],[-4.249105,50.392074],[-4.248745,50.391794],[-4.249098,50.392339],[-4.247183,50.393887],[-4.250691,50.39304],[-4.252281,50.393551],[-4.254632,50.39377],[-4.252071,50.393219],[-4.251132,50.392297],[-4.251659,50.392206],[-4.25188,50.391582],[-4.250631,50.391745],[-4.249429,50.390756],[-4.247784,50.390617],[-4.253644,50.388965],[-4.255693,50.38949],[-4.257231,50.388921],[-4.258518,50.3891],[-4.258005,50.388428],[-4.257534,50.388409],[-4.257851,50.388311],[-4.256613,50.388184],[-4.256001,50.388543],[-4.255379,50.388095],[-4.253189,50.387837],[-4.251967,50.388203],[-4.251589,50.388972],[-4.250439,50.388887],[-4.249624,50.389239],[-4.249269,50.38892],[-4.249577,50.388748],[-4.246005,50.387562],[-4.245379,50.386937],[-4.248381,50.385058],[-4.253489,50.384243],[-4.254061,50.38324],[-4.255701,50.383526],[-4.256068,50.384084],[-4.25818,50.385136],[-4.262152,50.386264],[-4.263204,50.386136],[-4.266411,50.387209],[-4.268374,50.38689],[-4.269826,50.38557],[-4.270126,50.385759],[-4.269485,50.386335],[-4.270546,50.385961],[-4.270333,50.386272],[-4.270987,50.386561],[-4.27082,50.386781],[-4.26951,50.386592],[-4.271063,50.386961],[-4.271667,50.386898],[-4.271125,50.386714],[-4.272052,50.386579],[-4.271958,50.38615],[-4.271102,50.386403],[-4.270741,50.38606],[-4.271373,50.385767],[-4.270396,50.385633],[-4.272432,50.385577],[-4.272935,50.385933],[-4.273027,50.385061],[-4.27247,50.384709],[-4.271825,50.385049],[-4.272494,50.384846],[-4.27267,50.38509],[-4.271717,50.385173],[-4.271315,50.38552],[-4.270496,50.384779],[-4.270644,50.379603],[-4.271477,50.379],[-4.27171,50.377689],[-4.273336,50.37681],[-4.276258,50.377006],[-4.277955,50.3788],[-4.282704,50.381544],[-4.283671,50.383051],[-4.283655,50.383677],[-4.284283,50.384148],[-4.283572,50.385179],[-4.281448,50.385988],[-4.281846,50.386231],[-4.28163,50.387019],[-4.28035,50.387793],[-4.279957,50.38772],[-4.28075,50.387907],[-4.280608,50.387713],[-4.281339,50.387485],[-4.281627,50.387924],[-4.281764,50.387556],[-4.282295,50.387509],[-4.281442,50.387377],[-4.282044,50.387077],[-4.281974,50.386155],[-4.282628,50.385564],[-4.282446,50.386155],[-4.283306,50.386556],[-4.282699,50.386585],[-4.282523,50.386911],[-4.282808,50.386622],[-4.283791,50.387073],[-4.283809,50.387838],[-4.283112,50.388513],[-4.283836,50.388513],[-4.283996,50.388159],[-4.284222,50.388513],[-4.285144,50.389004],[-4.283213,50.389587],[-4.283379,50.389068],[-4.282649,50.389071],[-4.283547,50.390043],[-4.282788,50.39019],[-4.282364,50.390851],[-4.281421,50.391336],[-4.284101,50.390026],[-4.283729,50.389617],[-4.285306,50.389291],[-4.285464,50.389915],[-4.285484,50.389246],[-4.287162,50.388803],[-4.287378,50.388953],[-4.286934,50.388979],[-4.286395,50.389632],[-4.287318,50.389078],[-4.286922,50.39003],[-4.287807,50.390753],[-4.287959,50.391784],[-4.288088,50.390882],[-4.287727,50.390498],[-4.288456,50.390287],[-4.287753,50.390447],[-4.287503,50.390024],[-4.288595,50.389731],[-4.287574,50.389773],[-4.287568,50.38918],[-4.287934,50.388802],[-4.288297,50.38909],[-4.288102,50.388826],[-4.288504,50.388763],[-4.288059,50.388607],[-4.289109,50.387955],[-4.289926,50.389325],[-4.289684,50.389903],[-4.290041,50.3897],[-4.290316,50.390397],[-4.289637,50.390461],[-4.289641,50.391059],[-4.289717,50.390457],[-4.290175,50.390638],[-4.289908,50.392477],[-4.287725,50.392275],[-4.288962,50.392707],[-4.28892,50.3931],[-4.286861,50.394517],[-4.282943,50.396058],[-4.281778,50.397818],[-4.280666,50.398529],[-4.276585,50.397691],[-4.280671,50.398842],[-4.279866,50.400685],[-4.280497,50.402904],[-4.280273,50.404134],[-4.279852,50.404729],[-4.279777,50.404518],[-4.279314,50.404441],[-4.27879,50.404578],[-4.279624,50.404563],[-4.279923,50.404989],[-4.277869,50.407447],[-4.276846,50.407336],[-4.277243,50.407943],[-4.277024,50.40747],[-4.277706,50.407456],[-4.277825,50.407731],[-4.277773,50.411117],[-4.278535,50.412833],[-4.278409,50.41396],[-4.275806,50.414816],[-4.274362,50.416223],[-4.272816,50.416775],[-4.272678,50.418832],[-4.271787,50.419548],[-4.271864,50.419853],[-4.273053,50.420035],[-4.272899,50.420688],[-4.275218,50.422166],[-4.275814,50.424656],[-4.275096,50.425554],[-4.275054,50.426356],[-4.27678,50.429383],[-4.277498,50.429744],[-4.276084,50.428157],[-4.275315,50.426517],[-4.275335,50.425516],[-4.27601,50.424486],[-4.275511,50.422222],[-4.273284,50.420699],[-4.273569,50.420094],[-4.272781,50.419348],[-4.273322,50.418144],[-4.272846,50.417064],[-4.274644,50.416349],[-4.27644,50.414928],[-4.277945,50.414569],[-4.27886,50.413949],[-4.279315,50.412784],[-4.278449,50.41186],[-4.279342,50.412193],[-4.278406,50.411405],[-4.278367,50.410773],[-4.278745,50.409883],[-4.279105,50.410288],[-4.279892,50.410228],[-4.279163,50.41021],[-4.278917,50.409481],[-4.280081,50.409684],[-4.279224,50.409167],[-4.278934,50.409277],[-4.27858,50.408119],[-4.279772,50.408476],[-4.280111,50.407908],[-4.281059,50.407853],[-4.279717,50.407557],[-4.279782,50.408164],[-4.278674,50.407765],[-4.279173,50.407008],[-4.27983,50.407262],[-4.279727,50.406998],[-4.280322,50.406925],[-4.279131,50.406815],[-4.279962,50.406265],[-4.280478,50.406441],[-4.280617,50.406138],[-4.280087,50.406184],[-4.281375,50.404813],[-4.281506,50.403313],[-4.280789,50.401339],[-4.282035,50.398682],[-4.283123,50.398103],[-4.28292,50.397743],[-4.288453,50.394876],[-4.290446,50.394813],[-4.291628,50.394093],[-4.291735,50.392143],[-4.292349,50.391868],[-4.292609,50.39081],[-4.293382,50.391084],[-4.29255,50.390645],[-4.293585,50.389072],[-4.299271,50.390656],[-4.300216,50.391566],[-4.299755,50.390959],[-4.300463,50.391039],[-4.30172,50.392635],[-4.301616,50.393894],[-4.300995,50.394674],[-4.299187,50.394607],[-4.300886,50.39476],[-4.29981,50.395762],[-4.299381,50.397056],[-4.298737,50.396608],[-4.298008,50.396554],[-4.298127,50.39681],[-4.29729,50.397306],[-4.297503,50.397454],[-4.298552,50.396774],[-4.298966,50.396887],[-4.300269,50.399636],[-4.299538,50.399666],[-4.298865,50.399255],[-4.297726,50.399376],[-4.29683,50.399853],[-4.298195,50.399595],[-4.300015,50.399785],[-4.300522,50.399716],[-4.300397,50.399491],[-4.302143,50.399912],[-4.304146,50.399772],[-4.304997,50.399997],[-4.305457,50.400765],[-4.305817,50.400644],[-4.305759,50.401607],[-4.302413,50.404359],[-4.303172,50.405427],[-4.30485,50.406687],[-4.304919,50.407244],[-4.303896,50.40718],[-4.304407,50.406862],[-4.3035,50.40676],[-4.303153,50.406925],[-4.303717,50.407165],[-4.303124,50.407188],[-4.303115,50.406936],[-4.301964,50.407494],[-4.302895,50.407098],[-4.30264,50.407295],[-4.302649,50.407465],[-4.302764,50.407565],[-4.302892,50.40759],[-4.303196,50.407524],[-4.303757,50.407287],[-4.302888,50.40757],[-4.302663,50.407364],[-4.302959,50.407222],[-4.304331,50.407259],[-4.305,50.407454],[-4.305546,50.408124],[-4.307424,50.408098],[-4.308418,50.408922],[-4.307478,50.409884],[-4.307923,50.410978],[-4.309081,50.411227],[-4.30988,50.410957],[-4.309926,50.41124],[-4.310137,50.410992],[-4.309198,50.410645],[-4.309333,50.41112],[-4.308405,50.41102],[-4.307771,50.410417],[-4.308433,50.41062],[-4.309366,50.410231],[-4.310099,50.410312],[-4.311917,50.411454],[-4.311338,50.4125],[-4.313197,50.413433],[-4.313579,50.414213],[-4.315491,50.414418],[-4.316164,50.413799],[-4.317149,50.413776],[-4.318957,50.414486],[-4.319,50.415571],[-4.320454,50.41592],[-4.322012,50.415361],[-4.322439,50.414007],[-4.323658,50.413482],[-4.324843,50.412447],[-4.326678,50.412167],[-4.324869,50.412356],[-4.322316,50.413973],[-4.321961,50.41528],[-4.320289,50.415828],[-4.319051,50.415341],[-4.3191,50.41436],[-4.317349,50.413698],[-4.316027,50.413754],[-4.315369,50.41431],[-4.313596,50.414084],[-4.313328,50.413346],[-4.311537,50.412495],[-4.312102,50.411409],[-4.309964,50.410059],[-4.308421,50.410441],[-4.307738,50.410191],[-4.308733,50.409145],[-4.308642,50.408767],[-4.307425,50.40786],[-4.305569,50.407696],[-4.305391,50.406322],[-4.304658,50.405553],[-4.303268,50.405176],[-4.302888,50.404562],[-4.304128,50.403687],[-4.30498,50.403756],[-4.30478,50.404022],[-4.305067,50.403722],[-4.304686,50.403584],[-4.306039,50.403039],[-4.306938,50.401161],[-4.306577,50.398896],[-4.305094,50.398793],[-4.304182,50.398269],[-4.304856,50.398315],[-4.304482,50.398135],[-4.302448,50.39767],[-4.301543,50.396698],[-4.301529,50.395954],[-4.302371,50.39502],[-4.302355,50.395773],[-4.303672,50.392361],[-4.302152,50.390144],[-4.303061,50.389239],[-4.303288,50.388114],[-4.304929,50.388307],[-4.306882,50.390217],[-4.308835,50.390701],[-4.308454,50.390928],[-4.308264,50.391455],[-4.308777,50.39121],[-4.308537,50.390957],[-4.311037,50.389981],[-4.311071,50.390189],[-4.31538,50.390366],[-4.31684,50.389527],[-4.319029,50.39046],[-4.321113,50.389881],[-4.322984,50.389922],[-4.322829,50.389572],[-4.323707,50.38953],[-4.325045,50.388859],[-4.320878,50.389421],[-4.319786,50.389212],[-4.318611,50.389457],[-4.319798,50.38929],[-4.319973,50.389559],[-4.320614,50.389522],[-4.319821,50.389987],[-4.319587,50.389607],[-4.318945,50.389627],[-4.319523,50.390047],[-4.31691,50.3892],[-4.315361,50.389118],[-4.313906,50.389481],[-4.314356,50.389134],[-4.313507,50.389213],[-4.31384,50.389504],[-4.314859,50.389381],[-4.31492,50.389594],[-4.314373,50.389633],[-4.314874,50.389654],[-4.315241,50.389244],[-4.316001,50.389347],[-4.314752,50.390014],[-4.312831,50.389929],[-4.313373,50.3894],[-4.312857,50.389243],[-4.313087,50.389451],[-4.312609,50.389865],[-4.312194,50.38968],[-4.312356,50.389392],[-4.312046,50.389612],[-4.311098,50.389403],[-4.309754,50.39022],[-4.30853,50.390408],[-4.307429,50.390062],[-4.306727,50.389328],[-4.307429,50.388804],[-4.308036,50.38894],[-4.307773,50.388441],[-4.308436,50.388699],[-4.307931,50.388252],[-4.308646,50.387815],[-4.308156,50.387776],[-4.30686,50.389221],[-4.304888,50.387756],[-4.305352,50.387428],[-4.304665,50.387753],[-4.30337,50.387525],[-4.302206,50.388001],[-4.302329,50.387745],[-4.302386,50.387442],[-4.302076,50.387188],[-4.302167,50.387579],[-4.301834,50.387588],[-4.301553,50.38721],[-4.301581,50.387638],[-4.302278,50.387777],[-4.301237,50.388148],[-4.301876,50.388234],[-4.300922,50.388638],[-4.295611,50.387388],[-4.296461,50.386173],[-4.296154,50.384486],[-4.296947,50.383525],[-4.297603,50.383239],[-4.299163,50.383646],[-4.30072,50.383455],[-4.302513,50.381967],[-4.303939,50.38202],[-4.303766,50.381515],[-4.30312,50.381929],[-4.302364,50.381915],[-4.302776,50.381318],[-4.305025,50.380974],[-4.305127,50.378639],[-4.306131,50.376979],[-4.306154,50.37632],[-4.305845,50.376446],[-4.30695,50.37541],[-4.30708,50.374732],[-4.306857,50.375456],[-4.304969,50.376948],[-4.304283,50.378168],[-4.304433,50.380445],[-4.30219,50.381337],[-4.301445,50.382715],[-4.299311,50.383414],[-4.297332,50.382979],[-4.296554,50.382375],[-4.29629,50.382492],[-4.296568,50.383183],[-4.296675,50.382553],[-4.296796,50.383039],[-4.297192,50.382966],[-4.295847,50.384037],[-4.295752,50.386072],[-4.295159,50.386768],[-4.293918,50.385918],[-4.294067,50.385414],[-4.292922,50.385244],[-4.29139,50.384199],[-4.286928,50.38276],[-4.285012,50.381265],[-4.284182,50.379848],[-4.279821,50.377683],[-4.279296,50.376225],[-4.277507,50.374567],[-4.275797,50.373939],[-4.274511,50.37392],[-4.272669,50.374234],[-4.270816,50.375171],[-4.268158,50.375266],[-4.268735,50.373428],[-4.270564,50.3735],[-4.273015,50.372777],[-4.272903,50.372961],[-4.27347,50.372973],[-4.274169,50.37279],[-4.273311,50.372737],[-4.274098,50.372287],[-4.275336,50.372586],[-4.276491,50.372432],[-4.279175,50.371916],[-4.279284,50.371412],[-4.279502,50.371883],[-4.282404,50.371414],[-4.281636,50.371284],[-4.278128,50.371296],[-4.273696,50.371742],[-4.271971,50.372247],[-4.271914,50.372622],[-4.27068,50.372864],[-4.270038,50.372836],[-4.272215,50.371993],[-4.26985,50.372216],[-4.269354,50.372716],[-4.268348,50.372592],[-4.269149,50.372265],[-4.267516,50.372231],[-4.266391,50.37288],[-4.267056,50.373542],[-4.266229,50.374161],[-4.266171,50.374767],[-4.262864,50.376137],[-4.259969,50.376716],[-4.258119,50.376738],[-4.257325,50.376445],[-4.25828,50.375877],[-4.257596,50.375886],[-4.258172,50.375437],[-4.25907,50.375293],[-4.25978,50.375782],[-4.259513,50.374929],[-4.258591,50.374582],[-4.257866,50.374841],[-4.258007,50.374497],[-4.257681,50.37456],[-4.257148,50.374893],[-4.257696,50.37556],[-4.25726,50.375776],[-4.25738,50.376106],[-4.256959,50.37577],[-4.257046,50.376175],[-4.256526,50.376052],[-4.25695,50.375634],[-4.256265,50.375763],[-4.255905,50.375963],[-4.256259,50.376419],[-4.25556,50.376157],[-4.256,50.375737],[-4.256801,50.375464],[-4.25552,50.375779],[-4.255364,50.376316],[-4.253201,50.376199],[-4.251199,50.375801],[-4.25053,50.374696],[-4.249141,50.374505],[-4.249511,50.376345],[-4.249006,50.377009],[-4.249326,50.377317],[-4.245047,50.377232],[-4.244499,50.378073],[-4.243476,50.378246],[-4.243657,50.378872],[-4.239745,50.380106],[-4.238323,50.3813],[-4.23701,50.381484],[-4.23756,50.382023],[-4.237419,50.383179],[-4.2334,50.384138],[-4.23508,50.384684],[-4.23545,50.387448],[-4.233515,50.388699],[-4.232822,50.388738],[-4.231892,50.38992],[-4.230766,50.390432],[-4.230322,50.390482],[-4.228388,50.389435],[-4.226144,50.389347],[-4.223248,50.390353],[-4.221678,50.391415],[-4.219903,50.391124],[-4.218514,50.391989],[-4.215552,50.392407],[-4.214518,50.392258],[-4.213011,50.392718],[-4.211602,50.392633],[-4.210097,50.392216],[-4.209151,50.391137],[-4.206813,50.389938],[-4.205955,50.389076],[-4.205246,50.388943],[-4.204945,50.389205],[-4.204924,50.388935],[-4.202214,50.388383],[-4.201621,50.387691],[-4.202128,50.387108],[-4.204244,50.386939],[-4.20578,50.387364],[-4.207999,50.387288],[-4.209532,50.385895],[-4.209382,50.385566],[-4.205277,50.385111],[-4.203368,50.383873],[-4.198827,50.383227],[-4.197924,50.381894],[-4.199027,50.381267],[-4.202537,50.380754],[-4.202361,50.379038],[-4.196512,50.378322],[-4.197754,50.377523],[-4.197476,50.377053],[-4.194348,50.376341],[-4.193866,50.375741],[-4.193007,50.375851],[-4.192878,50.374614],[-4.19477,50.373636],[-4.194138,50.37307],[-4.194656,50.372827],[-4.194784,50.371857],[-4.197918,50.371063],[-4.199498,50.370215],[-4.201328,50.370263],[-4.204878,50.371607],[-4.2068,50.37197],[-4.206634,50.372262],[-4.207148,50.372488],[-4.207977,50.371907],[-4.208904,50.372654],[-4.210866,50.37306],[-4.211221,50.373442],[-4.211035,50.373067],[-4.208592,50.37235],[-4.208645,50.371468],[-4.207519,50.371054],[-4.206962,50.370368],[-4.207893,50.369915],[-4.211342,50.369784],[-4.214012,50.369283],[-4.218341,50.367576],[-4.218374,50.366931],[-4.219167,50.366813],[-4.220061,50.367316],[-4.219856,50.368317],[-4.220193,50.368599],[-4.224439,50.37062],[-4.224181,50.370222],[-4.222443,50.369529],[-4.22197,50.368867],[-4.222645,50.368708],[-4.222889,50.367875],[-4.227311,50.366253],[-4.228822,50.366318],[-4.229326,50.365659],[-4.230333,50.365428],[-4.232279,50.366001],[-4.234468,50.365352],[-4.236024,50.365493],[-4.236773,50.365894],[-4.237003,50.365186],[-4.235884,50.364431],[-4.237067,50.363594],[-4.237873,50.361938],[-4.239488,50.361705],[-4.237816,50.361676],[-4.237405,50.36221],[-4.236834,50.362191],[-4.236711,50.363328],[-4.236677,50.363082],[-4.236449,50.363245],[-4.23671,50.363514],[-4.235875,50.363943],[-4.231246,50.363764],[-4.226788,50.362977],[-4.222039,50.363385],[-4.220678,50.362733],[-4.217434,50.362209],[-4.218649,50.360743],[-4.221737,50.359957],[-4.224001,50.358753],[-4.218204,50.359701],[-4.215908,50.359015],[-4.215662,50.357391],[-4.214374,50.355348],[-4.214552,50.354943],[-4.213575,50.354787],[-4.213534,50.354192],[-4.212023,50.354824],[-4.212477,50.355935],[-4.212963,50.355261],[-4.212862,50.356084],[-4.212085,50.357235],[-4.212448,50.357939],[-4.212291,50.359047],[-4.212707,50.359179],[-4.208513,50.359544],[-4.207721,50.360703],[-4.208472,50.361494],[-4.2063,50.361721],[-4.202915,50.360811],[-4.202103,50.360041],[-4.198206,50.359806],[-4.19682,50.359414],[-4.196532,50.358601],[-4.19722,50.35765],[-4.197096,50.357203],[-4.198351,50.356741],[-4.197278,50.356297],[-4.19747,50.3555],[-4.196592,50.355188],[-4.19669,50.35429],[-4.196291,50.354018],[-4.196658,50.353698],[-4.197164,50.353842],[-4.197344,50.353243],[-4.198265,50.35325],[-4.198057,50.352859],[-4.199119,50.352432],[-4.20051,50.352727],[-4.201314,50.352567],[-4.202687,50.351458],[-4.203332,50.350395],[-4.203105,50.349371],[-4.203941,50.348812],[-4.205291,50.349002],[-4.205383,50.348711],[-4.206566,50.350545],[-4.208368,50.351033],[-4.209031,50.350487],[-4.209582,50.350827],[-4.210135,50.350465],[-4.209807,50.349429],[-4.206793,50.348376],[-4.207112,50.347939],[-4.208511,50.347399],[-4.208473,50.347061],[-4.207616,50.346907],[-4.206362,50.347129],[-4.20551,50.34799],[-4.205126,50.347305],[-4.204094,50.346884],[-4.201,50.348207],[-4.200211,50.348846],[-4.197722,50.349277],[-4.197068,50.349775],[-4.195341,50.349806],[-4.192749,50.350516],[-4.192249,50.35106],[-4.191161,50.351317],[-4.192943,50.35219],[-4.193555,50.352877],[-4.193356,50.353687],[-4.191139,50.354348],[-4.190038,50.355154],[-4.186948,50.355487],[-4.186915,50.355792],[-4.18739,50.355877],[-4.186518,50.356591],[-4.184263,50.356642],[-4.183032,50.357105],[-4.180551,50.360237],[-4.178252,50.360807],[-4.178549,50.360518],[-4.17806,50.360301],[-4.177982,50.360572],[-4.177639,50.360509],[-4.177796,50.360708],[-4.177151,50.360664],[-4.177123,50.361088],[-4.174389,50.360557],[-4.174488,50.359675],[-4.173989,50.359222],[-4.171708,50.3589],[-4.171426,50.358113],[-4.172573,50.356889],[-4.173036,50.355607],[-4.170039,50.353486],[-4.169584,50.353567],[-4.167923,50.352014],[-4.166976,50.351905],[-4.166653,50.351488],[-4.167267,50.350047],[-4.16639,50.348607],[-4.166696,50.346558],[-4.167371,50.345651],[-4.16914,50.344581],[-4.169169,50.344113],[-4.169327,50.343907],[-4.170296,50.343426],[-4.169229,50.34413],[-4.169603,50.344505],[-4.17117,50.343699],[-4.17128,50.343238],[-4.170413,50.343033],[-4.17378,50.343508],[-4.176762,50.343186],[-4.180433,50.342083],[-4.180817,50.341395],[-4.184828,50.341459],[-4.186302,50.341153],[-4.186593,50.340769],[-4.188077,50.340888],[-4.189786,50.340007],[-4.18969,50.339665],[-4.190547,50.339912],[-4.194134,50.337188],[-4.195839,50.336532],[-4.195932,50.33606],[-4.196457,50.336136],[-4.198945,50.334447],[-4.199957,50.334247],[-4.201271,50.332873],[-4.200583,50.332504],[-4.200343,50.331843],[-4.201288,50.331235],[-4.20101,50.329552],[-4.199824,50.329214],[-4.199397,50.328446],[-4.197418,50.32738],[-4.192337,50.325279],[-4.192414,50.325027],[-4.191964,50.324947],[-4.192311,50.325314],[-4.191888,50.325334],[-4.191799,50.324959],[-4.190068,50.324188],[-4.19115,50.324334],[-4.189311,50.323525],[-4.190186,50.323558],[-4.188853,50.32275],[-4.189694,50.322961],[-4.188813,50.322269],[-4.190197,50.322075],[-4.18869,50.321512],[-4.189289,50.32135],[-4.189133,50.321167],[-4.19012,50.321163],[-4.18882,50.320508],[-4.189623,50.320463],[-4.188875,50.320058],[-4.189726,50.3196],[-4.188382,50.319309],[-4.189461,50.318766],[-4.188873,50.318395],[-4.189329,50.318171],[-4.18853,50.31813],[-4.188883,50.317648],[-4.187917,50.317514],[-4.190388,50.317554],[-4.191835,50.318014],[-4.191228,50.317544],[-4.194218,50.318545],[-4.193589,50.318167],[-4.196834,50.318016],[-4.197526,50.318571],[-4.197328,50.317999],[-4.197876,50.31825],[-4.197861,50.317877],[-4.199959,50.318104],[-4.199951,50.317717],[-4.20122,50.317902],[-4.201149,50.318235],[-4.202168,50.318062],[-4.203934,50.318363],[-4.203602,50.318065],[-4.205277,50.318453],[-4.20451,50.318063],[-4.206269,50.317919],[-4.205888,50.318297],[-4.207731,50.318523],[-4.20842,50.318207],[-4.209673,50.318467],[-4.209019,50.31813],[-4.210725,50.31828],[-4.209814,50.317977],[-4.213531,50.317408],[-4.212805,50.317107],[-4.213597,50.31716],[-4.214192,50.31656],[-4.214625,50.316563],[-4.214287,50.316464],[-4.215718,50.316621],[-4.21455,50.316179],[-4.216355,50.315833],[-4.216502,50.315301],[-4.218899,50.31515],[-4.218422,50.31495],[-4.219007,50.314512],[-4.220869,50.314652],[-4.221126,50.313777],[-4.220327,50.313227],[-4.22086,50.313107],[-4.219858,50.312776],[-4.220621,50.312577],[-4.219967,50.312245],[-4.220954,50.312195],[-4.220954,50.311779],[-4.22185,50.311797],[-4.221522,50.311569],[-4.222139,50.31142],[-4.224207,50.311311],[-4.224299,50.311961],[-4.225155,50.312117],[-4.224842,50.312436],[-4.226571,50.312973],[-4.225803,50.312924],[-4.226108,50.313418],[-4.227039,50.313608],[-4.226465,50.313856],[-4.227102,50.314027],[-4.225659,50.31436],[-4.226141,50.314712],[-4.224666,50.314733],[-4.223677,50.315166],[-4.223242,50.316235],[-4.224237,50.316471],[-4.223186,50.316583],[-4.223486,50.317133],[-4.224393,50.316892],[-4.224118,50.317301],[-4.224926,50.317116],[-4.2248,50.317436],[-4.226396,50.318095],[-4.226066,50.318337],[-4.226672,50.318264],[-4.22634,50.318517],[-4.227479,50.319073],[-4.225346,50.320145],[-4.224566,50.3199],[-4.225142,50.320247],[-4.223059,50.321113],[-4.221881,50.321119],[-4.222381,50.321384],[-4.222083,50.321767],[-4.219652,50.322488],[-4.22029,50.322865],[-4.219946,50.322996],[-4.220485,50.323046],[-4.219924,50.32368],[-4.219522,50.323704],[-4.21956,50.324012],[-4.221327,50.32722],[-4.222374,50.327279],[-4.22185,50.327682],[-4.22315,50.328538],[-4.223264,50.329027],[-4.225888,50.330432],[-4.225921,50.330874],[-4.227528,50.332321],[-4.228223,50.332385],[-4.22917,50.333504],[-4.233014,50.335319],[-4.234118,50.33637],[-4.236131,50.3375],[-4.241521,50.339988],[-4.244689,50.342059],[-4.248176,50.342902],[-4.248653,50.343657],[-4.24969,50.343734],[-4.250583,50.344463],[-4.251727,50.344215],[-4.252089,50.34462],[-4.252501,50.344477],[-4.252481,50.345042],[-4.253083,50.345548],[-4.25453,50.345738],[-4.254997,50.346384],[-4.256391,50.346917],[-4.258871,50.34719],[-4.260287,50.346759],[-4.259696,50.347478],[-4.260556,50.348379],[-4.261718,50.348239],[-4.262231,50.348678],[-4.263404,50.348389],[-4.263166,50.34889],[-4.263994,50.349226],[-4.264177,50.349793],[-4.266551,50.349986],[-4.267077,50.350763],[-4.268063,50.350772],[-4.269612,50.352001],[-4.278611,50.355335],[-4.283294,50.356588],[-4.288657,50.357506],[-4.28879,50.357765],[-4.289809,50.357651],[-4.291857,50.358757],[-4.293735,50.359139],[-4.296476,50.358744],[-4.29698,50.359695],[-4.298375,50.359519],[-4.299025,50.359879],[-4.300354,50.359497],[-4.301372,50.360173],[-4.303884,50.360659],[-4.305796,50.360388],[-4.308151,50.361397],[-4.313531,50.361187],[-4.314706,50.360891],[-4.31503,50.361032],[-4.314574,50.361168],[-4.316345,50.361966],[-4.317582,50.361932],[-4.31997,50.361104],[-4.320912,50.361575],[-4.322565,50.361673],[-4.323509,50.361256],[-4.3244,50.361833],[-4.326377,50.361985],[-4.327305,50.361418],[-4.327229,50.361679],[-4.327934,50.361885],[-4.329839,50.361817],[-4.332141,50.362317],[-4.332949,50.362055],[-4.333529,50.361339],[-4.336075,50.360328],[-4.336777,50.359636],[-4.338254,50.359489],[-4.344388,50.360735],[-4.355012,50.361566],[-4.357918,50.361423],[-4.35857,50.360944],[-4.358389,50.360711],[-4.361753,50.360178],[-4.368058,50.360285],[-4.379384,50.362379],[-4.386358,50.364324],[-4.388672,50.364313],[-4.39292,50.363227],[-4.410224,50.364147],[-4.418167,50.362134],[-4.422247,50.361763],[-4.427464,50.361826],[-4.434056,50.360837],[-4.434436,50.360545],[-4.435412,50.361072],[-4.436197,50.360992],[-4.437108,50.360591],[-4.437699,50.359759],[-4.439749,50.359377],[-4.441323,50.35872],[-4.44183,50.358023],[-4.442411,50.358065],[-4.442444,50.357679],[-4.442968,50.357784],[-4.446304,50.354926],[-4.448354,50.3542],[-4.449201,50.352993],[-4.450803,50.352813],[-4.452185,50.351505],[-4.451176,50.350947],[-4.453092,50.351644],[-4.454572,50.35273],[-4.455688,50.358368],[-4.456804,50.360068],[-4.45638,50.362082],[-4.457409,50.364614],[-4.457215,50.366478],[-4.459205,50.369704],[-4.460234,50.37221],[-4.461349,50.373465],[-4.462504,50.374077],[-4.461546,50.373742],[-4.462671,50.374411],[-4.464418,50.374851],[-4.464831,50.375368],[-4.464603,50.377664],[-4.464034,50.378755],[-4.464316,50.379264],[-4.465578,50.380174],[-4.46585,50.380944],[-4.464528,50.381285],[-4.465844,50.381007],[-4.465907,50.380843],[-4.465626,50.380067],[-4.465994,50.380947],[-4.465942,50.381058],[-4.464661,50.381338],[-4.463877,50.381798],[-4.463276,50.382868],[-4.464027,50.381767],[-4.466103,50.381024],[-4.465716,50.379871],[-4.464861,50.379219],[-4.465281,50.378941],[-4.464772,50.379127],[-4.464744,50.378601],[-4.465218,50.377234],[-4.465833,50.377384],[-4.465296,50.377136],[-4.4661,50.376742],[-4.465793,50.375914],[-4.466696,50.375868],[-4.466795,50.375628],[-4.465492,50.374159],[-4.462264,50.372829],[-4.460119,50.368128],[-4.460571,50.367377],[-4.459073,50.366289],[-4.459319,50.365237],[-4.458263,50.362399],[-4.459487,50.3605],[-4.459358,50.359152],[-4.462068,50.35875],[-4.464256,50.358955],[-4.467204,50.360778],[-4.467751,50.362842],[-4.469177,50.363624],[-4.479565,50.362901],[-4.481794,50.36473],[-4.48339,50.364971],[-4.483528,50.364576],[-4.484466,50.36445],[-4.485711,50.365477],[-4.484855,50.367648],[-4.485075,50.367778],[-4.48569,50.367553],[-4.485152,50.368237],[-4.486173,50.368581],[-4.486445,50.369028],[-4.487713,50.369038],[-4.486522,50.368931],[-4.486194,50.368498],[-4.485247,50.368217],[-4.485853,50.367695],[-4.485793,50.367489],[-4.484986,50.367491],[-4.485908,50.36549],[-4.484188,50.364208],[-4.482092,50.364522],[-4.480686,50.362956],[-4.479205,50.36238],[-4.46932,50.362621],[-4.468973,50.362083],[-4.469171,50.361281],[-4.468336,50.360011],[-4.465044,50.358125],[-4.463898,50.357808],[-4.459256,50.358718],[-4.457158,50.358152],[-4.456606,50.357619],[-4.456802,50.356774],[-4.455871,50.353059],[-4.453936,50.351247],[-4.451204,50.350453],[-4.451089,50.349717],[-4.450588,50.349449],[-4.450834,50.347657],[-4.452457,50.344866],[-4.457672,50.343902],[-4.458498,50.343294],[-4.458224,50.343095],[-4.458578,50.342385],[-4.460136,50.341341],[-4.46298,50.34158],[-4.463152,50.341315],[-4.46599,50.340818],[-4.466716,50.339852],[-4.467225,50.340344],[-4.468004,50.340289],[-4.468313,50.339977],[-4.470822,50.339399],[-4.470871,50.339063],[-4.4731,50.338548],[-4.473108,50.338006],[-4.473418,50.338072],[-4.47296,50.337512],[-4.473359,50.337474],[-4.472832,50.336969],[-4.473167,50.336963],[-4.471884,50.336108],[-4.47218,50.33588],[-4.471886,50.33558],[-4.47111,50.335583],[-4.471963,50.335168],[-4.471654,50.334915],[-4.471915,50.334674],[-4.471262,50.334689],[-4.472028,50.334146],[-4.471496,50.334081],[-4.472446,50.334091],[-4.472671,50.333674],[-4.472325,50.333422],[-4.473048,50.333085],[-4.47448,50.332921],[-4.47551,50.333312],[-4.475322,50.333117],[-4.476579,50.333047],[-4.476403,50.333407],[-4.477812,50.333404],[-4.478406,50.333861],[-4.479238,50.333458],[-4.479459,50.333648],[-4.479123,50.333834],[-4.480264,50.33385],[-4.481807,50.334473],[-4.482321,50.334193],[-4.483441,50.334452],[-4.482999,50.334431],[-4.483633,50.334604],[-4.483634,50.334888],[-4.484622,50.334958],[-4.485526,50.335705],[-4.487861,50.335315],[-4.488086,50.335543],[-4.48865,50.335215],[-4.491571,50.335379],[-4.491764,50.335747],[-4.492567,50.335752],[-4.492216,50.335806],[-4.492531,50.335903],[-4.492187,50.335984],[-4.492357,50.336607],[-4.493597,50.337141],[-4.496639,50.336807],[-4.496955,50.337286],[-4.497525,50.33739],[-4.498225,50.337142],[-4.498101,50.336748],[-4.499349,50.33556],[-4.499024,50.335387],[-4.499674,50.335222],[-4.499323,50.334643],[-4.499968,50.3347],[-4.499285,50.333463],[-4.498879,50.333458],[-4.499561,50.332874],[-4.499173,50.33263],[-4.499697,50.332299],[-4.500363,50.332386],[-4.499749,50.332129],[-4.50117,50.331644],[-4.501836,50.330626],[-4.502852,50.330832],[-4.502507,50.330556],[-4.503878,50.330573],[-4.503038,50.330605],[-4.503818,50.330935],[-4.504793,50.330671],[-4.505861,50.33082],[-4.506814,50.33041],[-4.507528,50.33083],[-4.507369,50.331236],[-4.50804,50.331052],[-4.50818,50.330569],[-4.510321,50.330529],[-4.511867,50.330001],[-4.512545,50.330316],[-4.51223,50.330018],[-4.512792,50.329868],[-4.512738,50.330161],[-4.513302,50.330075],[-4.513024,50.33031],[-4.513779,50.330348],[-4.51329,50.330503],[-4.514015,50.330461],[-4.513827,50.330825],[-4.515764,50.331125],[-4.516737,50.3316],[-4.51836,50.331437],[-4.517102,50.331229],[-4.516811,50.330915],[-4.516025,50.331161],[-4.516746,50.33069],[-4.516115,50.330216],[-4.514851,50.330031],[-4.514916,50.329789],[-4.516704,50.329896],[-4.516451,50.329711],[-4.516889,50.329315],[-4.519235,50.328652],[-4.518996,50.328305],[-4.520372,50.327996],[-4.521096,50.328271],[-4.521085,50.327965],[-4.52273,50.327603],[-4.522518,50.327321],[-4.523587,50.327302],[-4.523506,50.327602],[-4.524715,50.327442],[-4.524748,50.327873],[-4.525627,50.327709],[-4.525484,50.327257],[-4.527341,50.326775],[-4.527132,50.326425],[-4.527644,50.326065],[-4.528734,50.325966],[-4.529024,50.325631],[-4.529856,50.325428],[-4.529804,50.325633],[-4.531765,50.324899],[-4.532036,50.324858],[-4.532051,50.3252],[-4.53383,50.325017],[-4.534161,50.324668],[-4.535491,50.324814],[-4.53546,50.324444],[-4.536221,50.324494],[-4.536473,50.324211],[-4.536894,50.324443],[-4.536796,50.32421],[-4.538958,50.323722],[-4.53874,50.324288],[-4.540009,50.324123],[-4.539575,50.324567],[-4.543095,50.324121],[-4.543949,50.324461],[-4.544158,50.324967],[-4.546917,50.324745],[-4.546538,50.324301],[-4.547513,50.32447],[-4.54731,50.324176],[-4.547613,50.324059],[-4.551459,50.324313],[-4.55123,50.324969],[-4.552256,50.324909],[-4.551508,50.325653],[-4.55351,50.325602],[-4.553708,50.325775],[-4.553392,50.325847],[-4.553884,50.325984],[-4.555141,50.325533],[-4.555672,50.326115],[-4.55699,50.326052],[-4.556352,50.32623],[-4.557913,50.326427],[-4.558853,50.327752],[-4.560086,50.327824],[-4.560174,50.327503],[-4.560912,50.327356],[-4.561043,50.327825],[-4.562065,50.328149],[-4.563671,50.327926],[-4.567714,50.328584],[-4.567597,50.328895],[-4.568034,50.32867],[-4.569265,50.328965],[-4.57009,50.329253],[-4.569989,50.329551],[-4.571638,50.329821],[-4.571898,50.330356],[-4.572932,50.330084],[-4.572722,50.330649],[-4.574123,50.330375],[-4.573528,50.330974],[-4.574464,50.330565],[-4.576,50.331059],[-4.575509,50.331344],[-4.575969,50.331876],[-4.577321,50.331424],[-4.578325,50.33163],[-4.577754,50.332146],[-4.578492,50.33257],[-4.580046,50.332169],[-4.580422,50.331793],[-4.581261,50.331798],[-4.581116,50.331612],[-4.582349,50.331571],[-4.581689,50.331368],[-4.582655,50.331029],[-4.583398,50.331224],[-4.583188,50.332022],[-4.583723,50.331872],[-4.584131,50.332271],[-4.586252,50.331848],[-4.587495,50.332117],[-4.588965,50.330589],[-4.590615,50.33049],[-4.590369,50.330036],[-4.59099,50.329479],[-4.592268,50.329346],[-4.591796,50.329139],[-4.592293,50.328971],[-4.591971,50.328786],[-4.592433,50.328336],[-4.593093,50.328341],[-4.593905,50.327874],[-4.595056,50.327973],[-4.594563,50.327464],[-4.595799,50.327238],[-4.595534,50.32702],[-4.596258,50.326829],[-4.596232,50.326591],[-4.597164,50.326687],[-4.597185,50.325397],[-4.596662,50.325338],[-4.597089,50.324668],[-4.596811,50.324653],[-4.598415,50.323887],[-4.59853,50.324144],[-4.600103,50.324142],[-4.600615,50.323852],[-4.601895,50.32435],[-4.601766,50.324765],[-4.602309,50.324515],[-4.602455,50.325855],[-4.60131,50.326521],[-4.601317,50.326983],[-4.603449,50.327913],[-4.603047,50.328311],[-4.603471,50.328678],[-4.606292,50.328672],[-4.606652,50.328961],[-4.606865,50.328542],[-4.608298,50.328848],[-4.608925,50.328331],[-4.609454,50.32873],[-4.610489,50.328292],[-4.610372,50.328037],[-4.610815,50.328309],[-4.611916,50.327932],[-4.612211,50.328219],[-4.612681,50.327633],[-4.613495,50.327523],[-4.61332,50.327097],[-4.614251,50.326366],[-4.61434,50.325892],[-4.615054,50.325918],[-4.614752,50.325705],[-4.615016,50.325005],[-4.617205,50.324309],[-4.618587,50.324219],[-4.618574,50.323869],[-4.620419,50.324105],[-4.62041,50.324464],[-4.620833,50.324184],[-4.623791,50.32464],[-4.624521,50.324053],[-4.628409,50.3243],[-4.62917,50.324808],[-4.630815,50.324243],[-4.633085,50.324337],[-4.633002,50.324615],[-4.633708,50.324588],[-4.633987,50.325048],[-4.633638,50.325645],[-4.634564,50.325083],[-4.634977,50.325338],[-4.635187,50.324791],[-4.635827,50.325137],[-4.635378,50.325492],[-4.636018,50.325557],[-4.636473,50.326094],[-4.637637,50.325927],[-4.638647,50.326203],[-4.638987,50.326735],[-4.638253,50.327041],[-4.639301,50.327073],[-4.639752,50.328265],[-4.638923,50.328459],[-4.639152,50.328903],[-4.638349,50.328993],[-4.638524,50.329848],[-4.637665,50.329836],[-4.635969,50.329032],[-4.63505,50.329113],[-4.634782,50.329606],[-4.634286,50.329093],[-4.632485,50.330459],[-4.631985,50.330349],[-4.629909,50.332462],[-4.628292,50.332432],[-4.627578,50.33282],[-4.625024,50.33322],[-4.623187,50.333132],[-4.623409,50.333594],[-4.62248,50.334296],[-4.61731,50.334129],[-4.616068,50.334656],[-4.615167,50.335787],[-4.61398,50.336069],[-4.611991,50.337159],[-4.610327,50.337347],[-4.610208,50.337082],[-4.609128,50.33757],[-4.608803,50.338085],[-4.609117,50.33859],[-4.609231,50.338122],[-4.610358,50.337396],[-4.611489,50.337743],[-4.61343,50.337479],[-4.617152,50.335438],[-4.622536,50.335782],[-4.625906,50.334435],[-4.629659,50.334578],[-4.629668,50.338251],[-4.630431,50.339556],[-4.630151,50.339802],[-4.631151,50.340356],[-4.631425,50.341361],[-4.628769,50.343479],[-4.629107,50.343918],[-4.628901,50.344972],[-4.629866,50.345814],[-4.62915,50.345862],[-4.628268,50.346599],[-4.627187,50.346421],[-4.627805,50.346818],[-4.627391,50.347932],[-4.627966,50.348105],[-4.628419,50.347599],[-4.63084,50.346566],[-4.632282,50.346934],[-4.635232,50.346921],[-4.636,50.347254],[-4.634686,50.348981],[-4.634461,50.349998],[-4.636521,50.355958],[-4.635777,50.358302],[-4.634073,50.358362],[-4.62792,50.357224],[-4.625482,50.357609],[-4.624659,50.35706],[-4.624496,50.357758],[-4.622379,50.358905],[-4.620466,50.358694],[-4.617538,50.357608],[-4.614632,50.357391],[-4.609065,50.358645],[-4.606963,50.359887],[-4.606436,50.361024],[-4.60722,50.360123],[-4.608101,50.359954],[-4.608605,50.359415],[-4.610931,50.358974],[-4.613121,50.358073],[-4.616836,50.3581],[-4.620406,50.359437],[-4.62246,50.359865],[-4.624072,50.361176],[-4.623803,50.359721],[-4.627846,50.358218],[-4.630984,50.358718],[-4.635982,50.360102],[-4.635868,50.361472],[-4.633974,50.363587],[-4.633526,50.365503],[-4.63377,50.367341],[-4.634359,50.368305],[-4.633479,50.368745],[-4.634788,50.369273],[-4.635407,50.370323],[-4.633611,50.374409],[-4.633946,50.376878],[-4.633204,50.376962],[-4.634168,50.378299],[-4.633508,50.379355],[-4.631507,50.380545],[-4.625894,50.380479],[-4.625293,50.381095],[-4.622441,50.381726],[-4.620707,50.382521],[-4.61981,50.382025],[-4.620337,50.382615],[-4.618568,50.383113],[-4.617867,50.383904],[-4.615758,50.385033],[-4.616274,50.384952],[-4.615867,50.385613],[-4.616628,50.384814],[-4.618337,50.383935],[-4.62142,50.38308],[-4.622364,50.382541],[-4.623507,50.382488],[-4.625882,50.381252],[-4.627688,50.380872],[-4.630247,50.380956],[-4.63067,50.382083],[-4.630978,50.380972],[-4.633488,50.380692],[-4.634772,50.379625],[-4.635905,50.379869],[-4.635175,50.379199],[-4.636246,50.376295],[-4.636122,50.373978],[-4.636457,50.373392],[-4.637941,50.373082],[-4.647316,50.380386],[-4.650879,50.381916],[-4.653376,50.382365],[-4.653261,50.382873],[-4.653965,50.383806],[-4.656166,50.385039],[-4.659298,50.387932],[-4.659175,50.388391],[-4.658253,50.388661],[-4.660208,50.38843],[-4.66081,50.388797],[-4.661954,50.391112],[-4.661694,50.393137],[-4.662339,50.396663],[-4.663596,50.396824],[-4.663962,50.397186],[-4.663199,50.397806],[-4.663464,50.398263],[-4.665182,50.398422],[-4.664703,50.399124],[-4.665549,50.399467],[-4.665251,50.399704],[-4.665919,50.399407],[-4.666788,50.399667],[-4.668663,50.401109],[-4.667878,50.401882],[-4.668471,50.402883],[-4.667964,50.404174],[-4.668909,50.405312],[-4.666268,50.407458],[-4.667376,50.410018],[-4.667689,50.41004],[-4.666629,50.407838],[-4.669145,50.405369],[-4.668223,50.404061],[-4.668827,50.403087],[-4.668183,50.401946],[-4.668961,50.401237],[-4.667527,50.399765],[-4.666497,50.399286],[-4.665092,50.399127],[-4.665558,50.398621],[-4.665328,50.398205],[-4.663523,50.398017],[-4.664405,50.397132],[-4.662564,50.39614],[-4.662276,50.39252],[-4.662906,50.391954],[-4.663064,50.392275],[-4.662853,50.392328],[-4.662821,50.392394],[-4.662914,50.393482],[-4.662899,50.392334],[-4.663205,50.392332],[-4.663866,50.393352],[-4.663874,50.394988],[-4.664905,50.395377],[-4.664048,50.3949],[-4.664023,50.393427],[-4.66441,50.393858],[-4.662893,50.391149],[-4.663237,50.390921],[-4.664723,50.391152],[-4.666478,50.390441],[-4.665429,50.390574],[-4.664801,50.391063],[-4.662847,50.390851],[-4.662771,50.38992],[-4.660497,50.386619],[-4.657546,50.384235],[-4.656359,50.38091],[-4.65561,50.379945],[-4.653842,50.378688],[-4.650138,50.37753],[-4.649698,50.377065],[-4.652765,50.375884],[-4.654504,50.37386],[-4.652419,50.37531],[-4.648974,50.376342],[-4.64964,50.377035],[-4.647936,50.376372],[-4.643624,50.372794],[-4.639553,50.371383],[-4.638927,50.370324],[-4.639041,50.366668],[-4.639943,50.364014],[-4.639696,50.362215],[-4.6401,50.36376],[-4.639584,50.365765],[-4.64037,50.365144],[-4.64102,50.363126],[-4.639902,50.36178],[-4.639611,50.362068],[-4.638747,50.360167],[-4.639411,50.35661],[-4.639007,50.354136],[-4.639511,50.354791],[-4.641798,50.354581],[-4.640616,50.354085],[-4.639207,50.353838],[-4.639032,50.354052],[-4.637641,50.352414],[-4.637307,50.351478],[-4.637574,50.351785],[-4.637627,50.351591],[-4.637087,50.351173],[-4.637933,50.347682],[-4.637627,50.346672],[-4.635786,50.345668],[-4.633117,50.345401],[-4.631148,50.344633],[-4.631231,50.344067],[-4.632974,50.342084],[-4.633223,50.340629],[-4.633598,50.340479],[-4.633638,50.339926],[-4.632591,50.339668],[-4.63197,50.338814],[-4.633375,50.336334],[-4.634274,50.335508],[-4.63417,50.334929],[-4.637387,50.333704],[-4.63786,50.333132],[-4.637468,50.333109],[-4.640396,50.332236],[-4.64029,50.331862],[-4.641228,50.331769],[-4.643017,50.329929],[-4.644161,50.329464],[-4.645577,50.329681],[-4.645712,50.329164],[-4.643927,50.328039],[-4.644912,50.328167],[-4.645447,50.327422],[-4.646622,50.327878],[-4.646608,50.326968],[-4.64707,50.326763],[-4.647799,50.32722],[-4.64886,50.32725],[-4.649561,50.326981],[-4.649338,50.326598],[-4.65065,50.326917],[-4.651045,50.326552],[-4.65172,50.326931],[-4.652118,50.326802],[-4.652426,50.326503],[-4.652127,50.326027],[-4.653138,50.325472],[-4.652088,50.32493],[-4.65252,50.32494],[-4.6526,50.324482],[-4.653317,50.324218],[-4.653126,50.32369],[-4.653558,50.323831],[-4.65344,50.323577],[-4.654219,50.323556],[-4.654487,50.323177],[-4.654824,50.323376],[-4.654866,50.323059],[-4.656585,50.322969],[-4.656316,50.323348],[-4.659051,50.3232],[-4.659651,50.322956],[-4.659538,50.322591],[-4.661467,50.322413],[-4.661949,50.321995],[-4.662003,50.322319],[-4.66251,50.322291],[-4.662492,50.322005],[-4.662728,50.322248],[-4.663445,50.322125],[-4.66391,50.321655],[-4.664615,50.321892],[-4.664357,50.322331],[-4.665254,50.323611],[-4.665996,50.323636],[-4.666442,50.323122],[-4.667615,50.323079],[-4.667987,50.322511],[-4.667553,50.322175],[-4.668232,50.321639],[-4.668154,50.321274],[-4.667548,50.321256],[-4.667126,50.320727],[-4.668634,50.321198],[-4.66948,50.319976],[-4.669202,50.318575],[-4.668726,50.31868],[-4.668983,50.318473],[-4.668632,50.318404],[-4.669257,50.317843],[-4.668891,50.317189],[-4.669797,50.317389],[-4.668873,50.316564],[-4.669325,50.316386],[-4.668821,50.316348],[-4.670391,50.316108],[-4.66946,50.315987],[-4.670244,50.315804],[-4.6699,50.315291],[-4.670338,50.315003],[-4.671201,50.315207],[-4.671422,50.314805],[-4.670912,50.314349],[-4.671244,50.314121],[-4.672307,50.31423],[-4.672692,50.313886],[-4.673678,50.314483],[-4.675553,50.31462],[-4.675163,50.314763],[-4.675761,50.315248],[-4.675367,50.315632],[-4.676647,50.317922],[-4.679007,50.318537],[-4.681136,50.31828],[-4.681596,50.318563],[-4.681109,50.318912],[-4.681283,50.319514],[-4.681761,50.319776],[-4.683058,50.31964],[-4.683388,50.320061],[-4.684256,50.319861],[-4.684825,50.320123],[-4.684519,50.320485],[-4.684056,50.320323],[-4.684515,50.320598],[-4.682722,50.32152],[-4.683185,50.321579],[-4.682905,50.321938],[-4.683167,50.32205],[-4.682276,50.32225],[-4.682627,50.322448],[-4.682079,50.322605],[-4.682421,50.322982],[-4.681717,50.323352],[-4.682599,50.323935],[-4.681977,50.324929],[-4.682473,50.325137],[-4.682147,50.325479],[-4.682953,50.325758],[-4.682195,50.325832],[-4.682749,50.326387],[-4.682198,50.326599],[-4.682589,50.326985],[-4.681746,50.327709],[-4.682428,50.32809],[-4.682162,50.330201],[-4.682918,50.330886],[-4.682351,50.33171],[-4.682557,50.332087],[-4.682147,50.332264],[-4.682634,50.333126],[-4.68232,50.333439],[-4.682835,50.333851],[-4.682326,50.333946],[-4.682161,50.3346],[-4.682665,50.33528],[-4.682226,50.335617],[-4.683112,50.335998],[-4.681979,50.33673],[-4.682342,50.337302],[-4.681903,50.336919],[-4.68146,50.337762],[-4.681976,50.338332],[-4.683443,50.338893],[-4.685116,50.339409],[-4.685828,50.339236],[-4.685613,50.340417],[-4.686263,50.340976],[-4.688184,50.341374],[-4.688713,50.341058],[-4.689583,50.342194],[-4.688912,50.342752],[-4.689376,50.342713],[-4.688943,50.343638],[-4.689731,50.343774],[-4.69029,50.344799],[-4.689646,50.346584],[-4.689431,50.348042],[-4.689806,50.346454],[-4.695375,50.347691],[-4.697757,50.347834],[-4.702508,50.346914],[-4.703857,50.3491],[-4.704027,50.348683],[-4.705542,50.348671],[-4.703936,50.348486],[-4.702417,50.346395],[-4.700288,50.344505],[-4.701106,50.34373],[-4.705738,50.345473],[-4.705905,50.345241],[-4.704297,50.344601],[-4.704395,50.34432],[-4.705631,50.344467],[-4.705724,50.344223],[-4.704501,50.344047],[-4.704605,50.343748],[-4.706881,50.343824],[-4.705632,50.34357],[-4.705695,50.343245],[-4.704652,50.342714],[-4.704461,50.342259],[-4.702328,50.343143],[-4.700905,50.343363],[-4.705002,50.341751],[-4.705186,50.341102],[-4.706211,50.340466],[-4.706014,50.340234],[-4.708858,50.34044],[-4.709964,50.340183],[-4.709868,50.339668],[-4.710183,50.340007],[-4.711269,50.339494],[-4.713172,50.339462],[-4.71339,50.339076],[-4.717573,50.338261],[-4.717676,50.337828],[-4.718573,50.338321],[-4.733414,50.336232],[-4.735769,50.335709],[-4.737254,50.334931],[-4.737701,50.335441],[-4.738916,50.335007],[-4.739755,50.335317],[-4.743232,50.333814],[-4.743029,50.33338],[-4.744658,50.332325],[-4.745463,50.332171],[-4.745547,50.331695],[-4.747569,50.331819],[-4.748141,50.33231],[-4.748926,50.332311],[-4.749735,50.331937],[-4.749474,50.331545],[-4.750427,50.331536],[-4.752496,50.332212],[-4.755882,50.330869],[-4.756848,50.33107],[-4.756745,50.330693],[-4.755789,50.330458],[-4.756873,50.330528],[-4.75686,50.329116],[-4.757761,50.329042],[-4.75777,50.328766],[-4.759794,50.3287],[-4.763069,50.326539],[-4.763263,50.326112],[-4.762012,50.324261],[-4.762464,50.324345],[-4.76263,50.323963],[-4.763105,50.324259],[-4.764957,50.324288],[-4.766142,50.323351],[-4.766809,50.322207],[-4.766061,50.3218],[-4.766916,50.320829],[-4.766162,50.319581],[-4.766581,50.319176],[-4.76558,50.318494],[-4.765853,50.318125],[-4.76567,50.316774],[-4.765229,50.316855],[-4.765277,50.316091],[-4.763605,50.315583],[-4.764254,50.315435],[-4.763727,50.315311],[-4.764375,50.315152],[-4.764725,50.31462],[-4.764296,50.313738],[-4.76492,50.313567],[-4.7651,50.312942],[-4.763246,50.311671],[-4.763712,50.311132],[-4.76343,50.310218],[-4.761083,50.308319],[-4.758066,50.307261],[-4.755461,50.30725],[-4.754974,50.306304],[-4.754019,50.305949],[-4.754379,50.305436],[-4.754002,50.304876],[-4.754588,50.304805],[-4.754405,50.304088],[-4.755211,50.303624],[-4.755675,50.301595],[-4.754997,50.301411],[-4.755389,50.30117],[-4.755133,50.300919],[-4.754563,50.301132],[-4.754971,50.300779],[-4.752684,50.299248],[-4.752538,50.298738],[-4.753263,50.298061],[-4.753643,50.298232],[-4.754021,50.297896],[-4.755705,50.298905],[-4.756134,50.299518],[-4.755523,50.299936],[-4.756465,50.300307],[-4.757332,50.299991],[-4.75738,50.299699],[-4.758156,50.299675],[-4.758609,50.298737],[-4.759372,50.29846],[-4.761931,50.299538],[-4.761843,50.300436],[-4.762821,50.300711],[-4.765652,50.299822],[-4.766001,50.299182],[-4.767063,50.299192],[-4.767643,50.298596],[-4.766775,50.297729],[-4.767674,50.296897],[-4.768189,50.297054],[-4.770438,50.296325],[-4.77101,50.295528],[-4.771894,50.29565],[-4.772708,50.295269],[-4.772491,50.294577],[-4.773715,50.294399],[-4.773819,50.293804],[-4.77421,50.293755],[-4.773369,50.29315],[-4.77342,50.292679],[-4.774141,50.292238],[-4.777308,50.29103],[-4.777996,50.291214],[-4.778262,50.29109],[-4.777948,50.290848],[-4.778677,50.290917],[-4.778792,50.290481],[-4.778284,50.290352],[-4.779902,50.290532],[-4.780717,50.290011],[-4.781243,50.290134],[-4.780659,50.289149],[-4.782413,50.287695],[-4.784364,50.284617],[-4.783472,50.283912],[-4.783817,50.283211],[-4.782576,50.283051],[-4.782849,50.282677],[-4.782105,50.282646],[-4.783048,50.282163],[-4.783253,50.281658],[-4.782778,50.281248],[-4.781128,50.280978],[-4.781079,50.28048],[-4.780412,50.280476],[-4.780374,50.280176],[-4.777785,50.279067],[-4.780773,50.278372],[-4.78064,50.277584],[-4.779887,50.277663],[-4.781356,50.27714],[-4.782163,50.276476],[-4.781802,50.276385],[-4.782101,50.27595],[-4.783287,50.275724],[-4.783937,50.275088],[-4.784268,50.274171],[-4.783913,50.273802],[-4.784631,50.273437],[-4.783897,50.272919],[-4.784281,50.272691],[-4.783809,50.272638],[-4.784071,50.272406],[-4.783331,50.272318],[-4.783799,50.271924],[-4.782796,50.272056],[-4.783144,50.271959],[-4.782907,50.271763],[-4.784073,50.271559],[-4.783569,50.271219],[-4.784168,50.270845],[-4.782709,50.270944],[-4.783955,50.270173],[-4.78385,50.269924],[-4.782808,50.269773],[-4.782563,50.269441],[-4.784353,50.269911],[-4.785681,50.269444],[-4.784479,50.269941],[-4.784747,50.270239],[-4.786782,50.27019],[-4.786818,50.269874],[-4.786425,50.269811],[-4.787018,50.2695],[-4.786746,50.269091],[-4.786249,50.269324],[-4.786673,50.268978],[-4.784682,50.268515],[-4.782959,50.268441],[-4.781851,50.269163],[-4.783204,50.268202],[-4.782564,50.268025],[-4.782932,50.267735],[-4.782233,50.267831],[-4.782772,50.267334],[-4.782253,50.267448],[-4.782635,50.267196],[-4.782037,50.266801],[-4.782895,50.266264],[-4.782345,50.266242],[-4.784225,50.265703],[-4.784428,50.265381],[-4.784363,50.264805],[-4.783965,50.264823],[-4.78413,50.263657],[-4.783589,50.263563],[-4.783886,50.263364],[-4.783446,50.263108],[-4.785522,50.262609],[-4.785944,50.262161],[-4.785684,50.261757],[-4.784871,50.26134],[-4.782803,50.26149],[-4.782139,50.260756],[-4.780901,50.260484],[-4.780901,50.259964],[-4.778784,50.259299],[-4.778824,50.259075],[-4.778244,50.259142],[-4.778501,50.258916],[-4.774698,50.25849],[-4.774763,50.258222],[-4.774012,50.257873],[-4.771289,50.258159],[-4.770441,50.257892],[-4.771252,50.257518],[-4.770157,50.257448],[-4.770629,50.257184],[-4.770361,50.257011],[-4.768359,50.257048],[-4.76844,50.256839],[-4.766987,50.25664],[-4.768645,50.256095],[-4.769701,50.256261],[-4.770812,50.255896],[-4.770797,50.25499],[-4.769723,50.254969],[-4.769555,50.254668],[-4.768881,50.254651],[-4.769254,50.254561],[-4.768816,50.254454],[-4.769063,50.254313],[-4.768014,50.254219],[-4.76846,50.253586],[-4.769281,50.253304],[-4.768627,50.252775],[-4.769438,50.252358],[-4.770554,50.252406],[-4.770041,50.251981],[-4.771861,50.251745],[-4.771574,50.251563],[-4.771956,50.251048],[-4.772994,50.250943],[-4.772553,50.250926],[-4.772946,50.2507],[-4.774992,50.251005],[-4.777637,50.250532],[-4.778119,50.249937],[-4.780822,50.248925],[-4.785546,50.245571],[-4.785745,50.244938],[-4.785127,50.244369],[-4.785799,50.244057],[-4.785405,50.243802],[-4.786479,50.243396],[-4.786443,50.242887],[-4.788119,50.242153],[-4.787964,50.24168],[-4.787373,50.24158],[-4.788277,50.241416],[-4.788162,50.241063],[-4.787002,50.240316],[-4.786193,50.240687],[-4.786475,50.240442],[-4.786217,50.240038],[-4.784906,50.239786],[-4.784949,50.239392],[-4.784308,50.239208],[-4.784826,50.238984],[-4.78419,50.238406],[-4.783505,50.238491],[-4.783635,50.238227],[-4.783386,50.23836],[-4.782923,50.237884],[-4.781189,50.237856],[-4.780922,50.23741],[-4.783256,50.236656],[-4.782964,50.236518],[-4.783398,50.236285],[-4.783586,50.235335],[-4.783243,50.235331],[-4.784289,50.234836],[-4.783763,50.234947],[-4.784074,50.234675],[-4.78683,50.235064],[-4.792568,50.233566],[-4.794931,50.232587],[-4.798263,50.2302],[-4.799085,50.226659],[-4.79852,50.225844],[-4.797839,50.225797],[-4.798161,50.224984],[-4.797631,50.224142],[-4.798104,50.223961],[-4.797571,50.223498],[-4.79773,50.223135],[-4.797258,50.223079],[-4.797794,50.222802],[-4.797066,50.22187],[-4.798503,50.219515],[-4.799303,50.219244],[-4.800193,50.219402],[-4.802516,50.218754],[-4.804199,50.218911],[-4.804399,50.218506],[-4.805325,50.218898],[-4.804721,50.219462],[-4.804966,50.220284],[-4.805571,50.220363],[-4.805322,50.220775],[-4.807588,50.221035],[-4.80787,50.221979],[-4.808338,50.221846],[-4.80849,50.223134],[-4.809464,50.223284],[-4.810442,50.222975],[-4.810527,50.224786],[-4.811438,50.2251],[-4.812519,50.224673],[-4.812212,50.227032],[-4.812321,50.227289],[-4.81289,50.227259],[-4.812315,50.227742],[-4.813271,50.229832],[-4.816191,50.230788],[-4.816511,50.230503],[-4.817876,50.230551],[-4.817825,50.230904],[-4.818405,50.230746],[-4.817997,50.231264],[-4.819582,50.231672],[-4.820709,50.231381],[-4.820826,50.231619],[-4.821261,50.231364],[-4.821493,50.231572],[-4.822218,50.231087],[-4.82265,50.231305],[-4.823823,50.230635],[-4.825385,50.231031],[-4.828069,50.230327],[-4.829782,50.230543],[-4.830643,50.230268],[-4.830385,50.231131],[-4.830748,50.231148],[-4.83013,50.231488],[-4.830837,50.232156],[-4.831292,50.232096],[-4.831328,50.232871],[-4.831931,50.232658],[-4.831988,50.233341],[-4.832464,50.233022],[-4.832831,50.233304],[-4.833575,50.232732],[-4.833641,50.233293],[-4.834531,50.232691],[-4.834267,50.233138],[-4.834963,50.232761],[-4.836054,50.232894],[-4.837031,50.232333],[-4.838722,50.232208],[-4.839004,50.232452],[-4.838721,50.232817],[-4.839354,50.232666],[-4.840133,50.233374],[-4.839381,50.235068],[-4.840359,50.235272],[-4.840714,50.235748],[-4.841002,50.235533],[-4.840737,50.235887],[-4.841453,50.236892],[-4.844513,50.236723],[-4.844819,50.234827],[-4.846218,50.235155],[-4.84739,50.234876],[-4.847444,50.235093],[-4.848341,50.235065],[-4.849301,50.234468],[-4.849219,50.235084],[-4.849946,50.234864],[-4.850719,50.235201],[-4.851626,50.234654],[-4.851679,50.235023],[-4.853668,50.235391],[-4.855279,50.235251],[-4.856871,50.234575],[-4.858923,50.235191],[-4.861454,50.234868],[-4.861894,50.23589],[-4.862961,50.235955],[-4.864377,50.235058],[-4.865961,50.234773],[-4.865981,50.234282],[-4.865303,50.233973],[-4.865513,50.233641],[-4.86623,50.233375],[-4.866846,50.233625],[-4.867676,50.233291],[-4.867589,50.233033],[-4.868616,50.233008],[-4.869111,50.232377],[-4.870645,50.231626],[-4.871884,50.2319],[-4.87243,50.23176],[-4.87272,50.231142],[-4.873651,50.231194],[-4.874129,50.230467],[-4.873479,50.230229],[-4.873933,50.230102],[-4.873874,50.229752],[-4.873142,50.2296],[-4.873356,50.22924],[-4.873476,50.229516],[-4.873896,50.229388],[-4.873924,50.228686],[-4.875704,50.227149],[-4.8758,50.226766],[-4.875403,50.226739],[-4.876061,50.226383],[-4.876138,50.225716],[-4.875707,50.225372],[-4.876177,50.224644],[-4.877494,50.224661],[-4.879494,50.224087],[-4.879581,50.223741],[-4.880539,50.223655],[-4.883013,50.224126],[-4.884329,50.222816],[-4.883831,50.222861],[-4.885179,50.222079],[-4.884734,50.221956],[-4.885217,50.221737],[-4.884636,50.221565],[-4.885243,50.221238],[-4.885149,50.220931],[-4.885648,50.220499],[-4.886133,50.220896],[-4.886373,50.22059],[-4.886524,50.22083],[-4.887097,50.21994],[-4.888046,50.219628],[-4.887596,50.219281],[-4.888479,50.218929],[-4.888789,50.218245],[-4.889994,50.218468],[-4.8904,50.21902],[-4.891749,50.218669],[-4.890723,50.218205],[-4.89095,50.217348],[-4.891555,50.21775],[-4.892816,50.217118],[-4.893642,50.215985],[-4.893247,50.215525],[-4.893505,50.214661],[-4.894602,50.214393],[-4.895082,50.213596],[-4.8956,50.213418],[-4.895353,50.213218],[-4.8969,50.212838],[-4.896828,50.213141],[-4.899841,50.21426],[-4.900994,50.213745],[-4.901345,50.213144],[-4.902563,50.212675],[-4.90367,50.211732],[-4.903076,50.211753],[-4.903695,50.211496],[-4.903278,50.211487],[-4.90364,50.210995],[-4.903339,50.210852],[-4.904788,50.209564],[-4.903896,50.208867],[-4.902551,50.208946],[-4.902569,50.208645],[-4.903271,50.208574],[-4.902469,50.208149],[-4.90277,50.207871],[-4.90248,50.207634],[-4.903335,50.206267],[-4.904818,50.204998],[-4.905979,50.20518],[-4.906834,50.205772],[-4.908349,50.206212],[-4.910619,50.205397],[-4.910183,50.203812],[-4.91047,50.203356],[-4.910317,50.202742],[-4.909854,50.202482],[-4.910232,50.20227],[-4.910275,50.201501],[-4.91119,50.20098],[-4.910844,50.200176],[-4.911726,50.19986],[-4.91154,50.199502],[-4.913146,50.199694],[-4.915989,50.197174],[-4.918342,50.196608],[-4.918793,50.196143],[-4.921952,50.195495],[-4.922359,50.196436],[-4.922663,50.196373],[-4.922086,50.197418],[-4.9222,50.199033],[-4.922688,50.199857],[-4.923074,50.199861],[-4.922723,50.20073],[-4.923105,50.20075],[-4.923113,50.201427],[-4.923519,50.201258],[-4.922882,50.201805],[-4.923558,50.201834],[-4.923543,50.202225],[-4.924161,50.202368],[-4.924243,50.202118],[-4.92528,50.201925],[-4.925663,50.202785],[-4.927063,50.20353],[-4.927338,50.203384],[-4.92748,50.203815],[-4.92846,50.204432],[-4.928997,50.204377],[-4.92914,50.204784],[-4.931506,50.205603],[-4.931969,50.206408],[-4.93285,50.206501],[-4.933738,50.207093],[-4.938357,50.20711],[-4.948664,50.20565],[-4.949687,50.204922],[-4.953271,50.203913],[-4.957572,50.2022],[-4.957703,50.201671],[-4.958637,50.20128],[-4.958644,50.200808],[-4.960018,50.200109],[-4.95964,50.200029],[-4.960459,50.199231],[-4.960048,50.199214],[-4.960014,50.198784],[-4.961056,50.198732],[-4.962705,50.197675],[-4.962877,50.197091],[-4.962025,50.196472],[-4.962285,50.19603],[-4.963682,50.195871],[-4.965171,50.194908],[-4.965805,50.193972],[-4.965336,50.19405],[-4.965527,50.193844],[-4.966647,50.193623],[-4.96867,50.192098],[-4.968848,50.191648],[-4.968354,50.191518],[-4.969015,50.191473],[-4.968453,50.191165],[-4.96904,50.190913],[-4.968585,50.190809],[-4.968837,50.190246],[-4.96843,50.189716],[-4.968833,50.189486],[-4.968014,50.188616],[-4.968519,50.188323],[-4.967769,50.187829],[-4.968153,50.187765],[-4.967782,50.187273],[-4.968252,50.186345],[-4.967939,50.186437],[-4.968066,50.185923],[-4.967575,50.185853],[-4.968225,50.185614],[-4.96865,50.186039],[-4.969266,50.18574],[-4.970163,50.185867],[-4.970656,50.186423],[-4.972222,50.186309],[-4.973603,50.185648],[-4.973518,50.18468],[-4.974661,50.182434],[-4.974679,50.17984],[-4.973718,50.179005],[-4.973009,50.179025],[-4.972761,50.17935],[-4.972844,50.179078],[-4.971482,50.17887],[-4.971522,50.178142],[-4.970971,50.178047],[-4.972515,50.176394],[-4.97259,50.175512],[-4.973188,50.175393],[-4.972824,50.175066],[-4.973961,50.172767],[-4.973708,50.172499],[-4.974114,50.171339],[-4.973652,50.170714],[-4.974183,50.169826],[-4.973885,50.169343],[-4.973527,50.16939],[-4.97357,50.166071],[-4.972507,50.164667],[-4.973353,50.163573],[-4.973607,50.163947],[-4.974691,50.163407],[-4.974986,50.163532],[-4.975015,50.163201],[-4.97643,50.162492],[-4.97723,50.161769],[-4.977005,50.161579],[-4.977797,50.161187],[-4.977339,50.160983],[-4.977741,50.160652],[-4.98153,50.159703],[-4.983895,50.157791],[-4.984587,50.155959],[-4.983758,50.155094],[-4.984243,50.154454],[-4.984022,50.153549],[-4.982732,50.153381],[-4.982724,50.152959],[-4.982273,50.152873],[-4.982724,50.152495],[-4.981958,50.152645],[-4.982479,50.152227],[-4.98179,50.152138],[-4.98197,50.151806],[-4.98457,50.149869],[-4.985267,50.149868],[-4.984944,50.15037],[-4.985277,50.15056],[-4.987255,50.149637],[-4.987882,50.149795],[-4.987549,50.150044],[-4.98801,50.150543],[-4.990324,50.149869],[-4.991125,50.15027],[-4.996016,50.148631],[-4.997178,50.147645],[-4.99766,50.146682],[-4.999575,50.145105],[-5.003595,50.142997],[-5.004836,50.143142],[-5.006377,50.140788],[-5.007259,50.14075],[-5.00763,50.140094],[-5.008821,50.139472],[-5.009045,50.140029],[-5.009797,50.13932],[-5.0108,50.139533],[-5.010873,50.140645],[-5.01176,50.140267],[-5.011789,50.140709],[-5.01245,50.140586],[-5.012198,50.140776],[-5.012691,50.141347],[-5.013883,50.140631],[-5.015008,50.140471],[-5.014903,50.140671],[-5.015337,50.140583],[-5.015181,50.140767],[-5.016157,50.141156],[-5.014918,50.143208],[-5.015279,50.14336],[-5.014654,50.144217],[-5.014908,50.144306],[-5.014282,50.144776],[-5.014991,50.144822],[-5.015246,50.145739],[-5.016457,50.146007],[-5.015928,50.146562],[-5.01617,50.146814],[-5.016548,50.146658],[-5.016268,50.148003],[-5.017766,50.148116],[-5.018043,50.148508],[-5.017558,50.149367],[-5.013124,50.15155],[-5.011111,50.15361],[-5.009524,50.154036],[-5.008535,50.153745],[-5.007905,50.152891],[-5.008501,50.152231],[-5.009044,50.152131],[-5.008581,50.15117],[-5.007166,50.150696],[-5.005948,50.151315],[-5.004325,50.150461],[-5.003926,50.150697],[-5.003714,50.150927],[-5.004413,50.151552],[-5.003976,50.153283],[-5.000718,50.155447],[-5.000323,50.156706],[-4.999398,50.157278],[-4.999293,50.157999],[-4.999939,50.15868],[-5.000043,50.159508],[-4.998852,50.161659],[-4.997272,50.161726],[-4.993392,50.160731],[-4.99103,50.161385],[-4.988564,50.160967],[-4.987515,50.161198],[-4.986696,50.160968],[-4.986622,50.159971],[-4.986057,50.160644],[-4.986155,50.161325],[-4.987143,50.161596],[-4.987503,50.161215],[-4.987016,50.162073],[-4.985331,50.163129],[-4.986968,50.162755],[-4.987984,50.161762],[-4.991007,50.162196],[-4.992745,50.161621],[-4.993556,50.16167],[-4.995762,50.163173],[-4.997178,50.163078],[-4.997119,50.163851],[-4.99605,50.165424],[-4.993553,50.167418],[-4.993815,50.168013],[-4.99454,50.168093],[-4.995763,50.167022],[-4.99673,50.166711],[-4.999106,50.166869],[-4.999553,50.167263],[-5.000941,50.167328],[-5.001527,50.167647],[-5.001642,50.169616],[-4.999085,50.169339],[-4.997476,50.169614],[-4.995654,50.170923],[-4.996015,50.171856],[-4.995723,50.172269],[-4.994575,50.172418],[-4.99345,50.173569],[-4.993093,50.174407],[-4.993343,50.17561],[-4.989188,50.177604],[-4.989367,50.177886],[-4.988473,50.178414],[-4.988615,50.179359],[-4.988937,50.179327],[-4.98875,50.179832],[-4.989241,50.178595],[-4.990665,50.177648],[-4.993789,50.1769],[-4.996378,50.175238],[-4.996542,50.176609],[-4.995248,50.178229],[-4.994988,50.179228],[-4.996195,50.180623],[-4.99541,50.182045],[-4.9957,50.182803],[-4.996893,50.18364],[-4.998464,50.183829],[-4.997161,50.185201],[-4.996972,50.187255],[-4.997612,50.188756],[-4.997904,50.1857],[-4.999449,50.183896],[-4.999472,50.183258],[-4.997684,50.183196],[-4.99648,50.18194],[-4.997308,50.180895],[-4.9969,50.179213],[-4.9973,50.177936],[-4.998589,50.175786],[-4.997965,50.174415],[-4.99657,50.173591],[-4.998492,50.1718],[-4.999003,50.171799],[-4.998929,50.171223],[-4.999877,50.170861],[-5.002059,50.171056],[-5.005935,50.170755],[-5.00414,50.17008],[-5.004003,50.169536],[-5.005038,50.169183],[-5.005404,50.168629],[-5.004708,50.168794],[-5.004216,50.167621],[-5.003629,50.16752],[-5.001658,50.165712],[-5.000622,50.165203],[-5.002236,50.164567],[-5.003103,50.163101],[-5.005974,50.161584],[-5.004842,50.159035],[-5.004219,50.158583],[-5.004806,50.157123],[-5.006175,50.156382],[-5.007329,50.156593],[-5.00858,50.157062],[-5.01058,50.158537],[-5.013769,50.159159],[-5.015042,50.158193],[-5.014328,50.158055],[-5.017307,50.157244],[-5.019688,50.157353],[-5.021034,50.156666],[-5.022257,50.15538],[-5.023805,50.154751],[-5.02453,50.155002],[-5.024941,50.155652],[-5.026154,50.156103],[-5.028211,50.15848],[-5.027445,50.161462],[-5.025342,50.162931],[-5.024172,50.164311],[-5.023766,50.166481],[-5.023008,50.167411],[-5.023387,50.168113],[-5.021491,50.171297],[-5.023053,50.172723],[-5.023158,50.17346],[-5.022125,50.175264],[-5.020638,50.175816],[-5.019872,50.176534],[-5.019836,50.180511],[-5.020523,50.181292],[-5.01765,50.182538],[-5.01576,50.184637],[-5.015838,50.184039],[-5.01673,50.183217],[-5.015434,50.182313],[-5.014689,50.182045],[-5.014216,50.182242],[-5.014814,50.183287],[-5.014096,50.183381],[-5.013925,50.183693],[-5.01428,50.183994],[-5.015134,50.183701],[-5.01529,50.184294],[-5.013943,50.187728],[-5.014528,50.188748],[-5.014521,50.190465],[-5.015336,50.189516],[-5.015465,50.187745],[-5.016615,50.187858],[-5.016506,50.187467],[-5.0157,50.187175],[-5.01717,50.184389],[-5.019167,50.183988],[-5.019862,50.184213],[-5.020621,50.183762],[-5.021512,50.183856],[-5.021842,50.183295],[-5.024367,50.181918],[-5.025684,50.182294],[-5.027805,50.186114],[-5.028423,50.19184],[-5.029361,50.192854],[-5.029161,50.194379],[-5.03151,50.200314],[-5.034906,50.203285],[-5.034175,50.204629],[-5.032877,50.20535],[-5.0306,50.20538],[-5.02789,50.204159],[-5.026773,50.203962],[-5.02962,50.206003],[-5.029083,50.206552],[-5.027313,50.207114],[-5.025566,50.208365],[-5.024474,50.209935],[-5.024431,50.211264],[-5.023077,50.211578],[-5.024645,50.212482],[-5.025171,50.214463],[-5.023898,50.214753],[-5.024966,50.215204],[-5.024691,50.216449],[-5.025535,50.21733],[-5.0246,50.218919],[-5.024543,50.220653],[-5.022817,50.222685],[-5.020405,50.222172],[-5.016755,50.222587],[-5.013068,50.22506],[-5.009268,50.227093],[-5.008573,50.226809],[-5.006056,50.224096],[-5.006418,50.222441],[-5.006134,50.222119],[-5.005032,50.221845],[-5.0054,50.222674],[-5.004428,50.223381],[-4.998973,50.223389],[-4.997125,50.223657],[-4.994339,50.224735],[-4.992358,50.222699],[-4.99222,50.22155],[-4.991323,50.222898],[-4.992828,50.224635],[-4.988644,50.225215],[-4.986658,50.225924],[-4.984675,50.225766],[-4.982088,50.226708],[-4.980916,50.226226],[-4.980247,50.225184],[-4.980253,50.22376],[-4.980906,50.222754],[-4.979832,50.221833],[-4.979828,50.221367],[-4.979361,50.221746],[-4.979487,50.22294],[-4.97828,50.223698],[-4.979127,50.224318],[-4.97879,50.225206],[-4.97923,50.22709],[-4.976764,50.227563],[-4.975314,50.226852],[-4.972584,50.226737],[-4.972083,50.226489],[-4.972637,50.225949],[-4.972016,50.225839],[-4.970989,50.226919],[-4.970896,50.228167],[-4.971582,50.229229],[-4.972372,50.229652],[-4.975434,50.229202],[-4.977314,50.229479],[-4.979629,50.229194],[-4.981855,50.229497],[-4.983269,50.231718],[-4.982765,50.232312],[-4.978836,50.232627],[-4.977332,50.232382],[-4.976153,50.231453],[-4.971932,50.230833],[-4.970814,50.230972],[-4.969324,50.232129],[-4.965777,50.232326],[-4.964691,50.231894],[-4.964824,50.231264],[-4.964407,50.231471],[-4.964839,50.229626],[-4.963471,50.228567],[-4.962064,50.228341],[-4.962102,50.227939],[-4.960763,50.227824],[-4.960287,50.227342],[-4.960706,50.227827],[-4.961948,50.227962],[-4.961947,50.228353],[-4.963339,50.228624],[-4.964282,50.229491],[-4.964313,50.230141],[-4.96358,50.230736],[-4.963976,50.232215],[-4.967131,50.233434],[-4.967122,50.234736],[-4.965576,50.236457],[-4.965472,50.236112],[-4.965173,50.23638],[-4.965298,50.237111],[-4.96342,50.23919],[-4.961999,50.239177],[-4.962207,50.238982],[-4.959963,50.23847],[-4.958171,50.23876],[-4.957723,50.237819],[-4.95782,50.238675],[-4.955264,50.240046],[-4.953572,50.239171],[-4.95157,50.238914],[-4.953551,50.239294],[-4.955154,50.240077],[-4.955285,50.240071],[-4.956671,50.239376],[-4.957005,50.239324],[-4.957812,50.238735],[-4.958483,50.238983],[-4.958576,50.238753],[-4.959967,50.238644],[-4.960115,50.238885],[-4.959675,50.239084],[-4.960224,50.238907],[-4.960277,50.2387],[-4.962612,50.239349],[-4.963271,50.239331],[-4.964218,50.238975],[-4.964678,50.239509],[-4.9644,50.238757],[-4.965228,50.239449],[-4.965649,50.240376],[-4.965042,50.241163],[-4.96393,50.241674],[-4.963922,50.242774],[-4.964419,50.243233],[-4.964104,50.241772],[-4.965117,50.241313],[-4.9655,50.24078],[-4.965686,50.241261],[-4.965827,50.24056],[-4.965745,50.239899],[-4.964691,50.238255],[-4.965385,50.237591],[-4.966002,50.237531],[-4.965786,50.239137],[-4.966736,50.23946],[-4.966921,50.239272],[-4.966665,50.240332],[-4.967068,50.240105],[-4.967463,50.240497],[-4.966994,50.239903],[-4.967378,50.239288],[-4.968418,50.238813],[-4.968713,50.238056],[-4.969447,50.237932],[-4.969798,50.237289],[-4.971185,50.236176],[-4.972253,50.235855],[-4.975725,50.236402],[-4.976309,50.235951],[-4.976112,50.23652],[-4.976494,50.236682],[-4.97609,50.236661],[-4.976404,50.236966],[-4.975868,50.236615],[-4.976066,50.236951],[-4.975546,50.237093],[-4.975125,50.236449],[-4.975427,50.23708],[-4.975095,50.237007],[-4.975137,50.237282],[-4.976485,50.237132],[-4.976779,50.237575],[-4.978681,50.238019],[-4.978876,50.237665],[-4.977177,50.237196],[-4.977303,50.236091],[-4.976922,50.235603],[-4.974763,50.235226],[-4.974951,50.234373],[-4.976158,50.234],[-4.979541,50.234252],[-4.984219,50.232887],[-4.985717,50.231654],[-4.984794,50.228766],[-4.986482,50.228508],[-4.990208,50.227138],[-4.990585,50.227254],[-4.99064,50.226878],[-4.99202,50.226374],[-4.994327,50.226117],[-4.995809,50.226514],[-5.001502,50.224943],[-5.001927,50.225121],[-5.001311,50.226624],[-5.003547,50.225675],[-5.005795,50.228095],[-5.00724,50.228595],[-5.011143,50.228848],[-5.012174,50.228567],[-5.014003,50.227438],[-5.01484,50.22786],[-5.014788,50.228922],[-5.013682,50.229735],[-5.013497,50.230293],[-5.0152,50.230238],[-5.015047,50.230908],[-5.016053,50.231783],[-5.016367,50.234341],[-5.015198,50.23663],[-5.012996,50.237122],[-5.01425,50.237417],[-5.012686,50.239452],[-5.012154,50.240843],[-5.013376,50.242677],[-5.015428,50.243834],[-5.017343,50.244658],[-5.020369,50.244692],[-5.021779,50.245054],[-5.021042,50.245911],[-5.019729,50.246615],[-5.017217,50.247182],[-5.012271,50.249083],[-5.010227,50.249067],[-5.010562,50.249557],[-5.009764,50.250096],[-5.008657,50.251854],[-5.008747,50.25323],[-5.009124,50.253805],[-5.010156,50.254104],[-5.01059,50.254842],[-5.010565,50.256391],[-5.010075,50.257772],[-5.008843,50.258913],[-5.008312,50.260542],[-5.006113,50.2638],[-5.005737,50.266362],[-5.004498,50.266703],[-5.001989,50.268603],[-5.002491,50.27109],[-5.000979,50.273718],[-4.996972,50.275806],[-4.994797,50.277416],[-4.994175,50.277125],[-4.994195,50.277429],[-4.994655,50.277477],[-4.994535,50.278193],[-4.993286,50.278504],[-4.992692,50.27935],[-4.991459,50.279985],[-4.992688,50.279527],[-4.993866,50.278508],[-4.994058,50.278905],[-4.995371,50.27732],[-4.997258,50.276675],[-5.000114,50.274736],[-5.002993,50.2735],[-5.004493,50.271116],[-5.004492,50.270446],[-5.003622,50.2702],[-5.003747,50.269684],[-5.004872,50.268495],[-5.005632,50.268418],[-5.007199,50.267537],[-5.008002,50.26611],[-5.009339,50.265108],[-5.010386,50.263181],[-5.010608,50.261818],[-5.012037,50.260533],[-5.013532,50.258127],[-5.013782,50.256933],[-5.015438,50.255673],[-5.013986,50.255206],[-5.011997,50.252809],[-5.011546,50.251419],[-5.013675,50.250446],[-5.016214,50.250189],[-5.019836,50.248105],[-5.020228,50.248033],[-5.021009,50.249438],[-5.02135,50.248415],[-5.021028,50.247805],[-5.023076,50.246605],[-5.024168,50.244869],[-5.026769,50.243145],[-5.027968,50.242972],[-5.029255,50.243565],[-5.029534,50.244532],[-5.031744,50.246327],[-5.033364,50.249056],[-5.03445,50.249665],[-5.038354,50.249969],[-5.0408,50.252271],[-5.041076,50.252196],[-5.041256,50.253063],[-5.040388,50.253854],[-5.040255,50.254641],[-5.043353,50.256419],[-5.044672,50.257602],[-5.047005,50.263019],[-5.047713,50.26354],[-5.048451,50.263668],[-5.04715,50.262917],[-5.047,50.262457],[-5.048031,50.263422],[-5.050207,50.26415],[-5.048089,50.263295],[-5.047123,50.262006],[-5.049239,50.262029],[-5.047275,50.26165],[-5.046412,50.261093],[-5.046206,50.260115],[-5.046466,50.259621],[-5.047084,50.259532],[-5.046973,50.258708],[-5.044043,50.254238],[-5.042618,50.252618],[-5.041294,50.252229],[-5.03924,50.249151],[-5.040116,50.248058],[-5.041717,50.24782],[-5.043445,50.247889],[-5.046538,50.249005],[-5.050491,50.24827],[-5.052596,50.248229],[-5.051702,50.247988],[-5.05246,50.247701],[-5.051005,50.247806],[-5.05244,50.247432],[-5.055619,50.247362],[-5.054198,50.247259],[-5.0473,50.247677],[-5.042655,50.246894],[-5.042017,50.246508],[-5.042157,50.246219],[-5.041808,50.246447],[-5.040992,50.246232],[-5.040208,50.245953],[-5.040148,50.245645],[-5.03722,50.246248],[-5.035249,50.246004],[-5.035687,50.243803],[-5.032715,50.242957],[-5.029871,50.241701],[-5.03041,50.240406],[-5.031847,50.239791],[-5.031215,50.238167],[-5.03058,50.23823],[-5.029372,50.238984],[-5.027197,50.241256],[-5.022749,50.242977],[-5.021742,50.242972],[-5.017065,50.241693],[-5.016064,50.240729],[-5.016125,50.240044],[-5.01953,50.237026],[-5.020893,50.235119],[-5.02228,50.234862],[-5.024229,50.23509],[-5.021212,50.234202],[-5.021803,50.232809],[-5.020822,50.232626],[-5.01936,50.231382],[-5.018716,50.230224],[-5.018776,50.229121],[-5.017859,50.226504],[-5.017863,50.225908],[-5.01829,50.22565],[-5.020714,50.225584],[-5.024124,50.224777],[-5.025209,50.224933],[-5.027812,50.223569],[-5.02928,50.223472],[-5.029197,50.224355],[-5.030635,50.22531],[-5.034219,50.226515],[-5.032897,50.227433],[-5.032877,50.22795],[-5.036265,50.22773],[-5.037657,50.228338],[-5.038325,50.229319],[-5.038952,50.229528],[-5.040477,50.229262],[-5.043689,50.227609],[-5.044354,50.227575],[-5.043633,50.227111],[-5.039616,50.228392],[-5.035808,50.226711],[-5.034118,50.224767],[-5.032259,50.224836],[-5.03111,50.224136],[-5.030974,50.223569],[-5.03201,50.22314],[-5.041776,50.221036],[-5.03943,50.221052],[-5.037298,50.220494],[-5.0335,50.222056],[-5.030625,50.222403],[-5.029596,50.222147],[-5.028239,50.221184],[-5.027852,50.217263],[-5.028563,50.216823],[-5.028173,50.216453],[-5.028614,50.21444],[-5.02837,50.212816],[-5.02742,50.211212],[-5.02841,50.209916],[-5.029695,50.208987],[-5.03063,50.208797],[-5.032665,50.209899],[-5.032534,50.211801],[-5.033209,50.212368],[-5.038977,50.212664],[-5.039113,50.211787],[-5.038114,50.211986],[-5.036551,50.21146],[-5.036052,50.209701],[-5.036798,50.208464],[-5.037909,50.20782],[-5.0384,50.206389],[-5.040466,50.204671],[-5.043079,50.2043],[-5.045199,50.205817],[-5.046019,50.207067],[-5.047435,50.207832],[-5.047524,50.208659],[-5.048076,50.209026],[-5.047721,50.206294],[-5.045571,50.205082],[-5.043922,50.20331],[-5.044732,50.202977],[-5.048289,50.202923],[-5.050172,50.202357],[-5.051735,50.200859],[-5.0533,50.199973],[-5.053781,50.198653],[-5.055004,50.197919],[-5.055895,50.195269],[-5.05911,50.193238],[-5.059756,50.193377],[-5.059997,50.193927],[-5.059094,50.194708],[-5.057995,50.196793],[-5.057851,50.198285],[-5.058736,50.19944],[-5.061256,50.200534],[-5.063319,50.202167],[-5.064924,50.202687],[-5.065013,50.206829],[-5.065611,50.20771],[-5.065339,50.20781],[-5.066301,50.208192],[-5.067066,50.209441],[-5.066588,50.209372],[-5.066621,50.210508],[-5.067574,50.209423],[-5.067991,50.206865],[-5.070099,50.205672],[-5.074827,50.208409],[-5.076772,50.207993],[-5.07964,50.208172],[-5.079582,50.207821],[-5.079817,50.20822],[-5.081019,50.208392],[-5.081231,50.208933],[-5.081302,50.208608],[-5.081804,50.209214],[-5.082635,50.209436],[-5.081485,50.209225],[-5.08181,50.209435],[-5.08302,50.209809],[-5.085306,50.209513],[-5.087503,50.209753],[-5.085809,50.20942],[-5.084234,50.209516],[-5.084939,50.209323],[-5.084961,50.208976],[-5.085769,50.209061],[-5.08489,50.208517],[-5.088354,50.20922],[-5.088684,50.209598],[-5.088869,50.209278],[-5.093095,50.209386],[-5.093179,50.209731],[-5.093393,50.209395],[-5.094787,50.209516],[-5.095411,50.209839],[-5.095249,50.210128],[-5.095549,50.209938],[-5.097223,50.21123],[-5.097308,50.210863],[-5.096429,50.210018],[-5.097766,50.210225],[-5.098651,50.211966],[-5.098208,50.210539],[-5.09777,50.210094],[-5.09692,50.209923],[-5.096068,50.208807],[-5.090641,50.207386],[-5.087647,50.207684],[-5.087432,50.207402],[-5.090739,50.207264],[-5.097145,50.208289],[-5.096603,50.208053],[-5.097305,50.208089],[-5.099584,50.209636],[-5.100161,50.211715],[-5.099632,50.209631],[-5.097558,50.208079],[-5.099893,50.209096],[-5.101855,50.20916],[-5.104739,50.208486],[-5.105736,50.207882],[-5.107222,50.207705],[-5.108475,50.207109],[-5.110101,50.207339],[-5.114042,50.206536],[-5.114205,50.206391],[-5.114746,50.206566],[-5.11418,50.206175],[-5.115992,50.205055],[-5.117423,50.205249],[-5.118394,50.204247],[-5.117383,50.205197],[-5.116064,50.204927],[-5.11426,50.206011],[-5.113868,50.206487],[-5.109989,50.207274],[-5.108439,50.207013],[-5.107149,50.207625],[-5.105987,50.207665],[-5.10336,50.208603],[-5.100869,50.209071],[-5.099872,50.20893],[-5.098448,50.208009],[-5.095721,50.207671],[-5.095001,50.207078],[-5.093049,50.206461],[-5.088111,50.2071],[-5.084495,50.206428],[-5.08372,50.205639],[-5.082682,50.206178],[-5.079188,50.206446],[-5.076233,50.205568],[-5.075456,50.204682],[-5.07571,50.202731],[-5.07392,50.201616],[-5.073825,50.199845],[-5.072328,50.199722],[-5.070668,50.198878],[-5.069202,50.198741],[-5.066114,50.196831],[-5.066027,50.196225],[-5.064358,50.196528],[-5.063875,50.196389],[-5.064059,50.196111],[-5.063432,50.196186],[-5.064194,50.195593],[-5.064276,50.195051],[-5.063452,50.1945],[-5.063335,50.193385],[-5.06273,50.192704],[-5.060452,50.191263],[-5.058572,50.190787],[-5.058264,50.190455],[-5.05655,50.19027],[-5.054607,50.186558],[-5.054152,50.186503],[-5.054519,50.186492],[-5.054903,50.184806],[-5.054097,50.181636],[-5.054467,50.180253],[-5.055297,50.179713],[-5.057944,50.178897],[-5.060741,50.178441],[-5.063453,50.179304],[-5.065508,50.179537],[-5.066764,50.180312],[-5.066605,50.180669],[-5.066934,50.180517],[-5.069135,50.18213],[-5.071892,50.182538],[-5.074902,50.183714],[-5.076226,50.183783],[-5.0773,50.184221],[-5.075482,50.183186],[-5.075227,50.182494],[-5.074187,50.182222],[-5.0739,50.181748],[-5.073454,50.182008],[-5.073658,50.18167],[-5.072127,50.181033],[-5.070234,50.179529],[-5.068994,50.179],[-5.064943,50.178337],[-5.065002,50.17768],[-5.063958,50.17834],[-5.06335,50.178337],[-5.061682,50.177642],[-5.058414,50.177293],[-5.057747,50.17753],[-5.057642,50.177927],[-5.055017,50.178159],[-5.055717,50.178343],[-5.053824,50.17819],[-5.054475,50.177689],[-5.053323,50.177111],[-5.052808,50.17715],[-5.052662,50.177764],[-5.052392,50.17722],[-5.050407,50.177294],[-5.048647,50.176501],[-5.045523,50.175717],[-5.044924,50.175208],[-5.044634,50.174085],[-5.045754,50.172273],[-5.045543,50.170714],[-5.046428,50.168734],[-5.052395,50.163586],[-5.053627,50.163162],[-5.053198,50.162934],[-5.053618,50.162329],[-5.056352,50.161211],[-5.057515,50.161355],[-5.058618,50.162174],[-5.05981,50.162311],[-5.059922,50.162095],[-5.060064,50.162451],[-5.063938,50.162038],[-5.064689,50.162317],[-5.069345,50.16172],[-5.069069,50.161884],[-5.069694,50.162929],[-5.070535,50.16303],[-5.070112,50.163363],[-5.070748,50.164108],[-5.070454,50.164377],[-5.07176,50.165032],[-5.072585,50.1649],[-5.07241,50.165155],[-5.074755,50.165598],[-5.075,50.166671],[-5.075562,50.166914],[-5.075192,50.16729],[-5.076523,50.167464],[-5.078747,50.166804],[-5.079641,50.166961],[-5.079915,50.168043],[-5.080857,50.168823],[-5.081241,50.167576],[-5.084529,50.166896],[-5.086757,50.168112],[-5.090081,50.168882],[-5.090608,50.17004],[-5.091709,50.170624],[-5.092142,50.169661],[-5.091809,50.168694],[-5.093823,50.167545],[-5.096496,50.168283],[-5.099025,50.169662],[-5.100104,50.169708],[-5.100343,50.169275],[-5.102148,50.1698],[-5.099647,50.168869],[-5.097196,50.16745],[-5.097872,50.167238],[-5.0971,50.167147],[-5.097111,50.166864],[-5.100736,50.166311],[-5.094844,50.166622],[-5.094313,50.166547],[-5.094312,50.166297],[-5.094214,50.166533],[-5.091345,50.166162],[-5.089431,50.165188],[-5.087994,50.164989],[-5.086031,50.1632],[-5.085365,50.163362],[-5.08523,50.162708],[-5.083261,50.163034],[-5.082749,50.164088],[-5.081784,50.164401],[-5.081864,50.164843],[-5.080835,50.165006],[-5.080648,50.164513],[-5.079754,50.164408],[-5.077128,50.163262],[-5.076701,50.162618],[-5.07407,50.161102],[-5.073576,50.161245],[-5.074069,50.160549],[-5.073503,50.159493],[-5.073608,50.15879],[-5.072771,50.158703],[-5.07217,50.15774],[-5.070854,50.157062],[-5.070592,50.156425],[-5.070106,50.15659],[-5.070367,50.156144],[-5.068377,50.155219],[-5.06774,50.155394],[-5.067322,50.154397],[-5.067702,50.154259],[-5.067091,50.153632],[-5.066001,50.152932],[-5.065712,50.153366],[-5.065097,50.152856],[-5.06547,50.153047],[-5.065874,50.152741],[-5.065319,50.15232],[-5.064759,50.152793],[-5.064605,50.151903],[-5.063772,50.152409],[-5.063415,50.152014],[-5.063797,50.151808],[-5.06352,50.151597],[-5.061362,50.151767],[-5.060543,50.151318],[-5.060263,50.151809],[-5.059501,50.151508],[-5.058629,50.151631],[-5.060015,50.153479],[-5.056581,50.153804],[-5.056749,50.156647],[-5.058979,50.156693],[-5.054478,50.156929],[-5.055062,50.155634],[-5.056123,50.155358],[-5.055927,50.153637],[-5.054781,50.15367],[-5.054305,50.153373],[-5.054179,50.153621],[-5.052547,50.15352],[-5.052346,50.153772],[-5.052267,50.153153],[-5.052083,50.153748],[-5.051974,50.153203],[-5.051802,50.153525],[-5.05172,50.153215],[-5.050646,50.15326],[-5.050536,50.153532],[-5.051827,50.154011],[-5.051762,50.154247],[-5.05044,50.153549],[-5.050535,50.15328],[-5.049484,50.155236],[-5.050161,50.153266],[-5.047252,50.151659],[-5.047429,50.150231],[-5.044959,50.149614],[-5.044446,50.148481],[-5.044881,50.148069],[-5.044194,50.147829],[-5.044092,50.146896],[-5.043544,50.146964],[-5.043745,50.145781],[-5.043217,50.145756],[-5.042991,50.145212],[-5.043524,50.144833],[-5.042845,50.144847],[-5.043239,50.144606],[-5.042621,50.144711],[-5.041876,50.143916],[-5.043766,50.143455],[-5.043534,50.143747],[-5.044537,50.144058],[-5.044227,50.144435],[-5.046057,50.144265],[-5.046137,50.144616],[-5.047932,50.144563],[-5.04924,50.145479],[-5.048955,50.145609],[-5.04997,50.14588],[-5.050648,50.147217],[-5.051614,50.14799],[-5.053124,50.148175],[-5.053172,50.148424],[-5.055954,50.148184],[-5.057648,50.147755],[-5.061195,50.14615],[-5.067143,50.144753],[-5.068318,50.144161],[-5.069427,50.142751],[-5.0706,50.141977],[-5.071161,50.141985],[-5.071489,50.141477],[-5.074266,50.140618],[-5.075704,50.14088],[-5.076259,50.140652],[-5.076903,50.140074],[-5.076555,50.13965],[-5.076859,50.139273],[-5.076942,50.137219],[-5.076266,50.137007],[-5.075637,50.136058],[-5.075043,50.135944],[-5.075394,50.135891],[-5.075121,50.135413],[-5.074078,50.135608],[-5.073553,50.135271],[-5.073879,50.134965],[-5.073471,50.13498],[-5.073976,50.134813],[-5.073358,50.13478],[-5.072955,50.134335],[-5.073617,50.133923],[-5.076548,50.133464],[-5.076176,50.1333],[-5.077192,50.133411],[-5.07651,50.13322],[-5.07693,50.133015],[-5.07931,50.132865],[-5.080108,50.131896],[-5.082041,50.130611],[-5.081524,50.129607],[-5.082333,50.129296],[-5.081885,50.129279],[-5.082129,50.128962],[-5.083442,50.128793],[-5.086126,50.127607],[-5.088069,50.127201],[-5.088572,50.126629],[-5.090387,50.126778],[-5.093693,50.126069],[-5.093074,50.124619],[-5.090604,50.124585],[-5.090507,50.124199],[-5.089805,50.124355],[-5.089459,50.124],[-5.089729,50.123752],[-5.089249,50.123718],[-5.090238,50.123277],[-5.090508,50.122532],[-5.090334,50.122074],[-5.089626,50.1218],[-5.089901,50.121604],[-5.089307,50.121418],[-5.08984,50.120692],[-5.089365,50.120772],[-5.088942,50.120389],[-5.090276,50.119518],[-5.0909,50.119491],[-5.090767,50.119225],[-5.091362,50.118896],[-5.091019,50.118173],[-5.090179,50.118181],[-5.090478,50.117978],[-5.089878,50.117854],[-5.090912,50.117862],[-5.089901,50.117523],[-5.09113,50.116929],[-5.091435,50.115488],[-5.091263,50.1144],[-5.090599,50.113904],[-5.090203,50.114027],[-5.090382,50.113732],[-5.088883,50.11354],[-5.08884,50.112723],[-5.087596,50.112705],[-5.087771,50.112463],[-5.087222,50.112342],[-5.086968,50.111807],[-5.086641,50.111966],[-5.086807,50.111623],[-5.08637,50.111275],[-5.085434,50.11129],[-5.084708,50.111794],[-5.084488,50.111434],[-5.082671,50.110972],[-5.082677,50.110619],[-5.081765,50.11067],[-5.081465,50.109984],[-5.081769,50.109395],[-5.083535,50.109109],[-5.084956,50.109499],[-5.085456,50.109295],[-5.091446,50.102953],[-5.093628,50.102981],[-5.096097,50.102143],[-5.098443,50.100146],[-5.099446,50.099751],[-5.102149,50.099782],[-5.102744,50.100509],[-5.103325,50.100574],[-5.103088,50.10098],[-5.104053,50.10134],[-5.104754,50.102416],[-5.106297,50.102309],[-5.10764,50.10304],[-5.111291,50.10402],[-5.113981,50.103005],[-5.115224,50.103857],[-5.115789,50.103772],[-5.118235,50.102445],[-5.12023,50.102172],[-5.120669,50.101513],[-5.121558,50.101102],[-5.121639,50.100143],[-5.124132,50.099087],[-5.127586,50.099833],[-5.128205,50.100283],[-5.130226,50.099631],[-5.133237,50.099954],[-5.135213,50.100739],[-5.136423,50.100412],[-5.137257,50.100702],[-5.138023,50.100326],[-5.140263,50.100219],[-5.139032,50.10102],[-5.137867,50.103449],[-5.138308,50.103818],[-5.139665,50.103624],[-5.140145,50.104136],[-5.139494,50.10591],[-5.134869,50.108507],[-5.133375,50.108542],[-5.131877,50.108983],[-5.130339,50.110194],[-5.134264,50.109449],[-5.137411,50.111122],[-5.137909,50.111724],[-5.137754,50.110732],[-5.136253,50.109733],[-5.139934,50.107457],[-5.140903,50.106252],[-5.142935,50.106276],[-5.143389,50.106966],[-5.144683,50.107168],[-5.143145,50.10576],[-5.141523,50.105374],[-5.141619,50.104198],[-5.141151,50.10328],[-5.141897,50.102945],[-5.140931,50.102797],[-5.140753,50.102507],[-5.143632,50.098878],[-5.145592,50.097951],[-5.147362,50.097814],[-5.149886,50.098972],[-5.151722,50.09908],[-5.153844,50.098328],[-5.154247,50.097779],[-5.155955,50.096918],[-5.158258,50.096554],[-5.163174,50.096728],[-5.164567,50.097737],[-5.164558,50.100068],[-5.163339,50.100872],[-5.16323,50.10191],[-5.161328,50.10366],[-5.161423,50.104951],[-5.159375,50.107977],[-5.159728,50.109437],[-5.162559,50.112169],[-5.163311,50.112565],[-5.163848,50.112585],[-5.163734,50.112251],[-5.1649,50.1126],[-5.165293,50.112207],[-5.164868,50.112462],[-5.163939,50.112113],[-5.161563,50.109521],[-5.161336,50.108556],[-5.161812,50.107931],[-5.161477,50.107512],[-5.162316,50.10679],[-5.162773,50.105732],[-5.162896,50.103933],[-5.164381,50.103054],[-5.164646,50.102512],[-5.165345,50.102323],[-5.166591,50.102709],[-5.169265,50.105549],[-5.170365,50.105915],[-5.167893,50.102358],[-5.164995,50.101472],[-5.166553,50.100202],[-5.169132,50.099783],[-5.166529,50.099266],[-5.166413,50.097385],[-5.167268,50.096703],[-5.166248,50.096446],[-5.164286,50.095156],[-5.158999,50.094727],[-5.158463,50.094281],[-5.159169,50.09378],[-5.16189,50.093865],[-5.165935,50.093463],[-5.171889,50.091648],[-5.172852,50.091007],[-5.173697,50.090971],[-5.174648,50.092061],[-5.17433,50.090488],[-5.174684,50.09031],[-5.175983,50.090829],[-5.178577,50.090858],[-5.181387,50.089923],[-5.184158,50.089573],[-5.184675,50.089676],[-5.184913,50.090826],[-5.185582,50.089846],[-5.187077,50.089469],[-5.190453,50.089903],[-5.192286,50.090555],[-5.195875,50.089782],[-5.197332,50.089948],[-5.199493,50.091787],[-5.199078,50.093897],[-5.200862,50.091688],[-5.203513,50.09146],[-5.206709,50.095397],[-5.208411,50.096461],[-5.206692,50.094253],[-5.207105,50.094556],[-5.207438,50.094337],[-5.206804,50.094047],[-5.207463,50.093988],[-5.20848,50.09457],[-5.211149,50.093904],[-5.206481,50.093119],[-5.204201,50.091106],[-5.202889,50.090771],[-5.204005,50.090089],[-5.207038,50.090103],[-5.208623,50.088514],[-5.206321,50.089798],[-5.20291,50.089577],[-5.201651,50.089824],[-5.200301,50.08961],[-5.200391,50.088756],[-5.194627,50.089283],[-5.189039,50.087559],[-5.188874,50.086846],[-5.191068,50.085556],[-5.192207,50.084358],[-5.194062,50.08369],[-5.196983,50.081465],[-5.196429,50.081452],[-5.194458,50.08242],[-5.193173,50.081569],[-5.192204,50.080029],[-5.192564,50.081323],[-5.193485,50.082326],[-5.1933,50.082887],[-5.19237,50.083511],[-5.190981,50.08377],[-5.189298,50.085121],[-5.187839,50.085499],[-5.187536,50.085898],[-5.186379,50.085873],[-5.18574,50.087539],[-5.184808,50.087993],[-5.17878,50.089594],[-5.179789,50.087493],[-5.178897,50.085877],[-5.178764,50.087216],[-5.17749,50.089367],[-5.176884,50.089407],[-5.175339,50.088591],[-5.173833,50.088546],[-5.170605,50.090555],[-5.168303,50.090973],[-5.167238,50.090255],[-5.166656,50.091207],[-5.163157,50.091855],[-5.160458,50.091377],[-5.156172,50.092216],[-5.155594,50.09291],[-5.154816,50.093189],[-5.152344,50.092753],[-5.152061,50.091839],[-5.150547,50.090504],[-5.150952,50.090198],[-5.149628,50.08897],[-5.149369,50.088139],[-5.149896,50.087884],[-5.148827,50.087707],[-5.148558,50.085755],[-5.147638,50.085343],[-5.148332,50.086909],[-5.148328,50.088687],[-5.149479,50.090272],[-5.149636,50.091445],[-5.150601,50.092213],[-5.150441,50.093339],[-5.150967,50.094116],[-5.147776,50.095314],[-5.143621,50.095816],[-5.141196,50.096471],[-5.139924,50.096555],[-5.138261,50.095873],[-5.138018,50.095042],[-5.138674,50.094598],[-5.138226,50.094227],[-5.135336,50.095381],[-5.133808,50.09546],[-5.133916,50.094883],[-5.135576,50.09329],[-5.135733,50.091375],[-5.13504,50.092704],[-5.134438,50.093077],[-5.132066,50.092892],[-5.131231,50.093209],[-5.131492,50.093385],[-5.129785,50.093925],[-5.128539,50.094882],[-5.12487,50.09629],[-5.118278,50.096211],[-5.117135,50.095856],[-5.115988,50.094977],[-5.115041,50.095421],[-5.114358,50.094672],[-5.113323,50.095107],[-5.113273,50.094869],[-5.11255,50.094963],[-5.112463,50.094575],[-5.111504,50.094666],[-5.111446,50.094298],[-5.110696,50.09436],[-5.109042,50.09347],[-5.108291,50.093995],[-5.106282,50.094514],[-5.104324,50.0944],[-5.103595,50.093364],[-5.102627,50.093421],[-5.102232,50.09306],[-5.102582,50.092888],[-5.10088,50.092153],[-5.100231,50.091157],[-5.098693,50.090473],[-5.097184,50.090586],[-5.095874,50.090249],[-5.09592,50.090049],[-5.093931,50.090586],[-5.093058,50.090274],[-5.092533,50.089581],[-5.093102,50.089572],[-5.092569,50.088834],[-5.093003,50.08812],[-5.094829,50.087889],[-5.097986,50.088571],[-5.099264,50.088528],[-5.10164,50.089185],[-5.102615,50.088594],[-5.10324,50.087226],[-5.107247,50.086556],[-5.108822,50.08586],[-5.110285,50.084495],[-5.111578,50.084718],[-5.112925,50.084381],[-5.114632,50.0848],[-5.115826,50.084563],[-5.11624,50.083731],[-5.117903,50.082281],[-5.117028,50.082092],[-5.116166,50.082665],[-5.115145,50.082602],[-5.115305,50.083289],[-5.114109,50.084037],[-5.111924,50.083655],[-5.109212,50.083632],[-5.107495,50.084789],[-5.102918,50.086449],[-5.103084,50.086756],[-5.102006,50.086768],[-5.10113,50.087248],[-5.099399,50.086538],[-5.099571,50.086032],[-5.099128,50.085362],[-5.096601,50.085551],[-5.095944,50.085166],[-5.095155,50.085172],[-5.094591,50.08543],[-5.094911,50.086134],[-5.093221,50.085677],[-5.09027,50.086128],[-5.089577,50.085718],[-5.087367,50.085652],[-5.085299,50.084023],[-5.081024,50.083042],[-5.079234,50.083636],[-5.078986,50.084575],[-5.077422,50.085767],[-5.075999,50.085581],[-5.07613,50.085177],[-5.076823,50.085231],[-5.076628,50.084874],[-5.077377,50.08387],[-5.076905,50.083586],[-5.077065,50.083312],[-5.07513,50.082156],[-5.074956,50.081595],[-5.075842,50.081054],[-5.076311,50.081128],[-5.075911,50.080819],[-5.076781,50.08006],[-5.076351,50.079958],[-5.07724,50.079343],[-5.077791,50.079381],[-5.076799,50.077738],[-5.077756,50.077089],[-5.078552,50.076998],[-5.07863,50.076707],[-5.079091,50.076801],[-5.07942,50.076327],[-5.07904,50.075617],[-5.079385,50.075159],[-5.078946,50.074978],[-5.079281,50.074781],[-5.078808,50.074437],[-5.079479,50.074304],[-5.079434,50.074051],[-5.078851,50.074022],[-5.079435,50.072813],[-5.078908,50.072736],[-5.079102,50.072177],[-5.078631,50.071955],[-5.079176,50.071867],[-5.078961,50.070938],[-5.079721,50.07061],[-5.07886,50.07026],[-5.078978,50.069681],[-5.079693,50.069367],[-5.079594,50.068793],[-5.079054,50.0683],[-5.077482,50.067862],[-5.074344,50.067794],[-5.073842,50.067535],[-5.071429,50.068034],[-5.07083,50.06762],[-5.069501,50.067905],[-5.068168,50.067298],[-5.067734,50.067625],[-5.067873,50.067219],[-5.06746,50.067056],[-5.067823,50.066758],[-5.067422,50.066804],[-5.067191,50.066363],[-5.066458,50.066369],[-5.066151,50.066016],[-5.066631,50.065408],[-5.06651,50.063988],[-5.065372,50.062543],[-5.062756,50.06207],[-5.06252,50.061407],[-5.061835,50.061706],[-5.061599,50.061515],[-5.062198,50.061157],[-5.061891,50.060788],[-5.062228,50.060552],[-5.061466,50.060408],[-5.062103,50.059936],[-5.061626,50.059587],[-5.062016,50.059266],[-5.061909,50.058363],[-5.06155,50.058174],[-5.062821,50.057458],[-5.062819,50.057037],[-5.063256,50.057184],[-5.063358,50.056721],[-5.064258,50.056669],[-5.064287,50.055683],[-5.064009,50.055266],[-5.063046,50.054939],[-5.061338,50.055355],[-5.060499,50.054913],[-5.059986,50.055094],[-5.059802,50.054379],[-5.058266,50.053617],[-5.057817,50.052779],[-5.058375,50.052667],[-5.059434,50.051567],[-5.059224,50.050982],[-5.059803,50.051114],[-5.060012,50.050769],[-5.061083,50.050979],[-5.062153,50.050384],[-5.062512,50.05061],[-5.064518,50.050282],[-5.065011,50.049183],[-5.066296,50.048194],[-5.066897,50.046416],[-5.065643,50.043793],[-5.066031,50.043728],[-5.065791,50.043551],[-5.066206,50.042897],[-5.066437,50.043069],[-5.067105,50.042719],[-5.066965,50.041837],[-5.067263,50.041098],[-5.067788,50.041625],[-5.068493,50.041574],[-5.069641,50.039955],[-5.069444,50.037537],[-5.068121,50.03639],[-5.068739,50.03523],[-5.070358,50.034594],[-5.077363,50.033939],[-5.078945,50.032848],[-5.083447,50.031892],[-5.085559,50.032199],[-5.089394,50.031332],[-5.089401,50.030937],[-5.09014,50.030858],[-5.091533,50.029902],[-5.091661,50.029462],[-5.093946,50.028363],[-5.096803,50.026367],[-5.097488,50.024812],[-5.097116,50.023362],[-5.095986,50.023288],[-5.094562,50.022546],[-5.093929,50.022708],[-5.094219,50.022974],[-5.092727,50.022549],[-5.093606,50.021691],[-5.094876,50.02153],[-5.096059,50.020874],[-5.094741,50.017934],[-5.094221,50.017235],[-5.09305,50.01661],[-5.091526,50.016381],[-5.091161,50.015713],[-5.092078,50.015193],[-5.094301,50.015984],[-5.095256,50.015995],[-5.095803,50.015624],[-5.097136,50.01401],[-5.096913,50.013234],[-5.097193,50.013321],[-5.097627,50.012576],[-5.097289,50.011414],[-5.097486,50.010053],[-5.098258,50.009077],[-5.098059,50.008431],[-5.09902,50.008136],[-5.099059,50.007596],[-5.099726,50.007721],[-5.100285,50.00535],[-5.10131,50.004248],[-5.10195,50.004147],[-5.102924,50.004697],[-5.104457,50.00496],[-5.105824,50.004841],[-5.106343,50.005152],[-5.106236,50.004818],[-5.106885,50.00499],[-5.106609,50.004868],[-5.107159,50.004869],[-5.108933,50.003883],[-5.109244,50.003325],[-5.109802,50.003363],[-5.109702,50.002927],[-5.110323,50.002856],[-5.109735,50.002468],[-5.111093,50.003051],[-5.112386,50.002802],[-5.112852,50.00298],[-5.112387,50.003209],[-5.114064,50.003996],[-5.114121,50.004378],[-5.114916,50.004894],[-5.115438,50.006536],[-5.116289,50.00626],[-5.116796,50.006722],[-5.117446,50.006278],[-5.119164,50.006705],[-5.120292,50.00751],[-5.120449,50.008336],[-5.120972,50.008531],[-5.121094,50.008324],[-5.12151,50.008927],[-5.122587,50.009239],[-5.122485,50.008622],[-5.123246,50.009177],[-5.123094,50.008523],[-5.124183,50.008505],[-5.124109,50.007926],[-5.125154,50.008018],[-5.125646,50.00748],[-5.127273,50.00788],[-5.127861,50.008637],[-5.129334,50.008731],[-5.12969,50.008604],[-5.129282,50.008112],[-5.133241,50.007942],[-5.133261,50.007552],[-5.13274,50.007322],[-5.133256,50.007147],[-5.132535,50.005223],[-5.132957,50.005622],[-5.133283,50.005311],[-5.13384,50.005783],[-5.134674,50.005728],[-5.134548,50.006233],[-5.135091,50.006235],[-5.134794,50.006433],[-5.135046,50.006762],[-5.135539,50.006738],[-5.135396,50.007489],[-5.136256,50.007271],[-5.136617,50.00779],[-5.137441,50.007818],[-5.137906,50.008198],[-5.138957,50.007705],[-5.139932,50.007967],[-5.141725,50.007535],[-5.142704,50.007899],[-5.143098,50.007637],[-5.143359,50.007925],[-5.14475,50.007683],[-5.145416,50.007964],[-5.148598,50.007208],[-5.149221,50.006723],[-5.149466,50.006986],[-5.149719,50.006798],[-5.149764,50.007101],[-5.151112,50.007177],[-5.151198,50.006775],[-5.151756,50.007048],[-5.151559,50.006754],[-5.152365,50.006978],[-5.152643,50.006686],[-5.152787,50.007025],[-5.153698,50.007026],[-5.155074,50.007695],[-5.156669,50.007539],[-5.158241,50.006957],[-5.159404,50.006075],[-5.160664,50.005927],[-5.161349,50.006293],[-5.162629,50.006042],[-5.163265,50.005709],[-5.163592,50.004976],[-5.164531,50.004891],[-5.166699,50.003708],[-5.166719,50.003215],[-5.167437,50.002759],[-5.167227,50.002244],[-5.167907,50.002151],[-5.168634,50.001187],[-5.16833,50.001144],[-5.169057,50.000717],[-5.169526,49.999285],[-5.169117,49.999198],[-5.169809,49.998984],[-5.169751,49.998658],[-5.171347,49.99851],[-5.171228,49.998015],[-5.171959,49.997274],[-5.172002,49.995378],[-5.171272,49.994574],[-5.171549,49.993716],[-5.171066,49.99346],[-5.171275,49.993099],[-5.170756,49.992503],[-5.171096,49.991946],[-5.170202,49.991754],[-5.170971,49.991566],[-5.170357,49.991364],[-5.170332,49.991],[-5.171297,49.990737],[-5.172071,49.991115],[-5.17257,49.990848],[-5.172829,49.989074],[-5.173472,49.989024],[-5.173531,49.988588],[-5.173972,49.988714],[-5.174013,49.988403],[-5.174648,49.988616],[-5.174438,49.98815],[-5.174693,49.987849],[-5.175501,49.988319],[-5.175246,49.987369],[-5.175723,49.988041],[-5.177724,49.986746],[-5.178966,49.987431],[-5.179479,49.98733],[-5.178976,49.986753],[-5.179287,49.986592],[-5.179731,49.986944],[-5.180126,49.986185],[-5.179058,49.98531],[-5.179434,49.985026],[-5.179359,49.984646],[-5.18007,49.984559],[-5.180022,49.98252],[-5.180398,49.982467],[-5.180656,49.981444],[-5.181123,49.981336],[-5.181289,49.981745],[-5.182284,49.980496],[-5.183659,49.98051],[-5.184106,49.980855],[-5.184679,49.980654],[-5.184775,49.98034],[-5.185475,49.980338],[-5.18478,49.979954],[-5.185307,49.98007],[-5.1852,49.979632],[-5.186179,49.979357],[-5.185588,49.979016],[-5.186115,49.978947],[-5.185614,49.978402],[-5.184929,49.97819],[-5.185453,49.978179],[-5.185583,49.977935],[-5.185252,49.977855],[-5.186004,49.977533],[-5.18565,49.976102],[-5.186173,49.975958],[-5.186218,49.975315],[-5.186683,49.975206],[-5.186347,49.975117],[-5.187373,49.974713],[-5.187132,49.974436],[-5.188579,49.974121],[-5.188808,49.973536],[-5.188256,49.97335],[-5.188325,49.97208],[-5.187438,49.971645],[-5.187451,49.971421],[-5.188381,49.971387],[-5.187369,49.970801],[-5.187576,49.97032],[-5.186892,49.969802],[-5.187103,49.969354],[-5.185078,49.969411],[-5.18458,49.968771],[-5.185357,49.968869],[-5.185144,49.967997],[-5.184455,49.967617],[-5.18384,49.967773],[-5.183224,49.967124],[-5.183865,49.967237],[-5.184664,49.966683],[-5.184078,49.966511],[-5.184444,49.965998],[-5.185468,49.966044],[-5.186663,49.965138],[-5.18516,49.963873],[-5.185554,49.963606],[-5.18536,49.963526],[-5.185609,49.963094],[-5.188639,49.962399],[-5.189973,49.963188],[-5.189535,49.962087],[-5.190825,49.9617],[-5.191089,49.961959],[-5.191381,49.961763],[-5.191185,49.962069],[-5.191877,49.96216],[-5.191894,49.962495],[-5.192974,49.962632],[-5.192678,49.962947],[-5.196929,49.963951],[-5.19762,49.963616],[-5.196864,49.962736],[-5.197526,49.962985],[-5.198232,49.962793],[-5.198162,49.962323],[-5.198498,49.962642],[-5.198847,49.962197],[-5.199554,49.962392],[-5.199213,49.961828],[-5.199953,49.961464],[-5.199299,49.960984],[-5.200256,49.96092],[-5.199524,49.96066],[-5.199838,49.960225],[-5.198912,49.95965],[-5.1997,49.95936],[-5.199321,49.959109],[-5.199704,49.958948],[-5.200076,49.959358],[-5.200819,49.959379],[-5.202224,49.959134],[-5.202469,49.958793],[-5.202626,49.959091],[-5.204573,49.959155],[-5.205709,49.959557],[-5.206056,49.959337],[-5.20555,49.958855],[-5.206609,49.958695],[-5.206973,49.959303],[-5.207714,49.959098],[-5.207066,49.959367],[-5.207626,49.959549],[-5.207552,49.959791],[-5.208825,49.959439],[-5.208926,49.959707],[-5.209453,49.959592],[-5.209412,49.959879],[-5.21023,49.959798],[-5.210096,49.960013],[-5.212795,49.959228],[-5.215905,49.959533],[-5.216205,49.959865],[-5.215562,49.960236],[-5.216241,49.961627],[-5.215849,49.961797],[-5.216222,49.961791],[-5.215945,49.962071],[-5.216381,49.962515],[-5.216072,49.963245],[-5.216516,49.963195],[-5.216914,49.963603],[-5.216254,49.96381],[-5.216508,49.964034],[-5.215902,49.964305],[-5.21592,49.964674],[-5.215173,49.964935],[-5.216551,49.965183],[-5.216197,49.966367],[-5.21668,49.966613],[-5.215952,49.966801],[-5.216451,49.967407],[-5.215925,49.967903],[-5.217628,49.968011],[-5.217175,49.969127],[-5.217985,49.969323],[-5.217876,49.969718],[-5.218834,49.970916],[-5.220642,49.971932],[-5.223927,49.972452],[-5.225841,49.972423],[-5.226089,49.973087],[-5.227227,49.973334],[-5.227418,49.974071],[-5.228,49.974061],[-5.228032,49.97356],[-5.228863,49.973708],[-5.230237,49.975351],[-5.230773,49.975125],[-5.230615,49.97474],[-5.231211,49.975028],[-5.231657,49.974448],[-5.235569,49.975981],[-5.235704,49.975604],[-5.236183,49.975631],[-5.235814,49.976006],[-5.236249,49.976497],[-5.237515,49.976572],[-5.237203,49.975881],[-5.237749,49.975718],[-5.238509,49.975687],[-5.238963,49.976009],[-5.239461,49.975625],[-5.240007,49.976041],[-5.240326,49.975772],[-5.241018,49.976084],[-5.241084,49.975731],[-5.242045,49.975838],[-5.241922,49.975552],[-5.242371,49.975636],[-5.241876,49.975238],[-5.241953,49.97465],[-5.243642,49.975148],[-5.244754,49.975976],[-5.244705,49.975714],[-5.245134,49.975918],[-5.244991,49.975669],[-5.245629,49.975505],[-5.24688,49.977004],[-5.245329,49.977591],[-5.246628,49.978317],[-5.246333,49.979299],[-5.246648,49.979568],[-5.248741,49.979343],[-5.248898,49.979613],[-5.248621,49.980016],[-5.24733,49.98003],[-5.247739,49.981321],[-5.246175,49.981435],[-5.247135,49.981797],[-5.246869,49.981884],[-5.246974,49.982349],[-5.245544,49.982175],[-5.247024,49.982801],[-5.247258,49.983045],[-5.246639,49.983051],[-5.247128,49.98322],[-5.24693,49.983416],[-5.244541,49.98371],[-5.243924,49.983878],[-5.244038,49.984154],[-5.24494,49.984204],[-5.244832,49.984914],[-5.245625,49.985025],[-5.245091,49.985354],[-5.245507,49.985708],[-5.246232,49.985501],[-5.24644,49.985899],[-5.247001,49.985746],[-5.247965,49.985997],[-5.247956,49.986288],[-5.249402,49.985891],[-5.252136,49.987573],[-5.252914,49.98642],[-5.253544,49.987654],[-5.255076,49.988281],[-5.255137,49.988905],[-5.254651,49.989033],[-5.254968,49.989522],[-5.253997,49.98961],[-5.254117,49.990436],[-5.253231,49.990126],[-5.251355,49.991369],[-5.251779,49.991904],[-5.25263,49.991781],[-5.252019,49.992514],[-5.252653,49.994064],[-5.253851,49.994714],[-5.254246,49.994756],[-5.254196,49.9945],[-5.254814,49.995071],[-5.254392,49.995409],[-5.25453,49.996641],[-5.255106,49.996763],[-5.255362,49.997493],[-5.255725,49.997077],[-5.256334,49.997383],[-5.256805,49.997],[-5.257547,49.997244],[-5.257408,49.997026],[-5.258132,49.996915],[-5.258319,49.996604],[-5.258791,49.997005],[-5.258815,49.996692],[-5.259619,49.996493],[-5.264438,49.99821],[-5.263734,49.998178],[-5.265118,49.998677],[-5.264979,49.999384],[-5.265363,49.998914],[-5.265634,49.999946],[-5.266135,49.999778],[-5.266249,50.000377],[-5.266827,50.000473],[-5.265701,50.0015],[-5.266891,50.001295],[-5.2663,50.001763],[-5.266816,50.001795],[-5.266255,50.002373],[-5.266631,50.002482],[-5.266352,50.002834],[-5.267829,50.002794],[-5.267058,50.003417],[-5.267928,50.003392],[-5.26756,50.003928],[-5.267929,50.004129],[-5.267827,50.004661],[-5.268181,50.004443],[-5.267966,50.004809],[-5.268518,50.00468],[-5.267834,50.005211],[-5.268232,50.005209],[-5.267881,50.005549],[-5.268191,50.005927],[-5.267585,50.006605],[-5.266923,50.006326],[-5.265991,50.006751],[-5.265474,50.006437],[-5.265512,50.007036],[-5.265236,50.006837],[-5.264311,50.007184],[-5.264766,50.007595],[-5.263849,50.008],[-5.264137,50.008707],[-5.263723,50.008671],[-5.26373,50.009086],[-5.262289,50.009537],[-5.262471,50.010077],[-5.261615,50.010537],[-5.26193,50.01116],[-5.261419,50.01111],[-5.261487,50.011909],[-5.260843,50.011712],[-5.261095,50.012638],[-5.260423,50.012328],[-5.26047,50.01313],[-5.259199,50.012676],[-5.259245,50.013053],[-5.258412,50.013067],[-5.258574,50.013503],[-5.257743,50.01437],[-5.258884,50.014972],[-5.2581,50.014985],[-5.258005,50.015412],[-5.25906,50.015434],[-5.259276,50.014984],[-5.259405,50.015939],[-5.260235,50.016177],[-5.260724,50.015998],[-5.261324,50.016628],[-5.260733,50.016756],[-5.260457,50.016407],[-5.260081,50.01694],[-5.259522,50.016565],[-5.259068,50.017284],[-5.259306,50.017874],[-5.258779,50.019109],[-5.257804,50.020039],[-5.257312,50.020108],[-5.257356,50.02087],[-5.256558,50.021013],[-5.255915,50.021714],[-5.256462,50.022042],[-5.255909,50.023034],[-5.256299,50.023606],[-5.256938,50.02397],[-5.258194,50.02361],[-5.258629,50.023882],[-5.25762,50.024508],[-5.259486,50.024712],[-5.260004,50.025241],[-5.26047,50.025047],[-5.26111,50.025293],[-5.26065,50.026231],[-5.261484,50.025984],[-5.262311,50.02668],[-5.262085,50.027134],[-5.262456,50.02683],[-5.262725,50.0271],[-5.263243,50.026969],[-5.262746,50.02745],[-5.262957,50.027752],[-5.263711,50.027908],[-5.264963,50.028948],[-5.264837,50.029301],[-5.265284,50.02932],[-5.26559,50.029922],[-5.265374,50.030747],[-5.266049,50.030829],[-5.265817,50.031445],[-5.265019,50.031904],[-5.262931,50.032287],[-5.261721,50.032913],[-5.261244,50.033343],[-5.261433,50.033672],[-5.262034,50.034385],[-5.263131,50.034134],[-5.26606,50.034201],[-5.266084,50.03455],[-5.266957,50.035019],[-5.266406,50.035193],[-5.266927,50.035516],[-5.266225,50.035915],[-5.266615,50.036129],[-5.26642,50.036521],[-5.267035,50.036556],[-5.267116,50.037114],[-5.266461,50.037485],[-5.268157,50.038417],[-5.26874,50.038449],[-5.268926,50.038097],[-5.269788,50.0379],[-5.270027,50.038466],[-5.271373,50.03847],[-5.270747,50.039228],[-5.27008,50.039291],[-5.270362,50.039599],[-5.270014,50.039777],[-5.271564,50.041127],[-5.272304,50.040955],[-5.272766,50.041569],[-5.27369,50.041751],[-5.274212,50.041397],[-5.274589,50.041883],[-5.275191,50.041526],[-5.275473,50.041829],[-5.276147,50.041772],[-5.276822,50.041095],[-5.276925,50.041566],[-5.277684,50.041802],[-5.278114,50.041562],[-5.277853,50.041908],[-5.278174,50.042072],[-5.280047,50.04186],[-5.280193,50.042621],[-5.27904,50.043005],[-5.279392,50.043211],[-5.27895,50.043507],[-5.280067,50.04341],[-5.279464,50.04396],[-5.280354,50.044054],[-5.281044,50.043331],[-5.281631,50.043359],[-5.281112,50.044423],[-5.280404,50.044508],[-5.280556,50.044725],[-5.279838,50.045222],[-5.278905,50.045495],[-5.278491,50.046389],[-5.278842,50.046689],[-5.277903,50.046718],[-5.27698,50.04772],[-5.276445,50.047601],[-5.275755,50.048226],[-5.27559,50.050246],[-5.27675,50.050295],[-5.277454,50.050685],[-5.27709,50.05098],[-5.277865,50.051192],[-5.276951,50.052082],[-5.277543,50.052807],[-5.278691,50.052815],[-5.278546,50.053232],[-5.278912,50.053382],[-5.27861,50.054195],[-5.280444,50.056947],[-5.284864,50.061214],[-5.288734,50.064403],[-5.305867,50.076738],[-5.308051,50.077641],[-5.309226,50.078761],[-5.310559,50.079156],[-5.313629,50.080923],[-5.316526,50.081862],[-5.316989,50.081772],[-5.317154,50.082116],[-5.318473,50.081667],[-5.315796,50.082946],[-5.316305,50.085223],[-5.317644,50.085137],[-5.317744,50.084793],[-5.317117,50.083858],[-5.316429,50.083989],[-5.316947,50.08367],[-5.316539,50.083282],[-5.31809,50.082678],[-5.320696,50.08271],[-5.321542,50.082269],[-5.321311,50.082747],[-5.322261,50.082793],[-5.322789,50.083993],[-5.323648,50.08462],[-5.325152,50.084658],[-5.326545,50.085099],[-5.326563,50.085425],[-5.327159,50.085433],[-5.327674,50.08742],[-5.328164,50.087254],[-5.328592,50.087651],[-5.328281,50.088095],[-5.328827,50.08798],[-5.328325,50.088776],[-5.328777,50.08914],[-5.330235,50.088669],[-5.331883,50.08941],[-5.332188,50.090451],[-5.334911,50.091372],[-5.336492,50.091031],[-5.337432,50.091346],[-5.337709,50.091168],[-5.338306,50.091782],[-5.339116,50.091972],[-5.340681,50.091659],[-5.341817,50.091932],[-5.343706,50.091654],[-5.346328,50.092538],[-5.34631,50.092291],[-5.347852,50.091702],[-5.348894,50.092116],[-5.351136,50.090906],[-5.352114,50.091226],[-5.353334,50.090305],[-5.354344,50.090528],[-5.354635,50.090154],[-5.35631,50.090463],[-5.356164,50.090039],[-5.356968,50.09018],[-5.357777,50.089222],[-5.359116,50.089502],[-5.359607,50.089245],[-5.359882,50.089501],[-5.360261,50.089143],[-5.36057,50.089426],[-5.361339,50.089409],[-5.36178,50.088895],[-5.3632,50.089017],[-5.362375,50.089437],[-5.363696,50.089342],[-5.36375,50.089612],[-5.363248,50.089703],[-5.363625,50.090201],[-5.36422,50.090133],[-5.363843,50.090691],[-5.364369,50.091176],[-5.364773,50.091131],[-5.364326,50.091384],[-5.365384,50.092217],[-5.366267,50.093649],[-5.367791,50.093795],[-5.369024,50.093285],[-5.369248,50.093797],[-5.369711,50.093816],[-5.370327,50.093354],[-5.372243,50.093345],[-5.372735,50.093699],[-5.372402,50.093877],[-5.372558,50.095273],[-5.374863,50.09677],[-5.374477,50.09719],[-5.374851,50.097651],[-5.384307,50.101597],[-5.391246,50.103511],[-5.39351,50.103631],[-5.395259,50.103068],[-5.395672,50.102693],[-5.395327,50.10238],[-5.395762,50.101436],[-5.396514,50.101169],[-5.397299,50.101573],[-5.396781,50.101184],[-5.397735,50.101086],[-5.397474,50.100753],[-5.399537,50.101132],[-5.400078,50.101819],[-5.401334,50.101809],[-5.402481,50.10243],[-5.402585,50.102833],[-5.403667,50.102716],[-5.404042,50.103125],[-5.404468,50.103077],[-5.404477,50.103529],[-5.405881,50.103638],[-5.405826,50.104117],[-5.406895,50.103747],[-5.406809,50.103997],[-5.408863,50.104537],[-5.413082,50.103907],[-5.415572,50.102038],[-5.414818,50.101043],[-5.414989,50.100701],[-5.41549,50.100716],[-5.415023,50.100295],[-5.415227,50.099921],[-5.416495,50.100064],[-5.416775,50.100349],[-5.416535,50.100562],[-5.417217,50.101074],[-5.418719,50.101156],[-5.41841,50.100026],[-5.418861,50.100159],[-5.419089,50.099775],[-5.419309,50.100028],[-5.419167,50.0994],[-5.419892,50.098856],[-5.420215,50.098842],[-5.420034,50.099197],[-5.420477,50.099429],[-5.420821,50.099042],[-5.421074,50.099175],[-5.421002,50.099888],[-5.422061,50.099513],[-5.422489,50.099796],[-5.423248,50.098498],[-5.424127,50.098978],[-5.425023,50.09878],[-5.426042,50.098997],[-5.426281,50.098488],[-5.426898,50.098603],[-5.42936,50.096906],[-5.429398,50.097537],[-5.428135,50.098539],[-5.428513,50.098403],[-5.427885,50.099128],[-5.428288,50.099288],[-5.426751,50.100972],[-5.427374,50.100968],[-5.426888,50.101162],[-5.428134,50.102239],[-5.427702,50.102955],[-5.428746,50.103638],[-5.427992,50.104269],[-5.429154,50.105455],[-5.43124,50.105173],[-5.432157,50.106175],[-5.432233,50.105665],[-5.433374,50.105844],[-5.433538,50.106238],[-5.434111,50.10629],[-5.434059,50.106582],[-5.434456,50.106437],[-5.434412,50.106836],[-5.434844,50.106852],[-5.434019,50.107892],[-5.434521,50.108409],[-5.435545,50.108799],[-5.435982,50.108468],[-5.436122,50.108956],[-5.436933,50.109092],[-5.436965,50.109583],[-5.439381,50.110679],[-5.439979,50.110647],[-5.440727,50.111786],[-5.444599,50.112677],[-5.447298,50.111156],[-5.448255,50.111019],[-5.448205,50.111531],[-5.449089,50.112456],[-5.450393,50.112137],[-5.450506,50.113166],[-5.451161,50.113694],[-5.453749,50.113815],[-5.453277,50.11501],[-5.454023,50.117892],[-5.454714,50.118345],[-5.458949,50.119362],[-5.460556,50.122005],[-5.462587,50.122988],[-5.46841,50.123519],[-5.470196,50.12323],[-5.470713,50.122884],[-5.470461,50.122313],[-5.471224,50.122555],[-5.471318,50.122237],[-5.471798,50.122926],[-5.47234,50.122724],[-5.472244,50.122903],[-5.475712,50.123527],[-5.480703,50.126636],[-5.483902,50.127552],[-5.495925,50.128711],[-5.524662,50.125985],[-5.525051,50.126341],[-5.524974,50.125887],[-5.528159,50.125094],[-5.530471,50.123407],[-5.53063,50.122333],[-5.531266,50.121782],[-5.52973,50.118195],[-5.530824,50.120196],[-5.533262,50.119326],[-5.533667,50.117538],[-5.533164,50.117115],[-5.532478,50.117677],[-5.53175,50.117249],[-5.530446,50.117626],[-5.529686,50.117129],[-5.528055,50.117674],[-5.529153,50.117252],[-5.529458,50.116457],[-5.530846,50.115705],[-5.531178,50.114152],[-5.53263,50.115232],[-5.537393,50.113918],[-5.545586,50.109707],[-5.54785,50.107917],[-5.548509,50.106629],[-5.549251,50.106383],[-5.543997,50.103288],[-5.548649,50.105902],[-5.548767,50.104817],[-5.54811,50.1043],[-5.549337,50.103199],[-5.548026,50.102727],[-5.547546,50.102189],[-5.546666,50.102168],[-5.546959,50.102639],[-5.546317,50.101645],[-5.545684,50.101337],[-5.54393,50.102023],[-5.542932,50.102864],[-5.543865,50.101955],[-5.543034,50.099531],[-5.53967,50.097525],[-5.538512,50.095936],[-5.538532,50.094887],[-5.538219,50.095157],[-5.538702,50.094515],[-5.538139,50.09292],[-5.533819,50.089369],[-5.533292,50.088511],[-5.53565,50.085484],[-5.535637,50.084515],[-5.537726,50.083555],[-5.537835,50.082859],[-5.537897,50.083641],[-5.539142,50.083138],[-5.538526,50.082113],[-5.537679,50.082634],[-5.538878,50.081581],[-5.538163,50.080128],[-5.538672,50.079411],[-5.53839,50.078717],[-5.538574,50.078408],[-5.539488,50.078284],[-5.539846,50.076878],[-5.539482,50.075807],[-5.540721,50.074922],[-5.541713,50.073078],[-5.541926,50.071541],[-5.542675,50.070983],[-5.542201,50.070626],[-5.542646,50.070227],[-5.543776,50.069992],[-5.544146,50.069394],[-5.545293,50.069314],[-5.545708,50.06889],[-5.545245,50.068733],[-5.545602,50.068641],[-5.545358,50.06834],[-5.546728,50.068291],[-5.547529,50.067088],[-5.548493,50.066996],[-5.548268,50.066796],[-5.548714,50.066487],[-5.548826,50.064844],[-5.549183,50.064909],[-5.549282,50.064178],[-5.549938,50.064365],[-5.550175,50.063866],[-5.550693,50.063906],[-5.550397,50.063211],[-5.550828,50.062592],[-5.550348,50.062223],[-5.552165,50.061915],[-5.552901,50.060713],[-5.553405,50.060831],[-5.554588,50.059821],[-5.555323,50.059898],[-5.555121,50.060523],[-5.556408,50.061213],[-5.558098,50.061136],[-5.560612,50.062204],[-5.563116,50.062538],[-5.564375,50.061745],[-5.563836,50.06162],[-5.564149,50.061027],[-5.563542,50.059653],[-5.56392,50.059681],[-5.563605,50.059398],[-5.564147,50.059128],[-5.563631,50.05888],[-5.563717,50.058247],[-5.566272,50.057548],[-5.568194,50.0562],[-5.569038,50.055019],[-5.570355,50.055294],[-5.572781,50.054885],[-5.572405,50.054205],[-5.572878,50.054356],[-5.574372,50.053176],[-5.575726,50.053087],[-5.576409,50.052613],[-5.576202,50.052319],[-5.576461,50.052078],[-5.577429,50.052036],[-5.577301,50.051735],[-5.57781,50.05169],[-5.5786,50.05232],[-5.580726,50.052616],[-5.581028,50.053225],[-5.581855,50.05256],[-5.583021,50.052921],[-5.583353,50.052563],[-5.58438,50.053319],[-5.584714,50.052366],[-5.585698,50.052638],[-5.585816,50.052025],[-5.586282,50.051641],[-5.586564,50.051955],[-5.58749,50.05136],[-5.590313,50.050907],[-5.589749,50.050449],[-5.58994,50.050228],[-5.592415,50.052029],[-5.594136,50.052616],[-5.596143,50.052649],[-5.597179,50.052292],[-5.597269,50.052009],[-5.59905,50.052202],[-5.600955,50.051892],[-5.605499,50.048864],[-5.607647,50.048253],[-5.61146,50.049442],[-5.612181,50.049498],[-5.61261,50.049006],[-5.614308,50.049935],[-5.614735,50.049434],[-5.615397,50.049721],[-5.615286,50.049265],[-5.615772,50.048823],[-5.619141,50.051218],[-5.619879,50.050909],[-5.619745,50.050139],[-5.620053,50.050257],[-5.620701,50.04963],[-5.622371,50.049554],[-5.623445,50.050022],[-5.624154,50.049908],[-5.623848,50.04968],[-5.624276,50.049759],[-5.624128,50.04951],[-5.625065,50.049571],[-5.625397,50.049094],[-5.624738,50.048703],[-5.625613,50.04869],[-5.62513,50.048421],[-5.62564,50.048411],[-5.625342,50.048156],[-5.625893,50.048436],[-5.625651,50.047031],[-5.628641,50.047613],[-5.629292,50.047467],[-5.628632,50.046563],[-5.628966,50.046387],[-5.627869,50.045564],[-5.627922,50.045065],[-5.628213,50.045069],[-5.628087,50.044442],[-5.628694,50.044612],[-5.62853,50.044081],[-5.629487,50.044102],[-5.629505,50.043842],[-5.630305,50.044063],[-5.630084,50.043286],[-5.630734,50.043446],[-5.630872,50.042981],[-5.633029,50.044123],[-5.633069,50.043851],[-5.633943,50.044219],[-5.634336,50.044038],[-5.634464,50.042275],[-5.635806,50.041565],[-5.635108,50.040869],[-5.635806,50.040624],[-5.636201,50.04082],[-5.636382,50.040037],[-5.637639,50.040882],[-5.637058,50.04158],[-5.637922,50.04199],[-5.637525,50.0422],[-5.637851,50.042358],[-5.637702,50.042945],[-5.638888,50.042849],[-5.639258,50.04338],[-5.639836,50.042973],[-5.640028,50.043506],[-5.640597,50.043416],[-5.641221,50.04378],[-5.640969,50.043909],[-5.642713,50.044564],[-5.643214,50.04435],[-5.64329,50.043847],[-5.644069,50.044093],[-5.644346,50.043832],[-5.645044,50.043921],[-5.645592,50.043282],[-5.648124,50.04387],[-5.648622,50.043742],[-5.648467,50.042917],[-5.649684,50.043202],[-5.650217,50.043029],[-5.650973,50.042517],[-5.650111,50.040235],[-5.650894,50.040673],[-5.651817,50.039705],[-5.652431,50.039974],[-5.652408,50.039646],[-5.65324,50.039799],[-5.652747,50.038274],[-5.653529,50.038244],[-5.653289,50.037812],[-5.654341,50.037848],[-5.656431,50.038719],[-5.656883,50.039233],[-5.658432,50.039447],[-5.658965,50.03898],[-5.65947,50.039113],[-5.659784,50.038566],[-5.660748,50.038701],[-5.660708,50.038259],[-5.661288,50.038298],[-5.660917,50.03804],[-5.661489,50.038286],[-5.662066,50.038052],[-5.661958,50.037555],[-5.66293,50.038061],[-5.663335,50.037779],[-5.66402,50.038335],[-5.665772,50.038028],[-5.666062,50.037612],[-5.666475,50.037823],[-5.666512,50.037442],[-5.669679,50.037448],[-5.669843,50.037153],[-5.669276,50.036516],[-5.669779,50.036638],[-5.66991,50.036151],[-5.672243,50.037265],[-5.672061,50.035977],[-5.672919,50.034668],[-5.673425,50.034726],[-5.673433,50.035036],[-5.674276,50.034883],[-5.676668,50.035662],[-5.676654,50.035232],[-5.677113,50.035206],[-5.676828,50.034852],[-5.678143,50.035312],[-5.679233,50.034971],[-5.680053,50.035596],[-5.6794,50.035825],[-5.681387,50.03643],[-5.68188,50.037354],[-5.68252,50.036993],[-5.684582,50.037921],[-5.682698,50.038394],[-5.681844,50.039262],[-5.682004,50.039724],[-5.682929,50.039679],[-5.683477,50.040177],[-5.684872,50.040127],[-5.685419,50.040468],[-5.685433,50.040212],[-5.686162,50.040618],[-5.686081,50.040995],[-5.686597,50.040749],[-5.686898,50.041123],[-5.686516,50.041394],[-5.686868,50.041284],[-5.687331,50.041916],[-5.688101,50.041933],[-5.686949,50.04258],[-5.687176,50.042918],[-5.687742,50.042899],[-5.687406,50.043245],[-5.688293,50.043034],[-5.690717,50.044636],[-5.691046,50.045329],[-5.689459,50.045362],[-5.689141,50.045643],[-5.689003,50.046149],[-5.689615,50.046594],[-5.688953,50.046402],[-5.689474,50.046785],[-5.688603,50.046821],[-5.688874,50.047302],[-5.688147,50.047595],[-5.688597,50.047911],[-5.688186,50.048251],[-5.688371,50.048533],[-5.690657,50.049524],[-5.690966,50.049264],[-5.691613,50.049691],[-5.692381,50.049407],[-5.692445,50.04988],[-5.693446,50.050092],[-5.695386,50.049599],[-5.695881,50.049771],[-5.694869,50.050404],[-5.695452,50.050527],[-5.694703,50.050655],[-5.695254,50.050828],[-5.694473,50.051286],[-5.69374,50.051016],[-5.694024,50.051225],[-5.694076,50.052648],[-5.694327,50.052815],[-5.694013,50.053258],[-5.69324,50.053243],[-5.693605,50.052935],[-5.692834,50.053342],[-5.692577,50.054014],[-5.695738,50.054933],[-5.698422,50.05526],[-5.700288,50.056119],[-5.701045,50.055893],[-5.701514,50.05512],[-5.705656,50.054972],[-5.706251,50.055741],[-5.705523,50.056574],[-5.70679,50.057032],[-5.706756,50.057529],[-5.710639,50.058112],[-5.710765,50.058554],[-5.709507,50.060609],[-5.710172,50.061045],[-5.712202,50.061311],[-5.712641,50.062091],[-5.71476,50.063014],[-5.714016,50.063728],[-5.714416,50.063941],[-5.714236,50.064204],[-5.715084,50.064201],[-5.714798,50.064548],[-5.715812,50.065233],[-5.715782,50.065692],[-5.716163,50.065879],[-5.715794,50.066171],[-5.716456,50.066293],[-5.715214,50.067393],[-5.716203,50.067756],[-5.716049,50.068579],[-5.716515,50.068447],[-5.716504,50.06869],[-5.717018,50.06879],[-5.716252,50.069269],[-5.714505,50.068629],[-5.714365,50.069075],[-5.713566,50.068992],[-5.7133,50.069657],[-5.711197,50.069976],[-5.70947,50.071226],[-5.708952,50.073177],[-5.708244,50.073691],[-5.708762,50.073845],[-5.708372,50.074261],[-5.70925,50.074355],[-5.708917,50.07448],[-5.709547,50.075198],[-5.708775,50.076071],[-5.709121,50.076003],[-5.709601,50.07668],[-5.708807,50.077673],[-5.704812,50.078078],[-5.704294,50.078732],[-5.70469,50.078171],[-5.703604,50.077979],[-5.7019,50.077869],[-5.698758,50.078283],[-5.694795,50.080463],[-5.692661,50.082836],[-5.69171,50.085428],[-5.690981,50.086246],[-5.690976,50.086976],[-5.688961,50.088479],[-5.688587,50.090382],[-5.689216,50.092346],[-5.691579,50.094148],[-5.694611,50.094445],[-5.694091,50.095288],[-5.694219,50.09599],[-5.695887,50.097702],[-5.696414,50.09758],[-5.696569,50.098061],[-5.696995,50.097997],[-5.69713,50.09872],[-5.697562,50.098882],[-5.697087,50.099029],[-5.697532,50.099401],[-5.696982,50.100308],[-5.697382,50.101516],[-5.696723,50.103078],[-5.697082,50.104997],[-5.698326,50.106488],[-5.698883,50.108447],[-5.69789,50.109488],[-5.697351,50.110835],[-5.698449,50.111749],[-5.700751,50.112629],[-5.699428,50.114974],[-5.700772,50.115986],[-5.700205,50.116719],[-5.700637,50.117239],[-5.700183,50.117712],[-5.701075,50.118748],[-5.70046,50.118939],[-5.700463,50.119523],[-5.701438,50.119796],[-5.703083,50.120907],[-5.702996,50.121194],[-5.703363,50.121139],[-5.703378,50.121478],[-5.705445,50.122392],[-5.705354,50.123054],[-5.706013,50.125009],[-5.705553,50.125508],[-5.705832,50.12602],[-5.709332,50.126596],[-5.710056,50.126923],[-5.710176,50.12736],[-5.709366,50.127883],[-5.708598,50.12789],[-5.709142,50.128234],[-5.708009,50.128533],[-5.707826,50.128938],[-5.705994,50.128429],[-5.705709,50.128701],[-5.705412,50.128332],[-5.704266,50.128128],[-5.703633,50.128395],[-5.702071,50.130289],[-5.702623,50.130822],[-5.70238,50.130953],[-5.703413,50.131473],[-5.701972,50.131864],[-5.703124,50.132271],[-5.703163,50.132715],[-5.704015,50.133126],[-5.703851,50.133424],[-5.70325,50.133353],[-5.703602,50.133906],[-5.705187,50.134284],[-5.704637,50.134389],[-5.704874,50.134852],[-5.703639,50.134838],[-5.703919,50.135274],[-5.703529,50.135361],[-5.702077,50.134677],[-5.702191,50.135023],[-5.7008,50.135896],[-5.701374,50.136111],[-5.700469,50.136712],[-5.69952,50.136629],[-5.698824,50.137069],[-5.697462,50.136528],[-5.69584,50.136641],[-5.695039,50.137182],[-5.695067,50.137565],[-5.694055,50.137537],[-5.694454,50.138],[-5.69339,50.138066],[-5.693857,50.138958],[-5.69339,50.139912],[-5.693759,50.140616],[-5.693114,50.140839],[-5.694008,50.141317],[-5.693425,50.141566],[-5.692489,50.14139],[-5.692382,50.142159],[-5.692984,50.142302],[-5.692545,50.142493],[-5.692907,50.142702],[-5.694139,50.143062],[-5.693545,50.143169],[-5.694142,50.143812],[-5.693606,50.144305],[-5.693937,50.144331],[-5.693874,50.144789],[-5.694272,50.144906],[-5.694389,50.145781],[-5.69413,50.145648],[-5.693641,50.146962],[-5.693007,50.146811],[-5.692707,50.146311],[-5.693035,50.14733],[-5.69234,50.147122],[-5.692728,50.147431],[-5.691553,50.147431],[-5.691759,50.147732],[-5.691363,50.147863],[-5.691812,50.147924],[-5.692864,50.149007],[-5.691614,50.149165],[-5.691786,50.149745],[-5.69149,50.14998],[-5.691886,50.150328],[-5.690745,50.150478],[-5.690865,50.150678],[-5.690478,50.150516],[-5.690855,50.150907],[-5.690504,50.150859],[-5.690452,50.151347],[-5.689384,50.151331],[-5.68946,50.152193],[-5.688875,50.151841],[-5.688785,50.152176],[-5.687821,50.152238],[-5.686654,50.151863],[-5.687233,50.152611],[-5.68701,50.152932],[-5.686549,50.152473],[-5.686188,50.152728],[-5.685981,50.152517],[-5.685592,50.153403],[-5.684754,50.153016],[-5.684993,50.153954],[-5.684076,50.153827],[-5.684415,50.15434],[-5.684181,50.154173],[-5.683556,50.155295],[-5.681926,50.155883],[-5.680853,50.155882],[-5.68098,50.156284],[-5.680472,50.156315],[-5.680562,50.157273],[-5.679108,50.158343],[-5.679592,50.159084],[-5.678818,50.159335],[-5.678405,50.158989],[-5.677774,50.16043],[-5.676223,50.160393],[-5.675884,50.160646],[-5.675153,50.160349],[-5.675702,50.161133],[-5.673998,50.161137],[-5.673041,50.162236],[-5.671711,50.161992],[-5.672153,50.162487],[-5.671185,50.162712],[-5.672319,50.163283],[-5.67202,50.163933],[-5.672944,50.164466],[-5.672584,50.164847],[-5.673229,50.165027],[-5.67265,50.165415],[-5.673517,50.165198],[-5.673065,50.165582],[-5.673237,50.166022],[-5.672684,50.16596],[-5.67306,50.166244],[-5.671888,50.165855],[-5.672473,50.166387],[-5.671943,50.166386],[-5.671539,50.166784],[-5.670249,50.166474],[-5.670413,50.1661],[-5.668823,50.166087],[-5.668125,50.165309],[-5.666741,50.165905],[-5.666378,50.165639],[-5.665335,50.165768],[-5.664863,50.165418],[-5.662384,50.165388],[-5.662508,50.165035],[-5.662181,50.165009],[-5.66252,50.164758],[-5.661294,50.164701],[-5.66032,50.164018],[-5.659973,50.164188],[-5.660017,50.163963],[-5.659167,50.163746],[-5.657925,50.163796],[-5.656837,50.164236],[-5.656574,50.164876],[-5.656077,50.164584],[-5.656277,50.166207],[-5.655669,50.165986],[-5.655936,50.166345],[-5.654829,50.16653],[-5.654446,50.167133],[-5.653445,50.167186],[-5.65353,50.167582],[-5.653211,50.167277],[-5.652541,50.167652],[-5.651868,50.167333],[-5.651264,50.168203],[-5.648978,50.16768],[-5.648499,50.168203],[-5.646447,50.167936],[-5.645773,50.168414],[-5.646109,50.168878],[-5.645494,50.168896],[-5.64496,50.168144],[-5.644643,50.168412],[-5.643656,50.167868],[-5.642746,50.168117],[-5.640999,50.167459],[-5.640052,50.167551],[-5.639972,50.16731],[-5.637727,50.167435],[-5.638655,50.167644],[-5.638289,50.168193],[-5.637706,50.16747],[-5.636376,50.167394],[-5.636389,50.168074],[-5.635761,50.167873],[-5.635469,50.168267],[-5.634826,50.168362],[-5.634005,50.168217],[-5.633811,50.167531],[-5.633765,50.167932],[-5.632684,50.1679],[-5.632164,50.168335],[-5.63183,50.167882],[-5.631255,50.16801],[-5.631145,50.167385],[-5.630895,50.167976],[-5.629385,50.167657],[-5.628895,50.167811],[-5.628903,50.168344],[-5.627976,50.168406],[-5.627442,50.168776],[-5.627587,50.169518],[-5.626024,50.169105],[-5.625387,50.169244],[-5.625494,50.169809],[-5.62475,50.170472],[-5.625487,50.171655],[-5.625069,50.172113],[-5.624422,50.172004],[-5.624475,50.172852],[-5.623648,50.173231],[-5.62339,50.172766],[-5.622433,50.173153],[-5.621528,50.172835],[-5.622218,50.173976],[-5.621854,50.174285],[-5.620197,50.173791],[-5.619625,50.173902],[-5.621475,50.176774],[-5.621316,50.177378],[-5.62083,50.177674],[-5.620376,50.177326],[-5.619986,50.177777],[-5.618958,50.176891],[-5.61784,50.176954],[-5.618565,50.178781],[-5.617619,50.179448],[-5.617132,50.178671],[-5.616752,50.179019],[-5.616268,50.17896],[-5.616185,50.17974],[-5.615667,50.179996],[-5.614615,50.179789],[-5.615453,50.18052],[-5.615356,50.180992],[-5.614888,50.181099],[-5.61487,50.181863],[-5.614454,50.181948],[-5.614823,50.180633],[-5.61401,50.181674],[-5.613431,50.181848],[-5.611506,50.181677],[-5.611569,50.181353],[-5.610332,50.181661],[-5.610193,50.180915],[-5.609433,50.181025],[-5.60843,50.180685],[-5.606943,50.181083],[-5.607316,50.182663],[-5.607826,50.182431],[-5.6081,50.182678],[-5.607829,50.183291],[-5.608113,50.183246],[-5.608173,50.18391],[-5.609045,50.18388],[-5.608992,50.185131],[-5.608507,50.185632],[-5.608202,50.185436],[-5.607533,50.186306],[-5.606772,50.185976],[-5.606483,50.186143],[-5.606774,50.185639],[-5.604918,50.185529],[-5.604686,50.186136],[-5.603971,50.186],[-5.604256,50.186613],[-5.603045,50.187064],[-5.603479,50.187709],[-5.603529,50.188058],[-5.603181,50.188249],[-5.603369,50.188677],[-5.602545,50.188726],[-5.601688,50.188243],[-5.602166,50.188676],[-5.601823,50.188629],[-5.601311,50.189703],[-5.599469,50.18954],[-5.600118,50.190197],[-5.598605,50.190471],[-5.598929,50.190632],[-5.598896,50.191003],[-5.599789,50.191266],[-5.599677,50.192036],[-5.600483,50.192708],[-5.600281,50.19286],[-5.600666,50.193339],[-5.599403,50.193458],[-5.598453,50.192896],[-5.597598,50.190124],[-5.596578,50.189992],[-5.59562,50.188646],[-5.594833,50.188661],[-5.594779,50.188893],[-5.59435,50.188573],[-5.594067,50.189064],[-5.593191,50.189427],[-5.593466,50.189656],[-5.592678,50.189463],[-5.592619,50.188797],[-5.59214,50.188693],[-5.591645,50.189011],[-5.590855,50.188663],[-5.590776,50.189588],[-5.589626,50.190559],[-5.589913,50.191283],[-5.589366,50.19195],[-5.588801,50.19163],[-5.588393,50.191827],[-5.588586,50.191588],[-5.587619,50.191879],[-5.587677,50.191464],[-5.586889,50.191627],[-5.585475,50.190838],[-5.585235,50.191366],[-5.58465,50.191425],[-5.585667,50.192536],[-5.585295,50.192834],[-5.585759,50.192949],[-5.585726,50.193685],[-5.586156,50.193535],[-5.585812,50.194348],[-5.585424,50.194148],[-5.585049,50.195525],[-5.583995,50.195295],[-5.583316,50.195719],[-5.58296,50.194864],[-5.581507,50.194227],[-5.580777,50.194354],[-5.579789,50.195482],[-5.577414,50.194997],[-5.576919,50.195688],[-5.578204,50.197526],[-5.577217,50.196992],[-5.578089,50.198046],[-5.578699,50.197969],[-5.578383,50.198617],[-5.578657,50.198743],[-5.578052,50.199141],[-5.576751,50.198888],[-5.577162,50.199632],[-5.576446,50.199889],[-5.575604,50.200973],[-5.5749,50.201136],[-5.573176,50.200004],[-5.572764,50.200118],[-5.572371,50.199388],[-5.572562,50.198592],[-5.571703,50.198298],[-5.570532,50.198707],[-5.569631,50.198312],[-5.568231,50.199571],[-5.565407,50.199611],[-5.564739,50.200845],[-5.564089,50.20124],[-5.564409,50.200794],[-5.563855,50.201057],[-5.563889,50.201451],[-5.562386,50.201639],[-5.561778,50.202717],[-5.560634,50.203227],[-5.560243,50.204113],[-5.559384,50.204076],[-5.559428,50.204464],[-5.557214,50.203747],[-5.555168,50.204207],[-5.554755,50.205142],[-5.555054,50.205303],[-5.554598,50.20528],[-5.554515,50.205746],[-5.555017,50.206078],[-5.553579,50.206251],[-5.554891,50.206436],[-5.554217,50.206802],[-5.554734,50.206834],[-5.553974,50.207416],[-5.555116,50.207483],[-5.554959,50.207949],[-5.555311,50.207909],[-5.555414,50.208262],[-5.55507,50.208531],[-5.555815,50.208612],[-5.555103,50.208876],[-5.5549,50.209378],[-5.553606,50.20974],[-5.551913,50.209421],[-5.552053,50.209605],[-5.550079,50.209607],[-5.550578,50.210371],[-5.549653,50.210471],[-5.550061,50.210949],[-5.548943,50.211422],[-5.548631,50.211998],[-5.547921,50.211824],[-5.546839,50.212213],[-5.545168,50.211858],[-5.545071,50.212244],[-5.544446,50.212447],[-5.543286,50.211589],[-5.542685,50.211787],[-5.542848,50.212138],[-5.542287,50.21202],[-5.541675,50.212812],[-5.541816,50.213996],[-5.541321,50.214136],[-5.540659,50.213571],[-5.540745,50.214243],[-5.540311,50.214726],[-5.539732,50.214588],[-5.538784,50.216244],[-5.5373,50.215714],[-5.536952,50.215239],[-5.535471,50.2155],[-5.534944,50.21513],[-5.534163,50.215135],[-5.533236,50.214097],[-5.531343,50.21365],[-5.530757,50.213787],[-5.530393,50.213452],[-5.529676,50.214058],[-5.528669,50.213855],[-5.528528,50.2142],[-5.527047,50.213876],[-5.525622,50.214271],[-5.52498,50.214006],[-5.523558,50.214722],[-5.520925,50.214976],[-5.520157,50.214722],[-5.520375,50.215378],[-5.520961,50.215718],[-5.520452,50.216091],[-5.520711,50.216362],[-5.520153,50.21701],[-5.519416,50.217154],[-5.519396,50.216796],[-5.518463,50.21729],[-5.518013,50.216552],[-5.517758,50.21701],[-5.516875,50.217063],[-5.51569,50.215617],[-5.514838,50.215873],[-5.514255,50.215531],[-5.512806,50.215638],[-5.512533,50.21542],[-5.511259,50.215946],[-5.510632,50.215762],[-5.509648,50.216827],[-5.510308,50.217068],[-5.509858,50.217033],[-5.50974,50.21773],[-5.50887,50.218369],[-5.50862,50.218378],[-5.508552,50.217945],[-5.50797,50.218227],[-5.508057,50.217704],[-5.507115,50.217375],[-5.506129,50.217443],[-5.505241,50.217911],[-5.504053,50.217558],[-5.503605,50.218138],[-5.502851,50.218082],[-5.502296,50.218687],[-5.502218,50.218293],[-5.50062,50.217856],[-5.50064,50.218956],[-5.498321,50.219874],[-5.495499,50.219433],[-5.495003,50.218199],[-5.493331,50.216859],[-5.490107,50.216343],[-5.488504,50.216907],[-5.48814,50.216739],[-5.488196,50.216024],[-5.48681,50.215047],[-5.485755,50.214862],[-5.484338,50.215036],[-5.479841,50.216595],[-5.479511,50.21702],[-5.480147,50.217351],[-5.4798,50.217677],[-5.480099,50.218313],[-5.479631,50.21868],[-5.478097,50.219228],[-5.477486,50.218732],[-5.477434,50.218986],[-5.475673,50.218861],[-5.475833,50.218538],[-5.475378,50.218145],[-5.47627,50.217444],[-5.475901,50.216933],[-5.474998,50.216634],[-5.476197,50.215945],[-5.476251,50.215469],[-5.475645,50.215271],[-5.476338,50.215159],[-5.476677,50.213402],[-5.476618,50.214986],[-5.479471,50.214797],[-5.479717,50.213092],[-5.478759,50.213035],[-5.479505,50.212836],[-5.479516,50.21241],[-5.47848,50.211385],[-5.477611,50.211418],[-5.477124,50.211067],[-5.47728,50.210196],[-5.473932,50.207819],[-5.47226,50.207455],[-5.471126,50.20758],[-5.471101,50.207077],[-5.470355,50.207242],[-5.470307,50.206569],[-5.469417,50.206367],[-5.469158,50.204775],[-5.469717,50.204215],[-5.468975,50.203872],[-5.469646,50.203101],[-5.469218,50.202626],[-5.469915,50.201694],[-5.469406,50.201322],[-5.469621,50.200814],[-5.469165,50.199866],[-5.460352,50.197729],[-5.455848,50.198177],[-5.454951,50.197346],[-5.455093,50.196312],[-5.453465,50.195307],[-5.443129,50.195119],[-5.439696,50.194632],[-5.438128,50.193764],[-5.436808,50.193524],[-5.434884,50.190599],[-5.4334,50.189117],[-5.432871,50.189144],[-5.431422,50.187834],[-5.430787,50.186718],[-5.433829,50.186138],[-5.43575,50.1853],[-5.437051,50.181498],[-5.438153,50.180401],[-5.441002,50.178554],[-5.440619,50.176824],[-5.440259,50.176888],[-5.440588,50.176719],[-5.439726,50.17695],[-5.440271,50.176664],[-5.440376,50.176296],[-5.441799,50.176302],[-5.440765,50.176112],[-5.440407,50.176223],[-5.439694,50.176788],[-5.437093,50.176053],[-5.433923,50.173875],[-5.43222,50.169666],[-5.433584,50.165804],[-5.432951,50.164327],[-5.433522,50.165891],[-5.43216,50.169631],[-5.432314,50.170495],[-5.433884,50.174009],[-5.437034,50.176213],[-5.433766,50.177111],[-5.431183,50.178735],[-5.430476,50.180552],[-5.430658,50.182185],[-5.433009,50.183299],[-5.430248,50.182379],[-5.429736,50.183049],[-5.426321,50.184327],[-5.425206,50.185396],[-5.424778,50.185366],[-5.424293,50.185828],[-5.423937,50.185582],[-5.425061,50.187554],[-5.424795,50.187991],[-5.421621,50.184556],[-5.42131,50.184735],[-5.422192,50.186296],[-5.424894,50.188819],[-5.422909,50.188224],[-5.419729,50.188467],[-5.415414,50.190554],[-5.409037,50.19153],[-5.407053,50.192828],[-5.409733,50.191499],[-5.412343,50.191378],[-5.410158,50.191702],[-5.410092,50.192291],[-5.41089,50.192073],[-5.411144,50.192564],[-5.410841,50.19281],[-5.41017,50.192527],[-5.410662,50.192942],[-5.410379,50.193294],[-5.410787,50.193012],[-5.412137,50.193535],[-5.413439,50.193283],[-5.419535,50.190768],[-5.422526,50.188852],[-5.422304,50.188434],[-5.423249,50.188743],[-5.423425,50.189216],[-5.42577,50.189455],[-5.430169,50.190536],[-5.431738,50.191549],[-5.432177,50.190897],[-5.433535,50.191137],[-5.434421,50.191871],[-5.433662,50.193794],[-5.433057,50.194557],[-5.430656,50.195899],[-5.430089,50.197569],[-5.42866,50.198438],[-5.427862,50.199461],[-5.423969,50.200994],[-5.418224,50.204006],[-5.412688,50.20752],[-5.40198,50.215808],[-5.398034,50.220569],[-5.398216,50.220812],[-5.397033,50.221609],[-5.397015,50.222241],[-5.396629,50.222169],[-5.396522,50.223038],[-5.396113,50.223081],[-5.395958,50.223587],[-5.396079,50.224524],[-5.394499,50.224822],[-5.393625,50.225574],[-5.390945,50.229834],[-5.391046,50.230582],[-5.391543,50.230509],[-5.392108,50.230937],[-5.391652,50.231271],[-5.39142,50.233235],[-5.392249,50.234145],[-5.392778,50.234073],[-5.392435,50.235147],[-5.393391,50.235625],[-5.392911,50.23606],[-5.394609,50.237083],[-5.39519,50.236477],[-5.395654,50.236518],[-5.395537,50.237095],[-5.394736,50.23734],[-5.394632,50.23774],[-5.395185,50.238318],[-5.394656,50.238532],[-5.394963,50.238635],[-5.394662,50.239008],[-5.394976,50.239297],[-5.39544,50.239198],[-5.395204,50.239432],[-5.395826,50.239229],[-5.395352,50.239598],[-5.395792,50.239487],[-5.395834,50.239815],[-5.395404,50.24041],[-5.394108,50.241046],[-5.393465,50.240518],[-5.393406,50.24095],[-5.39266,50.240685],[-5.391984,50.241194],[-5.391481,50.241001],[-5.391955,50.240468],[-5.390742,50.240514],[-5.390183,50.240282],[-5.3904,50.239866],[-5.389452,50.239726],[-5.389289,50.240028],[-5.388489,50.240104],[-5.387835,50.241196],[-5.388072,50.240348],[-5.387482,50.240764],[-5.387168,50.240469],[-5.386886,50.24089],[-5.385801,50.23994],[-5.385205,50.240039],[-5.384619,50.239729],[-5.384403,50.240954],[-5.382869,50.241066],[-5.383427,50.241494],[-5.382539,50.241706],[-5.382299,50.242082],[-5.381301,50.242073],[-5.381474,50.242787],[-5.380282,50.243644],[-5.378101,50.244071],[-5.378102,50.243263],[-5.377303,50.243127],[-5.376817,50.24269],[-5.377068,50.242321],[-5.376358,50.240381],[-5.374811,50.239567],[-5.37505,50.239051],[-5.373719,50.238598],[-5.373999,50.237509],[-5.37362,50.237242],[-5.372892,50.237505],[-5.373204,50.237075],[-5.372315,50.236798],[-5.370094,50.237139],[-5.370055,50.236786],[-5.368377,50.236166],[-5.367424,50.237022],[-5.366478,50.236929],[-5.366472,50.238045],[-5.365014,50.237798],[-5.364714,50.238153],[-5.363834,50.237889],[-5.363505,50.237367],[-5.362909,50.237715],[-5.362237,50.237242],[-5.361803,50.237385],[-5.361985,50.237916],[-5.36157,50.238387],[-5.360062,50.238852],[-5.358603,50.238723],[-5.357905,50.239892],[-5.355753,50.240453],[-5.356044,50.24013],[-5.35285,50.240462],[-5.352387,50.240191],[-5.351498,50.240273],[-5.351177,50.239571],[-5.350341,50.239387],[-5.350286,50.238819],[-5.347877,50.23911],[-5.347279,50.238505],[-5.34683,50.238797],[-5.346448,50.238612],[-5.346365,50.238149],[-5.345897,50.238418],[-5.345694,50.238022],[-5.341885,50.238145],[-5.341739,50.238751],[-5.340855,50.2385],[-5.339549,50.239343],[-5.338128,50.239336],[-5.336611,50.23998],[-5.336327,50.239741],[-5.33535,50.239927],[-5.334846,50.240301],[-5.33527,50.240922],[-5.33476,50.240826],[-5.333646,50.241669],[-5.332124,50.241664],[-5.328384,50.242756],[-5.327808,50.24388],[-5.325953,50.243912],[-5.324807,50.244265],[-5.323013,50.245909],[-5.323011,50.246604],[-5.320043,50.247726],[-5.3198,50.248437],[-5.320404,50.248906],[-5.320184,50.249142],[-5.315673,50.249418],[-5.314266,50.250276],[-5.313844,50.250885],[-5.314227,50.251767],[-5.312844,50.252705],[-5.311977,50.254642],[-5.312112,50.254964],[-5.313679,50.25504],[-5.312127,50.255428],[-5.311784,50.254999],[-5.310506,50.254672],[-5.309887,50.254957],[-5.30952,50.255895],[-5.310212,50.255866],[-5.310983,50.256637],[-5.31078,50.257036],[-5.310072,50.257406],[-5.309982,50.257107],[-5.309013,50.258035],[-5.306275,50.259474],[-5.305718,50.258688],[-5.305102,50.258718],[-5.306032,50.259699],[-5.305504,50.259822],[-5.304922,50.259069],[-5.304164,50.259308],[-5.303511,50.259945],[-5.303794,50.260249],[-5.303063,50.26024],[-5.302346,50.26093],[-5.303486,50.261464],[-5.302251,50.261823],[-5.303704,50.261718],[-5.300737,50.262838],[-5.2996,50.262512],[-5.299417,50.262],[-5.298683,50.261909],[-5.298765,50.261626],[-5.297186,50.261799],[-5.297243,50.261158],[-5.296041,50.26105],[-5.291985,50.262072],[-5.292555,50.263235],[-5.291522,50.261759],[-5.291229,50.261993],[-5.289185,50.261046],[-5.289139,50.261308],[-5.2918,50.262466],[-5.291181,50.263196],[-5.29156,50.263188],[-5.291428,50.263602],[-5.292202,50.264229],[-5.290651,50.264569],[-5.289767,50.263898],[-5.289028,50.263858],[-5.287409,50.264644],[-5.285495,50.264847],[-5.284701,50.265827],[-5.285048,50.266885],[-5.28686,50.26712],[-5.287726,50.267575],[-5.283035,50.268897],[-5.28267,50.269423],[-5.283027,50.269584],[-5.282768,50.269957],[-5.281712,50.270314],[-5.280401,50.271325],[-5.278016,50.271956],[-5.278606,50.272229],[-5.27827,50.272476],[-5.279483,50.272493],[-5.278787,50.27307],[-5.279206,50.27332],[-5.278034,50.273916],[-5.273978,50.27488],[-5.273135,50.274883],[-5.273167,50.274379],[-5.271064,50.275063],[-5.270156,50.274817],[-5.269548,50.27521],[-5.268431,50.274934],[-5.265289,50.275395],[-5.263989,50.274841],[-5.263449,50.27496],[-5.262698,50.275855],[-5.264012,50.276603],[-5.262672,50.276973],[-5.262569,50.276652],[-5.261213,50.276394],[-5.260033,50.277256],[-5.25996,50.278283],[-5.26088,50.278729],[-5.260601,50.278924],[-5.26151,50.279087],[-5.261732,50.279693],[-5.260612,50.279814],[-5.258537,50.280634],[-5.257111,50.280701],[-5.256284,50.281232],[-5.257652,50.281192],[-5.256708,50.28171],[-5.255227,50.28148],[-5.254042,50.281901],[-5.253256,50.281498],[-5.251667,50.281745],[-5.250112,50.283024],[-5.25061,50.283486],[-5.249621,50.28331],[-5.247036,50.284246],[-5.24551,50.285869],[-5.245703,50.286669],[-5.243696,50.286872],[-5.242357,50.288647],[-5.243068,50.289456],[-5.243165,50.290327],[-5.241716,50.291021],[-5.241316,50.291723],[-5.241795,50.292094],[-5.241298,50.292331],[-5.241795,50.293193],[-5.240313,50.293786],[-5.240332,50.294719],[-5.238884,50.295377],[-5.237809,50.296834],[-5.238572,50.297185],[-5.238918,50.297912],[-5.238338,50.298154],[-5.236663,50.30045],[-5.234859,50.300482],[-5.235132,50.301029],[-5.234832,50.301129],[-5.235796,50.301686],[-5.235224,50.302403],[-5.235353,50.302844],[-5.234467,50.303505],[-5.234858,50.303723],[-5.234428,50.30378],[-5.233813,50.304785],[-5.234258,50.306161],[-5.233828,50.306959],[-5.234177,50.307553],[-5.233946,50.308884],[-5.235192,50.309216],[-5.2349,50.309593],[-5.233938,50.30964],[-5.23396,50.310434],[-5.233567,50.310454],[-5.234129,50.311205],[-5.233603,50.311535],[-5.233701,50.311898],[-5.234421,50.312244],[-5.234333,50.313714],[-5.235376,50.315262],[-5.234408,50.315579],[-5.234125,50.31619],[-5.234399,50.31675],[-5.234038,50.316987],[-5.234578,50.317155],[-5.234829,50.317937],[-5.235708,50.318266],[-5.234478,50.318534],[-5.23367,50.319294],[-5.231236,50.318987],[-5.230831,50.319401],[-5.230439,50.319228],[-5.229744,50.319578],[-5.22706,50.319876],[-5.225921,50.320329],[-5.22522,50.321057],[-5.223037,50.321513],[-5.221009,50.322423],[-5.2184,50.321182],[-5.2103,50.32109],[-5.209769,50.321317],[-5.208533,50.320681],[-5.208071,50.320926],[-5.208451,50.321057],[-5.208325,50.321273],[-5.207505,50.321527],[-5.207028,50.321369],[-5.207409,50.321057],[-5.206253,50.321233],[-5.205931,50.32156],[-5.206262,50.321877],[-5.204598,50.322115],[-5.203274,50.320385],[-5.201911,50.319836],[-5.200733,50.320103],[-5.198469,50.32215],[-5.196468,50.32292],[-5.196228,50.323667],[-5.197541,50.324127],[-5.195853,50.324586],[-5.195493,50.325193],[-5.195865,50.3257],[-5.194753,50.32565],[-5.195328,50.326302],[-5.193918,50.326645],[-5.191984,50.325924],[-5.191383,50.326106],[-5.191726,50.326712],[-5.191458,50.327768],[-5.189682,50.327976],[-5.189424,50.328366],[-5.189965,50.32892],[-5.190934,50.328849],[-5.189919,50.329171],[-5.190693,50.32947],[-5.188348,50.329876],[-5.188829,50.331127],[-5.189835,50.331393],[-5.189336,50.332217],[-5.189023,50.331684],[-5.188993,50.332363],[-5.188138,50.332475],[-5.188444,50.332766],[-5.188029,50.332974],[-5.185993,50.332545],[-5.18667,50.333051],[-5.186295,50.333487],[-5.185325,50.333278],[-5.185543,50.33271],[-5.184065,50.332937],[-5.183212,50.332531],[-5.183152,50.333188],[-5.181971,50.333628],[-5.18148,50.333475],[-5.182478,50.334266],[-5.181683,50.334337],[-5.180582,50.333799],[-5.181199,50.334247],[-5.180265,50.334416],[-5.180984,50.33483],[-5.180984,50.335472],[-5.180246,50.335647],[-5.179928,50.336278],[-5.180469,50.337092],[-5.180611,50.338491],[-5.181243,50.33876],[-5.18189,50.339603],[-5.181981,50.340001],[-5.181172,50.339925],[-5.181479,50.340338],[-5.180037,50.340669],[-5.17848,50.340539],[-5.178601,50.340707],[-5.177524,50.340966],[-5.176055,50.340675],[-5.174578,50.341128],[-5.173505,50.340686],[-5.171816,50.34117],[-5.171794,50.340858],[-5.171314,50.340921],[-5.170431,50.341774],[-5.169713,50.341382],[-5.169865,50.342065],[-5.168126,50.343467],[-5.168781,50.344139],[-5.162711,50.344757],[-5.16303,50.34522],[-5.161847,50.3468],[-5.160376,50.346211],[-5.160179,50.346364],[-5.160657,50.346527],[-5.157685,50.347375],[-5.157399,50.347792],[-5.155315,50.346147],[-5.15449,50.346358],[-5.153846,50.346137],[-5.154433,50.346832],[-5.154181,50.347268],[-5.154954,50.347244],[-5.155138,50.347627],[-5.155066,50.34888],[-5.153714,50.351885],[-5.154323,50.353047],[-5.153653,50.353458],[-5.153878,50.354335],[-5.153231,50.354928],[-5.153622,50.355356],[-5.153028,50.355782],[-5.153297,50.356063],[-5.151727,50.357713],[-5.14865,50.369407],[-5.146485,50.375265],[-5.149543,50.377291],[-5.151182,50.377391],[-5.151498,50.377764],[-5.153551,50.37815],[-5.154196,50.378813],[-5.155852,50.379107],[-5.155525,50.379289],[-5.156055,50.379497],[-5.155556,50.37957],[-5.156096,50.37986],[-5.155905,50.38023],[-5.154185,50.38005],[-5.154582,50.380496],[-5.153183,50.380431],[-5.151225,50.381265],[-5.150472,50.38068],[-5.150869,50.381357],[-5.149769,50.381094],[-5.149513,50.381483],[-5.149602,50.381771],[-5.150864,50.381826],[-5.151833,50.382501],[-5.152949,50.382771],[-5.151319,50.383523],[-5.152512,50.384146],[-5.151684,50.384271],[-5.154743,50.38496],[-5.154971,50.385253],[-5.1537,50.385249],[-5.153902,50.385671],[-5.153068,50.385821],[-5.154511,50.386339],[-5.153666,50.386317],[-5.156087,50.387193],[-5.154758,50.387749],[-5.156098,50.388252],[-5.157488,50.38833],[-5.156395,50.388623],[-5.156805,50.388814],[-5.156422,50.388995],[-5.157683,50.389586],[-5.157101,50.389774],[-5.154691,50.389015],[-5.153801,50.389256],[-5.15282,50.389021],[-5.151921,50.389573],[-5.150357,50.389414],[-5.149061,50.389824],[-5.149171,50.390148],[-5.147541,50.390177],[-5.147059,50.390104],[-5.146107,50.388862],[-5.14533,50.388718],[-5.144794,50.388995],[-5.144609,50.389263],[-5.143711,50.388952],[-5.143981,50.389063],[-5.143698,50.389338],[-5.144532,50.389394],[-5.145054,50.388895],[-5.145818,50.388841],[-5.146934,50.390156],[-5.148105,50.390355],[-5.14727,50.390464],[-5.144652,50.393428],[-5.143203,50.395722],[-5.143233,50.396366],[-5.144078,50.396474],[-5.144418,50.39723],[-5.143935,50.397409],[-5.144499,50.397542],[-5.144766,50.398192],[-5.145816,50.397911],[-5.14612,50.398021],[-5.145818,50.398503],[-5.147003,50.398683],[-5.146836,50.398824],[-5.147483,50.398954],[-5.147187,50.399063],[-5.147892,50.399202],[-5.146761,50.399641],[-5.146696,50.399852],[-5.147413,50.399962],[-5.146807,50.400155],[-5.148902,50.400568],[-5.148277,50.40103],[-5.148587,50.401559],[-5.149493,50.401686],[-5.147731,50.402201],[-5.147811,50.402455],[-5.14895,50.40265],[-5.147069,50.402941],[-5.148276,50.403952],[-5.147262,50.40423],[-5.147984,50.404649],[-5.147061,50.405157],[-5.147428,50.405191],[-5.146618,50.405254],[-5.146374,50.404866],[-5.146219,50.40534],[-5.145348,50.4051],[-5.144085,50.405325],[-5.143325,50.404982],[-5.142411,50.403668],[-5.142247,50.404072],[-5.141261,50.404038],[-5.141206,50.403494],[-5.139448,50.403096],[-5.139148,50.402406],[-5.138636,50.402554],[-5.138342,50.402259],[-5.138378,50.402761],[-5.136986,50.402345],[-5.136689,50.401537],[-5.135861,50.401438],[-5.135642,50.40111],[-5.136088,50.40263],[-5.1382,50.403934],[-5.137235,50.404411],[-5.137672,50.404707],[-5.137105,50.404766],[-5.137853,50.405064],[-5.137582,50.405413],[-5.136975,50.40537],[-5.137788,50.406729],[-5.13719,50.40688],[-5.137517,50.406917],[-5.136532,50.407585],[-5.137075,50.408011],[-5.136095,50.408198],[-5.13625,50.408396],[-5.135268,50.408239],[-5.135992,50.408982],[-5.133476,50.408381],[-5.132931,50.407559],[-5.132051,50.407127],[-5.131892,50.406675],[-5.132284,50.406646],[-5.13243,50.406171],[-5.131707,50.406427],[-5.130414,50.405444],[-5.130837,50.405253],[-5.127205,50.404765],[-5.125952,50.403839],[-5.126243,50.404445],[-5.12259,50.404916],[-5.115896,50.408288],[-5.115853,50.408725],[-5.114143,50.40827],[-5.112337,50.408214],[-5.109233,50.408889],[-5.106173,50.408104],[-5.102096,50.407936],[-5.101376,50.407769],[-5.100789,50.407084],[-5.10041,50.405354],[-5.099587,50.404701],[-5.099766,50.405861],[-5.098347,50.406379],[-5.096995,50.406418],[-5.094647,50.405946],[-5.091411,50.404416],[-5.092004,50.404822],[-5.09094,50.404799],[-5.08952,50.40421],[-5.090203,50.404337],[-5.089932,50.404106],[-5.088032,50.40364],[-5.084729,50.403953],[-5.0821,50.403833],[-5.080472,50.404511],[-5.079828,50.405152],[-5.080458,50.404797],[-5.08008,50.405629],[-5.078885,50.405849],[-5.077405,50.4051],[-5.074525,50.404825],[-5.075136,50.404313],[-5.075107,50.404079],[-5.073991,50.403572],[-5.07307,50.403699],[-5.072803,50.402705],[-5.072297,50.402497],[-5.070775,50.399754],[-5.070384,50.399676],[-5.070205,50.398668],[-5.069532,50.397782],[-5.069914,50.397115],[-5.069203,50.396488],[-5.069832,50.39713],[-5.069522,50.397299],[-5.069461,50.397872],[-5.070268,50.399692],[-5.07223,50.402482],[-5.072788,50.402785],[-5.072989,50.403751],[-5.073971,50.403627],[-5.075066,50.404199],[-5.074344,50.404844],[-5.077457,50.405207],[-5.078011,50.405516],[-5.077074,50.405585],[-5.07801,50.405552],[-5.07846,50.405906],[-5.079328,50.405997],[-5.080595,50.405647],[-5.080862,50.404566],[-5.0832,50.404098],[-5.083599,50.404235],[-5.083172,50.404139],[-5.082386,50.404307],[-5.081166,50.405005],[-5.082294,50.404479],[-5.08219,50.40491],[-5.082518,50.404313],[-5.08307,50.404847],[-5.0828,50.404423],[-5.083251,50.404417],[-5.0834,50.404785],[-5.082909,50.405042],[-5.083242,50.405006],[-5.083443,50.404728],[-5.083334,50.404341],[-5.083096,50.40422],[-5.083304,50.40425],[-5.08368,50.404679],[-5.083529,50.404325],[-5.084037,50.404506],[-5.084071,50.404983],[-5.084451,50.404817],[-5.083913,50.404362],[-5.084887,50.404605],[-5.08444,50.405001],[-5.084915,50.404642],[-5.08596,50.404748],[-5.086167,50.405221],[-5.084827,50.405333],[-5.086107,50.405682],[-5.086458,50.406229],[-5.090237,50.406555],[-5.093394,50.407773],[-5.099925,50.408246],[-5.101498,50.408701],[-5.103548,50.4088],[-5.105179,50.409424],[-5.110585,50.409714],[-5.111908,50.409408],[-5.112571,50.408899],[-5.113857,50.40878],[-5.116471,50.40938],[-5.11897,50.409209],[-5.123041,50.41039],[-5.123259,50.410947],[-5.124485,50.410714],[-5.125806,50.412188],[-5.124719,50.41282],[-5.123745,50.412599],[-5.123925,50.412901],[-5.123366,50.413009],[-5.121392,50.4127],[-5.121497,50.412367],[-5.120289,50.412558],[-5.120446,50.412386],[-5.114975,50.411731],[-5.114709,50.411915],[-5.115663,50.412216],[-5.114036,50.412336],[-5.113851,50.412708],[-5.114494,50.412881],[-5.114112,50.413251],[-5.113258,50.413366],[-5.11369,50.413536],[-5.112742,50.413776],[-5.109855,50.413712],[-5.105914,50.412816],[-5.10536,50.413118],[-5.105083,50.412763],[-5.104099,50.412676],[-5.1037,50.412734],[-5.103895,50.412986],[-5.102435,50.413114],[-5.102335,50.413563],[-5.101331,50.413996],[-5.097868,50.419206],[-5.09833,50.419623],[-5.097936,50.41959],[-5.09945,50.420351],[-5.098771,50.420385],[-5.099441,50.421077],[-5.098608,50.421168],[-5.099866,50.421489],[-5.09858,50.421389],[-5.099061,50.42196],[-5.098477,50.42187],[-5.098553,50.422179],[-5.097741,50.422495],[-5.098218,50.423714],[-5.099983,50.423929],[-5.09981,50.424226],[-5.100282,50.424658],[-5.100952,50.424641],[-5.101434,50.425194],[-5.100699,50.425086],[-5.101355,50.425466],[-5.099738,50.425631],[-5.099743,50.425918],[-5.097873,50.425555],[-5.097462,50.424123],[-5.096769,50.423832],[-5.097171,50.423663],[-5.096794,50.423456],[-5.097128,50.423192],[-5.095959,50.422424],[-5.096605,50.422209],[-5.093958,50.42072],[-5.092587,50.420512],[-5.092067,50.42012],[-5.091415,50.420123],[-5.091433,50.420782],[-5.087731,50.420631],[-5.08805,50.420388],[-5.087603,50.420393],[-5.087174,50.419734],[-5.087386,50.419357],[-5.086855,50.418945],[-5.087355,50.418979],[-5.086801,50.418608],[-5.087602,50.41854],[-5.086482,50.41798],[-5.08782,50.418076],[-5.088503,50.417394],[-5.086945,50.416636],[-5.086676,50.417436],[-5.086601,50.415902],[-5.085379,50.415112],[-5.082326,50.415182],[-5.082362,50.415885],[-5.081302,50.41601],[-5.08081,50.415976],[-5.081268,50.415576],[-5.080437,50.415813],[-5.078783,50.415523],[-5.076476,50.416361],[-5.076701,50.417091],[-5.075476,50.416803],[-5.074763,50.417003],[-5.072665,50.418136],[-5.072646,50.41878],[-5.071485,50.418935],[-5.071885,50.419251],[-5.071193,50.419401],[-5.07089,50.419858],[-5.071602,50.420205],[-5.067799,50.420631],[-5.068304,50.420827],[-5.067277,50.421074],[-5.06747,50.421635],[-5.065472,50.421706],[-5.064849,50.422743],[-5.065736,50.423157],[-5.065323,50.423421],[-5.065744,50.423648],[-5.065009,50.423848],[-5.065817,50.424008],[-5.065504,50.424304],[-5.066296,50.424483],[-5.066318,50.424764],[-5.063535,50.424862],[-5.062894,50.424468],[-5.059133,50.424116],[-5.056506,50.425528],[-5.054984,50.425645],[-5.05475,50.425839],[-5.055371,50.425997],[-5.058873,50.425759],[-5.06064,50.42637],[-5.060665,50.426946],[-5.060168,50.426979],[-5.059586,50.42768],[-5.057339,50.427225],[-5.057163,50.427629],[-5.055729,50.427607],[-5.055459,50.427845],[-5.055334,50.429016],[-5.056158,50.429548],[-5.055495,50.42956],[-5.054401,50.430316],[-5.053521,50.430282],[-5.05338,50.430702],[-5.054105,50.431023],[-5.053451,50.431258],[-5.054102,50.431874],[-5.053223,50.431843],[-5.052748,50.4323],[-5.052782,50.434014],[-5.051725,50.433704],[-5.050523,50.43402],[-5.04913,50.436133],[-5.048151,50.436644],[-5.048594,50.436897],[-5.048151,50.437358],[-5.048875,50.437624],[-5.048193,50.437565],[-5.048357,50.43859],[-5.046949,50.439577],[-5.046581,50.440119],[-5.046836,50.440335],[-5.04629,50.440316],[-5.045761,50.441082],[-5.045216,50.441079],[-5.043788,50.442229],[-5.041802,50.44598],[-5.041837,50.4467],[-5.040715,50.447933],[-5.040338,50.449833],[-5.039866,50.450289],[-5.039608,50.451607],[-5.040383,50.451711],[-5.039401,50.451938],[-5.039634,50.454333],[-5.04019,50.454444],[-5.039916,50.454645],[-5.040607,50.455141],[-5.041659,50.455234],[-5.042003,50.455918],[-5.040456,50.457312],[-5.041229,50.45748],[-5.041373,50.457829],[-5.042237,50.457743],[-5.043178,50.458614],[-5.041904,50.459429],[-5.039025,50.459001],[-5.038183,50.460321],[-5.038462,50.460649],[-5.039443,50.460581],[-5.041083,50.461541],[-5.041663,50.461536],[-5.04176,50.462012],[-5.042285,50.461939],[-5.041819,50.462799],[-5.042506,50.462948],[-5.04248,50.464152],[-5.042166,50.464514],[-5.041865,50.464341],[-5.041935,50.464943],[-5.041294,50.465515],[-5.038842,50.465085],[-5.039024,50.465566],[-5.038595,50.465454],[-5.037695,50.466213],[-5.0357,50.466331],[-5.035312,50.466687],[-5.033342,50.465603],[-5.031949,50.467315],[-5.032477,50.469393],[-5.0347,50.471186],[-5.035852,50.471307],[-5.036365,50.472297],[-5.037642,50.472418],[-5.038132,50.472763],[-5.038004,50.473126],[-5.038756,50.473285],[-5.039732,50.474159],[-5.039611,50.474819],[-5.038607,50.474988],[-5.038428,50.475666],[-5.036292,50.475567],[-5.036355,50.475959],[-5.037142,50.476269],[-5.035524,50.477023],[-5.036127,50.476929],[-5.036342,50.477568],[-5.037314,50.47786],[-5.037197,50.478864],[-5.036481,50.479205],[-5.035549,50.480277],[-5.035838,50.48074],[-5.036216,50.480461],[-5.037413,50.480703],[-5.036541,50.481182],[-5.035845,50.480879],[-5.035874,50.481132],[-5.034971,50.481361],[-5.034054,50.482193],[-5.034728,50.482547],[-5.03417,50.482749],[-5.033717,50.483711],[-5.03505,50.484322],[-5.034541,50.484918],[-5.034085,50.484664],[-5.033805,50.484833],[-5.034192,50.485786],[-5.033368,50.485732],[-5.033025,50.486082],[-5.033689,50.486664],[-5.034619,50.486649],[-5.034491,50.487131],[-5.033863,50.487364],[-5.033925,50.487831],[-5.03312,50.488197],[-5.033213,50.489199],[-5.034906,50.489402],[-5.034464,50.489703],[-5.035609,50.490524],[-5.035849,50.491088],[-5.036252,50.49074],[-5.03669,50.491147],[-5.036579,50.492204],[-5.035881,50.491147],[-5.036139,50.491738],[-5.034677,50.492632],[-5.034867,50.493757],[-5.035344,50.494387],[-5.035464,50.494086],[-5.036392,50.493925],[-5.036604,50.49448],[-5.038114,50.494832],[-5.038597,50.495868],[-5.039681,50.495492],[-5.038825,50.496051],[-5.040099,50.496672],[-5.041013,50.496334],[-5.043238,50.496389],[-5.043497,50.496553],[-5.043256,50.497242],[-5.044015,50.49665],[-5.04532,50.49641],[-5.04529,50.497028],[-5.045905,50.497072],[-5.046807,50.497827],[-5.044502,50.497466],[-5.043698,50.498778],[-5.041316,50.498913],[-5.041505,50.499226],[-5.042835,50.499596],[-5.042432,50.499728],[-5.041871,50.499391],[-5.042208,50.499794],[-5.041895,50.500012],[-5.042383,50.500021],[-5.042115,50.50061],[-5.041469,50.500372],[-5.041237,50.499781],[-5.040963,50.499934],[-5.042455,50.501247],[-5.042689,50.502518],[-5.041974,50.502824],[-5.040432,50.502401],[-5.040122,50.503093],[-5.040762,50.503277],[-5.040632,50.503653],[-5.039809,50.503771],[-5.038026,50.503246],[-5.037505,50.503994],[-5.037273,50.50368],[-5.036901,50.50385],[-5.037114,50.504339],[-5.036708,50.504547],[-5.035529,50.504478],[-5.035235,50.503769],[-5.03438,50.503918],[-5.034914,50.505868],[-5.034054,50.506574],[-5.035515,50.507298],[-5.034899,50.507306],[-5.034093,50.508207],[-5.033088,50.508079],[-5.033383,50.508394],[-5.033164,50.508778],[-5.032469,50.508755],[-5.031599,50.509266],[-5.031806,50.50886],[-5.030655,50.50873],[-5.028444,50.509597],[-5.027936,50.509417],[-5.028432,50.509088],[-5.027546,50.509305],[-5.025649,50.508731],[-5.024249,50.508675],[-5.024219,50.509791],[-5.026315,50.510395],[-5.026289,50.510767],[-5.026895,50.510784],[-5.02669,50.511021],[-5.027968,50.511085],[-5.027895,50.511482],[-5.028338,50.51124],[-5.028261,50.511767],[-5.027232,50.511628],[-5.02859,50.512301],[-5.028924,50.512045],[-5.029504,50.512779],[-5.029178,50.51333],[-5.026802,50.514038],[-5.027388,50.514566],[-5.028172,50.514283],[-5.028455,50.514758],[-5.029403,50.514571],[-5.029762,50.514943],[-5.027013,50.516086],[-5.027651,50.517028],[-5.02812,50.516922],[-5.028625,50.51732],[-5.027356,50.517633],[-5.028276,50.518198],[-5.027818,50.518525],[-5.027739,50.519405],[-5.026046,50.52027],[-5.026646,50.520314],[-5.026547,50.520556],[-5.028785,50.519994],[-5.030097,50.520267],[-5.029859,50.52083],[-5.028854,50.52119],[-5.029074,50.521534],[-5.026715,50.522362],[-5.030403,50.521886],[-5.029627,50.522818],[-5.026303,50.523545],[-5.028193,50.523651],[-5.029533,50.523287],[-5.029691,50.523422],[-5.029164,50.523694],[-5.029437,50.523766],[-5.027753,50.524317],[-5.029297,50.524435],[-5.029269,50.524779],[-5.026287,50.526236],[-5.02559,50.525699],[-5.025578,50.525952],[-5.024513,50.525542],[-5.024377,50.525204],[-5.023501,50.525462],[-5.022698,50.526616],[-5.023585,50.526969],[-5.023436,50.527301],[-5.024226,50.527172],[-5.024136,50.527619],[-5.025338,50.528012],[-5.025155,50.52876],[-5.025857,50.528825],[-5.025641,50.528952],[-5.026539,50.529442],[-5.02587,50.529839],[-5.02601,50.530062],[-5.025169,50.530111],[-5.025037,50.530893],[-5.024747,50.530618],[-5.024343,50.530744],[-5.022807,50.532303],[-5.022978,50.535411],[-5.024928,50.537406],[-5.024229,50.538661],[-5.02471,50.539572],[-5.025338,50.539512],[-5.025493,50.541005],[-5.026403,50.54138],[-5.026409,50.541709],[-5.030009,50.541756],[-5.030744,50.542489],[-5.033296,50.542816],[-5.033656,50.543619],[-5.03432,50.543489],[-5.034589,50.543795],[-5.033927,50.544209],[-5.035113,50.544456],[-5.034903,50.544918],[-5.035723,50.544918],[-5.035291,50.545554],[-5.038119,50.544594],[-5.039818,50.545112],[-5.039738,50.545515],[-5.039997,50.545654],[-5.039393,50.546196],[-5.038528,50.546565],[-5.037366,50.54654],[-5.037326,50.547041],[-5.036977,50.546341],[-5.036655,50.54663],[-5.036418,50.546462],[-5.035125,50.547738],[-5.036755,50.549106],[-5.03667,50.549447],[-5.032724,50.55046],[-5.030105,50.550566],[-5.029314,50.550852],[-5.029295,50.551162],[-5.027815,50.551487],[-5.026474,50.551412],[-5.025891,50.550663],[-5.025312,50.551434],[-5.024967,50.551251],[-5.024415,50.55163],[-5.02469,50.550987],[-5.024354,50.550213],[-5.023755,50.55022],[-5.023524,50.549864],[-5.023398,50.550178],[-5.022336,50.550167],[-5.022287,50.549851],[-5.021342,50.550175],[-5.021518,50.549729],[-5.022147,50.549527],[-5.021966,50.548502],[-5.021167,50.547524],[-5.021954,50.547102],[-5.021121,50.547184],[-5.020412,50.546558],[-5.02053,50.545933],[-5.019883,50.54589],[-5.019173,50.545239],[-5.017057,50.544933],[-5.016122,50.544532],[-5.016064,50.544194],[-5.015155,50.544097],[-5.013947,50.544849],[-5.014233,50.545152],[-5.01362,50.545283],[-5.011366,50.545098],[-5.00606,50.546356],[-5.003573,50.546526],[-5.004374,50.545469],[-5.003517,50.545342],[-5.003405,50.544992],[-5.004791,50.544367],[-5.004343,50.544231],[-5.004797,50.543193],[-5.003955,50.543027],[-5.004114,50.542598],[-5.003686,50.542531],[-5.003226,50.541397],[-5.00198,50.540836],[-4.99859,50.540309],[-4.996546,50.54028],[-4.995162,50.540672],[-4.995119,50.541757],[-4.994817,50.541666],[-4.99442,50.542314],[-4.993833,50.542424],[-4.994166,50.543105],[-4.992869,50.542796],[-4.992673,50.54337],[-4.991276,50.543134],[-4.99038,50.543598],[-4.989572,50.543724],[-4.989532,50.543514],[-4.989431,50.543836],[-4.988955,50.543094],[-4.98871,50.543492],[-4.987559,50.542251],[-4.986976,50.542816],[-4.986336,50.542379],[-4.985618,50.542675],[-4.985413,50.542269],[-4.984582,50.542608],[-4.984555,50.542292],[-4.984269,50.542464],[-4.983866,50.542211],[-4.983502,50.542343],[-4.983299,50.543646],[-4.981024,50.543867],[-4.979975,50.54468],[-4.980548,50.545551],[-4.979878,50.545734],[-4.979472,50.545275],[-4.978914,50.545254],[-4.978558,50.545559],[-4.978368,50.546685],[-4.981121,50.54763],[-4.981567,50.548237],[-4.981059,50.548641],[-4.979989,50.548624],[-4.976526,50.54945],[-4.977385,50.549504],[-4.977489,50.550265],[-4.97709,50.549842],[-4.976531,50.549953],[-4.976419,50.551966],[-4.97527,50.552269],[-4.974765,50.552201],[-4.974781,50.551757],[-4.974038,50.552378],[-4.974327,50.553008],[-4.974842,50.55306],[-4.975263,50.553539],[-4.974394,50.553898],[-4.974114,50.553728],[-4.973056,50.5545],[-4.973631,50.55426],[-4.972789,50.556444],[-4.972289,50.556653],[-4.972175,50.55768],[-4.971834,50.557872],[-4.970996,50.557583],[-4.969704,50.558765],[-4.965747,50.558205],[-4.963845,50.55915],[-4.962308,50.559337],[-4.961482,50.560406],[-4.956687,50.562882],[-4.954566,50.562935],[-4.955814,50.564057],[-4.957089,50.564632],[-4.956835,50.565193],[-4.956113,50.565123],[-4.95597,50.565967],[-4.956474,50.566677],[-4.956066,50.56692],[-4.956125,50.56746],[-4.955334,50.567233],[-4.954024,50.567877],[-4.954161,50.568212],[-4.953674,50.568612],[-4.952243,50.569246],[-4.949737,50.569385],[-4.948439,50.568727],[-4.946064,50.569038],[-4.945216,50.568835],[-4.94512,50.569147],[-4.944793,50.568523],[-4.947026,50.564372],[-4.94686,50.563052],[-4.94792,50.561162],[-4.947407,50.560986],[-4.947877,50.560481],[-4.949152,50.560277],[-4.947946,50.559831],[-4.948739,50.558754],[-4.948874,50.557284],[-4.949594,50.556562],[-4.947947,50.555715],[-4.940811,50.554344],[-4.938741,50.55332],[-4.937905,50.551617],[-4.935172,50.549062],[-4.934027,50.547064],[-4.934459,50.546611],[-4.934286,50.546089],[-4.93516,50.545415],[-4.935267,50.544352],[-4.935746,50.543911],[-4.935367,50.543835],[-4.936231,50.543085],[-4.936009,50.54194],[-4.936374,50.542991],[-4.93702,50.542611],[-4.936999,50.541889],[-4.937572,50.542107],[-4.938249,50.54185],[-4.938255,50.541478],[-4.938103,50.541184],[-4.937296,50.541179],[-4.936945,50.541769],[-4.93703,50.54121],[-4.936752,50.541339],[-4.935472,50.53894],[-4.936144,50.54108],[-4.935823,50.541039],[-4.935019,50.538622],[-4.93426,50.537897],[-4.933812,50.535471],[-4.934779,50.533859],[-4.934817,50.532601],[-4.934379,50.532659],[-4.932969,50.531838],[-4.932943,50.531477],[-4.930932,50.529907],[-4.931442,50.529771],[-4.932396,50.527991],[-4.936467,50.527943],[-4.938149,50.527518],[-4.937692,50.52733],[-4.936572,50.527564],[-4.935666,50.527145],[-4.937317,50.526313],[-4.938687,50.525145],[-4.940728,50.521252],[-4.941424,50.520855],[-4.942304,50.520858],[-4.942036,50.5206],[-4.940072,50.520451],[-4.939932,50.516782],[-4.936521,50.511661],[-4.937706,50.51355],[-4.93849,50.515908],[-4.937957,50.516076],[-4.938524,50.516249],[-4.938823,50.517245],[-4.938433,50.517525],[-4.938718,50.518146],[-4.939061,50.518104],[-4.938615,50.518723],[-4.938948,50.521215],[-4.937856,50.522197],[-4.937434,50.523314],[-4.937723,50.524655],[-4.935478,50.52502],[-4.93489,50.525848],[-4.931685,50.525324],[-4.929141,50.524379],[-4.929246,50.526426],[-4.927765,50.527136],[-4.926297,50.530288],[-4.92473,50.531176],[-4.919599,50.53147],[-4.910369,50.530554],[-4.909519,50.530063],[-4.909748,50.529392],[-4.908597,50.528526],[-4.908887,50.528436],[-4.909944,50.52914],[-4.910869,50.527792],[-4.908521,50.52847],[-4.905973,50.52751],[-4.89972,50.526215],[-4.899127,50.525199],[-4.899325,50.524684],[-4.898827,50.524644],[-4.898223,50.523461],[-4.899457,50.522437],[-4.897909,50.522577],[-4.89681,50.520916],[-4.895598,50.520086],[-4.895307,50.520403],[-4.896809,50.522192],[-4.896676,50.523466],[-4.89749,50.525488],[-4.897186,50.52609],[-4.899487,50.526174],[-4.895434,50.526666],[-4.891158,50.528862],[-4.885259,50.530178],[-4.877663,50.530309],[-4.875708,50.529621],[-4.873102,50.529342],[-4.87036,50.5299],[-4.863836,50.529222],[-4.862338,50.529805],[-4.859237,50.529158],[-4.854801,50.528803],[-4.852588,50.528056],[-4.850035,50.526574],[-4.848975,50.525428],[-4.848854,50.525632],[-4.848232,50.52519],[-4.847663,50.524255],[-4.847149,50.524184],[-4.847764,50.524895],[-4.846281,50.524099],[-4.846657,50.523941],[-4.845488,50.52369],[-4.846023,50.523649],[-4.84451,50.523154],[-4.84473,50.52297],[-4.844238,50.523015],[-4.844548,50.522783],[-4.843998,50.522885],[-4.840829,50.52134],[-4.835065,50.516585],[-4.835778,50.515394],[-4.836721,50.515214],[-4.839096,50.513538],[-4.840901,50.51292],[-4.839108,50.513489],[-4.836717,50.515146],[-4.835778,50.515336],[-4.834878,50.516837],[-4.83225,50.515426],[-4.831489,50.513831],[-4.830534,50.513009],[-4.829297,50.512689],[-4.827265,50.51372],[-4.825453,50.513592],[-4.823213,50.512527],[-4.822765,50.510853],[-4.821165,50.50939],[-4.819216,50.509034],[-4.816938,50.507854],[-4.816172,50.506052],[-4.816242,50.504879],[-4.817088,50.504032],[-4.81671,50.501945],[-4.814103,50.50125],[-4.812107,50.499576],[-4.809777,50.499288],[-4.808959,50.498726],[-4.80712,50.498602],[-4.805069,50.497499],[-4.805197,50.496493],[-4.802699,50.495386],[-4.803164,50.494847],[-4.802945,50.492561],[-4.802955,50.494853],[-4.802498,50.495378],[-4.80307,50.495868],[-4.804851,50.496416],[-4.804665,50.497355],[-4.807714,50.498905],[-4.808785,50.49886],[-4.810307,50.49963],[-4.811698,50.499631],[-4.814132,50.501424],[-4.816428,50.502046],[-4.816168,50.502598],[-4.816778,50.503339],[-4.816693,50.504354],[-4.815977,50.504706],[-4.816071,50.506705],[-4.816581,50.507798],[-4.818534,50.509028],[-4.816309,50.509196],[-4.81277,50.508248],[-4.812113,50.508397],[-4.81078,50.507806],[-4.810002,50.507753],[-4.809529,50.508029],[-4.808348,50.507862],[-4.808209,50.5079],[-4.808238,50.508154],[-4.808532,50.508567],[-4.808276,50.507969],[-4.809597,50.508075],[-4.810182,50.507789],[-4.812281,50.508477],[-4.812741,50.508297],[-4.815722,50.509198],[-4.82074,50.509435],[-4.822417,50.511081],[-4.822638,50.512461],[-4.825604,50.5139],[-4.826912,50.514056],[-4.829177,50.513072],[-4.830138,50.513113],[-4.830928,50.513863],[-4.831627,50.515707],[-4.842392,50.523168],[-4.841817,50.523386],[-4.843189,50.523381],[-4.84271,50.523745],[-4.842959,50.524603],[-4.842509,50.524768],[-4.842865,50.524405],[-4.841803,50.525004],[-4.844105,50.524587],[-4.843188,50.52458],[-4.843506,50.524127],[-4.842811,50.523781],[-4.843292,50.523621],[-4.846318,50.525356],[-4.847234,50.526103],[-4.847094,50.526335],[-4.846892,50.525968],[-4.84694,50.526372],[-4.847363,50.526504],[-4.84749,50.526266],[-4.848134,50.52678],[-4.847791,50.527057],[-4.847572,50.526825],[-4.847309,50.527185],[-4.848013,50.527512],[-4.848562,50.530602],[-4.849201,50.531151],[-4.848376,50.532281],[-4.84996,50.533281],[-4.850761,50.533536],[-4.850427,50.53286],[-4.851504,50.532816],[-4.851967,50.533237],[-4.852142,50.533021],[-4.851617,50.532728],[-4.850694,50.532772],[-4.850749,50.532493],[-4.851621,50.53258],[-4.85081,50.532238],[-4.850426,50.532734],[-4.849671,50.532639],[-4.849932,50.5323],[-4.849539,50.532549],[-4.850301,50.531845],[-4.850379,50.530827],[-4.851299,50.5312],[-4.850793,50.531205],[-4.850924,50.531458],[-4.852164,50.531531],[-4.852053,50.531756],[-4.850937,50.531628],[-4.851983,50.53181],[-4.851631,50.532034],[-4.852467,50.531669],[-4.852344,50.532131],[-4.851644,50.532317],[-4.852571,50.532411],[-4.852221,50.532279],[-4.852759,50.532082],[-4.852744,50.531658],[-4.853875,50.532185],[-4.852973,50.532226],[-4.853675,50.532462],[-4.853342,50.532705],[-4.852246,50.532507],[-4.853311,50.532751],[-4.852491,50.53302],[-4.853153,50.533083],[-4.853738,50.532594],[-4.854383,50.532988],[-4.853875,50.532613],[-4.854062,50.532352],[-4.855569,50.533329],[-4.853548,50.533288],[-4.856434,50.534284],[-4.859017,50.534482],[-4.859514,50.535548],[-4.861129,50.536074],[-4.862847,50.535521],[-4.865147,50.533911],[-4.866496,50.533817],[-4.866892,50.534158],[-4.866205,50.535711],[-4.867612,50.537229],[-4.86786,50.536906],[-4.867522,50.536985],[-4.867061,50.536394],[-4.867781,50.53639],[-4.867647,50.535843],[-4.866873,50.535468],[-4.867118,50.534824],[-4.867653,50.534952],[-4.867009,50.534312],[-4.869865,50.53361],[-4.873578,50.534763],[-4.877852,50.534438],[-4.879684,50.534931],[-4.879929,50.534137],[-4.883598,50.534576],[-4.886401,50.534505],[-4.88993,50.536256],[-4.890538,50.536139],[-4.889947,50.53428],[-4.890194,50.533399],[-4.891919,50.532351],[-4.894564,50.531342],[-4.898782,50.530777],[-4.90187,50.531416],[-4.904663,50.532936],[-4.905783,50.533992],[-4.906132,50.535046],[-4.906739,50.535326],[-4.914247,50.537072],[-4.915583,50.538194],[-4.916734,50.5403],[-4.915594,50.541144],[-4.913556,50.541614],[-4.91363,50.542266],[-4.913124,50.542303],[-4.914858,50.543359],[-4.917528,50.543351],[-4.919127,50.54369],[-4.919809,50.543377],[-4.920045,50.543793],[-4.924642,50.5444],[-4.92558,50.544776],[-4.926517,50.545507],[-4.926641,50.547645],[-4.92743,50.548539],[-4.931031,50.550641],[-4.931433,50.551356],[-4.930525,50.552837],[-4.928157,50.555173],[-4.929074,50.556474],[-4.928962,50.557049],[-4.927865,50.558166],[-4.926898,50.558543],[-4.926012,50.56109],[-4.926413,50.561739],[-4.928875,50.562282],[-4.930425,50.563146],[-4.931444,50.564811],[-4.930946,50.565255],[-4.930828,50.564831],[-4.930537,50.565303],[-4.929687,50.565453],[-4.929443,50.566386],[-4.928516,50.566439],[-4.928982,50.566735],[-4.928315,50.566909],[-4.926666,50.568479],[-4.927122,50.569341],[-4.92578,50.569581],[-4.925943,50.569898],[-4.925357,50.569955],[-4.925405,50.570787],[-4.924887,50.571058],[-4.925296,50.571119],[-4.925166,50.571634],[-4.924696,50.571814],[-4.924964,50.571968],[-4.924238,50.571911],[-4.923488,50.573097],[-4.922107,50.573225],[-4.922094,50.574116],[-4.917501,50.574531],[-4.915973,50.575405],[-4.91582,50.575952],[-4.917255,50.577458],[-4.919315,50.578622],[-4.918318,50.579219],[-4.919164,50.579269],[-4.917949,50.579687],[-4.918234,50.580257],[-4.920614,50.580004],[-4.920771,50.58118],[-4.921444,50.580623],[-4.9223,50.580498],[-4.924593,50.581959],[-4.924452,50.582162],[-4.925095,50.582305],[-4.924847,50.582649],[-4.92528,50.582569],[-4.92571,50.583222],[-4.926315,50.583391],[-4.926141,50.58357],[-4.927624,50.583586],[-4.927309,50.583996],[-4.928634,50.583992],[-4.930404,50.584604],[-4.930276,50.584862],[-4.933396,50.585884],[-4.934228,50.585889],[-4.935418,50.586738],[-4.934335,50.588243],[-4.932897,50.588933],[-4.931594,50.588845],[-4.930832,50.58845],[-4.930022,50.58899],[-4.926675,50.589765],[-4.925143,50.590788],[-4.923876,50.590752],[-4.92272,50.591382],[-4.921197,50.59135],[-4.921727,50.592125],[-4.921138,50.59251],[-4.923602,50.593276],[-4.923607,50.593687],[-4.924633,50.594134],[-4.922337,50.594596],[-4.921453,50.594001],[-4.920632,50.593885],[-4.920468,50.594379],[-4.918658,50.594508],[-4.918021,50.594057],[-4.91904,50.59319],[-4.918957,50.591732],[-4.919269,50.59164],[-4.918678,50.591424],[-4.918673,50.591025],[-4.91846,50.591217],[-4.9169,50.590544],[-4.916183,50.590634],[-4.916069,50.589631],[-4.916685,50.588791],[-4.915982,50.588808],[-4.916168,50.588512],[-4.915779,50.588236],[-4.91432,50.588539],[-4.913908,50.58807],[-4.913636,50.588333],[-4.913293,50.587788],[-4.912932,50.588115],[-4.911785,50.588231],[-4.91131,50.587942],[-4.910107,50.587958],[-4.909637,50.58632],[-4.909924,50.585991],[-4.909383,50.585969],[-4.90927,50.585157],[-4.908568,50.585248],[-4.908289,50.584507],[-4.90688,50.584856],[-4.904292,50.584894],[-4.904267,50.585267],[-4.902705,50.585351],[-4.899988,50.584616],[-4.899872,50.584052],[-4.89909,50.584321],[-4.899184,50.584704],[-4.898777,50.584638],[-4.896538,50.585841],[-4.895936,50.585218],[-4.894663,50.584795],[-4.890306,50.583855],[-4.889399,50.583089],[-4.889143,50.582165],[-4.888751,50.582484],[-4.886212,50.582873],[-4.885313,50.582817],[-4.885229,50.582305],[-4.884384,50.582742],[-4.884379,50.583752],[-4.883017,50.583195],[-4.881272,50.58313],[-4.881571,50.584406],[-4.882229,50.584823],[-4.881929,50.586079],[-4.881447,50.586052],[-4.881258,50.586439],[-4.879266,50.586201],[-4.878787,50.586675],[-4.877,50.586961],[-4.876069,50.586364],[-4.875513,50.587205],[-4.874431,50.587774],[-4.874706,50.588066],[-4.874449,50.588514],[-4.873664,50.58871],[-4.873939,50.589798],[-4.873533,50.590817],[-4.872763,50.590442],[-4.872026,50.5894],[-4.871184,50.58997],[-4.867525,50.588975],[-4.868888,50.59027],[-4.871779,50.590517],[-4.872135,50.59086],[-4.871918,50.591246],[-4.870917,50.591474],[-4.87157,50.591841],[-4.871426,50.592062],[-4.872051,50.592002],[-4.871688,50.592144],[-4.872077,50.592373],[-4.871713,50.592766],[-4.871902,50.593874],[-4.869986,50.59537],[-4.868799,50.595332],[-4.867665,50.594283],[-4.864909,50.594206],[-4.864536,50.593544],[-4.864105,50.593494],[-4.864447,50.593264],[-4.860043,50.59316],[-4.856876,50.594234],[-4.856827,50.594811],[-4.85753,50.595326],[-4.856034,50.595717],[-4.85564,50.596219],[-4.854081,50.596791],[-4.85346,50.596601],[-4.850654,50.597077],[-4.850601,50.598361],[-4.849357,50.598799],[-4.847473,50.598326],[-4.846724,50.597783],[-4.847603,50.59688],[-4.847558,50.596625],[-4.846801,50.596477],[-4.846711,50.595457],[-4.844215,50.595718],[-4.84397,50.595338],[-4.844588,50.595393],[-4.843909,50.59509],[-4.843584,50.594319],[-4.842277,50.594736],[-4.842823,50.594306],[-4.842011,50.594429],[-4.841823,50.593087],[-4.841118,50.593402],[-4.840059,50.594855],[-4.839271,50.594884],[-4.83901,50.595372],[-4.837311,50.596032],[-4.835192,50.595759],[-4.835322,50.594961],[-4.834874,50.594707],[-4.835132,50.594102],[-4.834309,50.59416],[-4.835052,50.593883],[-4.834855,50.593261],[-4.834487,50.593389],[-4.834265,50.592769],[-4.832439,50.592136],[-4.832028,50.592853],[-4.832532,50.59356],[-4.833654,50.593899],[-4.832378,50.593896],[-4.832884,50.594448],[-4.832716,50.595011],[-4.831274,50.595208],[-4.830297,50.595705],[-4.828642,50.595484],[-4.828348,50.594959],[-4.828072,50.595266],[-4.827106,50.594917],[-4.826986,50.594246],[-4.825314,50.594033],[-4.823484,50.593003],[-4.822925,50.593413],[-4.824891,50.59474],[-4.825237,50.595612],[-4.82332,50.594809],[-4.823036,50.59535],[-4.822613,50.5952],[-4.822176,50.595537],[-4.821025,50.595628],[-4.821286,50.594318],[-4.818403,50.595542],[-4.818223,50.595167],[-4.817536,50.595188],[-4.817501,50.596055],[-4.81549,50.595807],[-4.816018,50.596254],[-4.815046,50.59639],[-4.815178,50.596583],[-4.812634,50.595897],[-4.812313,50.59628],[-4.810544,50.596235],[-4.808704,50.59709],[-4.807475,50.597085],[-4.806808,50.596685],[-4.806551,50.597269],[-4.804928,50.596637],[-4.804006,50.597006],[-4.803075,50.59694],[-4.803425,50.597533],[-4.802564,50.597307],[-4.802752,50.597609],[-4.801623,50.597797],[-4.800049,50.597192],[-4.799792,50.597611],[-4.798224,50.597521],[-4.795919,50.598234],[-4.796411,50.599074],[-4.79496,50.599049],[-4.79461,50.599572],[-4.793371,50.600072],[-4.792837,50.600922],[-4.792892,50.601385],[-4.793536,50.601718],[-4.790691,50.602363],[-4.789626,50.602107],[-4.788428,50.602371],[-4.7883,50.602895],[-4.789887,50.603757],[-4.790117,50.604563],[-4.788301,50.604841],[-4.788335,50.605316],[-4.787503,50.605176],[-4.787378,50.605711],[-4.786081,50.605989],[-4.785563,50.606754],[-4.784783,50.606926],[-4.785168,50.607498],[-4.784767,50.607572],[-4.785307,50.607851],[-4.784183,50.608264],[-4.785212,50.608348],[-4.784544,50.608735],[-4.785146,50.608928],[-4.783036,50.608783],[-4.782694,50.609141],[-4.784036,50.609767],[-4.782586,50.609551],[-4.782138,50.609838],[-4.782186,50.611051],[-4.783321,50.611595],[-4.782834,50.611516],[-4.783002,50.611923],[-4.782407,50.612162],[-4.782113,50.611856],[-4.780981,50.613018],[-4.780477,50.612957],[-4.780264,50.612412],[-4.779951,50.613952],[-4.777601,50.614007],[-4.778255,50.614194],[-4.778054,50.6145],[-4.778739,50.615036],[-4.776219,50.616949],[-4.776807,50.617547],[-4.775511,50.617728],[-4.775123,50.618729],[-4.774272,50.618718],[-4.773935,50.619564],[-4.77425,50.620035],[-4.773638,50.619767],[-4.773422,50.619969],[-4.773363,50.621289],[-4.772529,50.621271],[-4.770442,50.622372],[-4.77115,50.622931],[-4.770743,50.623733],[-4.771161,50.624649],[-4.770309,50.625189],[-4.770181,50.626002],[-4.771054,50.626465],[-4.772037,50.627936],[-4.773046,50.628362],[-4.770482,50.629871],[-4.770677,50.630425],[-4.771187,50.630413],[-4.771338,50.630713],[-4.771403,50.631391],[-4.770877,50.631874],[-4.77132,50.631929],[-4.770509,50.632533],[-4.770849,50.6332],[-4.770358,50.633057],[-4.770503,50.632374],[-4.770088,50.633173],[-4.769025,50.6336],[-4.769138,50.634495],[-4.767891,50.635401],[-4.768612,50.637995],[-4.767958,50.639527],[-4.768207,50.639788],[-4.766267,50.640303],[-4.766919,50.640428],[-4.767051,50.641082],[-4.767944,50.641614],[-4.767771,50.642302],[-4.767054,50.643085],[-4.765921,50.643447],[-4.763859,50.642664],[-4.763331,50.643258],[-4.763418,50.644078],[-4.761482,50.644535],[-4.762128,50.644715],[-4.761419,50.644669],[-4.761757,50.64509],[-4.761331,50.645829],[-4.761861,50.645762],[-4.761807,50.646049],[-4.760891,50.645963],[-4.760266,50.646857],[-4.760548,50.647235],[-4.760263,50.647941],[-4.760748,50.648467],[-4.760308,50.648809],[-4.761217,50.649449],[-4.760702,50.649495],[-4.759952,50.651424],[-4.759376,50.651699],[-4.758718,50.65285],[-4.760477,50.653497],[-4.760341,50.654004],[-4.761527,50.653669],[-4.762441,50.65404],[-4.762259,50.655004],[-4.764391,50.654428],[-4.764276,50.65481],[-4.766632,50.654862],[-4.766532,50.656021],[-4.766954,50.656433],[-4.765568,50.657286],[-4.764802,50.657304],[-4.764958,50.658123],[-4.764149,50.658734],[-4.764229,50.659042],[-4.765785,50.658957],[-4.766136,50.659683],[-4.765639,50.659751],[-4.765687,50.660202],[-4.764647,50.661128],[-4.763677,50.661429],[-4.763766,50.661896],[-4.763103,50.662466],[-4.762762,50.663509],[-4.760689,50.665108],[-4.760375,50.666603],[-4.758937,50.667347],[-4.759564,50.66763],[-4.760254,50.667478],[-4.760137,50.667683],[-4.761726,50.667172],[-4.763503,50.667231],[-4.764763,50.668898],[-4.764393,50.669874],[-4.763424,50.669918],[-4.762971,50.670681],[-4.761982,50.670888],[-4.760256,50.669567],[-4.759737,50.6697],[-4.759285,50.668048],[-4.757926,50.669031],[-4.757969,50.669239],[-4.758622,50.669081],[-4.758652,50.669352],[-4.757454,50.669694],[-4.757073,50.670105],[-4.757834,50.670018],[-4.757977,50.67061],[-4.757776,50.67173],[-4.757094,50.671991],[-4.755657,50.671979],[-4.755278,50.671618],[-4.75558,50.67112],[-4.753469,50.671382],[-4.753879,50.671013],[-4.753311,50.670685],[-4.751131,50.671553],[-4.750622,50.671072],[-4.750351,50.671637],[-4.749935,50.671426],[-4.74976,50.671973],[-4.748932,50.671934],[-4.74718,50.671007],[-4.746433,50.671091],[-4.745314,50.672186],[-4.743947,50.672565],[-4.743673,50.673252],[-4.744055,50.673605],[-4.745473,50.673697],[-4.745838,50.674289],[-4.746759,50.674711],[-4.7467,50.675032],[-4.744048,50.676424],[-4.743363,50.67639],[-4.741928,50.675245],[-4.742839,50.676299],[-4.742181,50.676725],[-4.74018,50.676334],[-4.741012,50.674896],[-4.741419,50.674963],[-4.741734,50.674472],[-4.741589,50.674137],[-4.74035,50.673939],[-4.739788,50.674177],[-4.738981,50.673868],[-4.739096,50.673131],[-4.738222,50.672057],[-4.738327,50.671383],[-4.737696,50.671661],[-4.737393,50.672299],[-4.73703,50.672037],[-4.735868,50.672161],[-4.735051,50.671503],[-4.732883,50.672781],[-4.732775,50.673787],[-4.732178,50.67295],[-4.73146,50.674965],[-4.73081,50.674958],[-4.729785,50.67361],[-4.730338,50.675443],[-4.730109,50.675338],[-4.728924,50.676442],[-4.728119,50.675565],[-4.7288,50.67691],[-4.728571,50.677844],[-4.728883,50.678121],[-4.728302,50.67879],[-4.728347,50.679273],[-4.726977,50.679777],[-4.727768,50.680187],[-4.726946,50.680826],[-4.727974,50.681477],[-4.726117,50.682377],[-4.725952,50.682776],[-4.726429,50.68282],[-4.726074,50.68402],[-4.724616,50.684272],[-4.723304,50.683984],[-4.723752,50.684729],[-4.723121,50.685233],[-4.722179,50.685241],[-4.721801,50.684612],[-4.721217,50.684943],[-4.720063,50.684608],[-4.720772,50.684039],[-4.719519,50.684157],[-4.718817,50.683615],[-4.718004,50.683766],[-4.717591,50.68343],[-4.716849,50.683668],[-4.716387,50.683165],[-4.716189,50.683747],[-4.71485,50.684154],[-4.715134,50.684473],[-4.713348,50.685394],[-4.712142,50.685432],[-4.711896,50.685196],[-4.71072,50.68541],[-4.70942,50.684792],[-4.71054,50.685695],[-4.710031,50.686087],[-4.709149,50.685891],[-4.708255,50.686149],[-4.705474,50.685767],[-4.705079,50.686635],[-4.70253,50.68761],[-4.703516,50.68754],[-4.70404,50.687842],[-4.703667,50.68856],[-4.706105,50.689256],[-4.70536,50.690633],[-4.702492,50.690647],[-4.701729,50.689348],[-4.701567,50.690666],[-4.700375,50.690971],[-4.699225,50.691965],[-4.698335,50.691896],[-4.698565,50.691718],[-4.698294,50.691504],[-4.695251,50.690449],[-4.698992,50.69237],[-4.701421,50.691747],[-4.701476,50.692606],[-4.700018,50.692887],[-4.698466,50.694392],[-4.696525,50.694474],[-4.695217,50.693418],[-4.694127,50.694914],[-4.692852,50.694514],[-4.690841,50.695218],[-4.690348,50.694407],[-4.689436,50.695431],[-4.686012,50.695788],[-4.685265,50.695655],[-4.684356,50.694878],[-4.682605,50.695594],[-4.680246,50.695994],[-4.680166,50.696497],[-4.680572,50.696711],[-4.680096,50.696904],[-4.684621,50.69732],[-4.684327,50.697947],[-4.685108,50.698285],[-4.684995,50.699337],[-4.685391,50.699622],[-4.683843,50.700415],[-4.684361,50.70089],[-4.683639,50.701684],[-4.682166,50.702166],[-4.681216,50.704373],[-4.679609,50.705051],[-4.679505,50.705463],[-4.677334,50.705923],[-4.676374,50.706564],[-4.673032,50.706971],[-4.671902,50.706521],[-4.671986,50.707063],[-4.671323,50.706378],[-4.671399,50.70709],[-4.670888,50.707196],[-4.670463,50.706051],[-4.669979,50.706658],[-4.668123,50.70668],[-4.667492,50.70725],[-4.667716,50.707968],[-4.667144,50.708495],[-4.665535,50.708867],[-4.666038,50.709675],[-4.667155,50.709902],[-4.667015,50.71073],[-4.667376,50.710982],[-4.666134,50.711717],[-4.660668,50.7126],[-4.660904,50.71337],[-4.659885,50.713328],[-4.658803,50.713865],[-4.660034,50.714329],[-4.659967,50.714756],[-4.656059,50.715043],[-4.655189,50.715381],[-4.654576,50.716267],[-4.655228,50.7166],[-4.654678,50.716761],[-4.654905,50.718676],[-4.654306,50.719754],[-4.65456,50.720009],[-4.65344,50.720555],[-4.653004,50.72154],[-4.653605,50.722128],[-4.653578,50.722775],[-4.654633,50.722865],[-4.655911,50.723506],[-4.654188,50.723411],[-4.65306,50.724034],[-4.652961,50.724672],[-4.653486,50.724679],[-4.652187,50.724936],[-4.649876,50.726875],[-4.649406,50.728954],[-4.650217,50.730631],[-4.649746,50.731856],[-4.651856,50.735746],[-4.651855,50.736396],[-4.650875,50.73679],[-4.650403,50.737518],[-4.651752,50.738323],[-4.653948,50.738533],[-4.653878,50.739838],[-4.65259,50.739774],[-4.652195,50.739156],[-4.651282,50.739417],[-4.646989,50.739421],[-4.646671,50.738963],[-4.646408,50.739164],[-4.643658,50.738361],[-4.641012,50.73844],[-4.63808,50.739857],[-4.637423,50.740849],[-4.635019,50.740952],[-4.633955,50.742396],[-4.636256,50.743525],[-4.638308,50.744045],[-4.639731,50.745678],[-4.639038,50.745915],[-4.636881,50.745657],[-4.636142,50.745847],[-4.63602,50.746368],[-4.636943,50.746757],[-4.634283,50.746444],[-4.635008,50.747279],[-4.633889,50.747251],[-4.636125,50.748246],[-4.634342,50.748072],[-4.634614,50.749088],[-4.633743,50.749103],[-4.633982,50.749347],[-4.632615,50.74979],[-4.632999,50.749937],[-4.63109,50.750249],[-4.628769,50.750333],[-4.624421,50.749897],[-4.621393,50.751078],[-4.619887,50.751335],[-4.617845,50.753001],[-4.618611,50.754052],[-4.617293,50.755151],[-4.617344,50.756062],[-4.619217,50.75652],[-4.615114,50.757316],[-4.614889,50.757707],[-4.615337,50.758257],[-4.616423,50.758267],[-4.615061,50.75848],[-4.61498,50.759233],[-4.613828,50.760328],[-4.610444,50.762197],[-4.605941,50.763325],[-4.603718,50.764347],[-4.599165,50.764494],[-4.596671,50.764923],[-4.593905,50.765901],[-4.59028,50.766237],[-4.587709,50.768792],[-4.584588,50.769971],[-4.583686,50.77105],[-4.584109,50.771655],[-4.583493,50.771763],[-4.582545,50.771272],[-4.580916,50.77175],[-4.577723,50.771609],[-4.576057,50.772041],[-4.575061,50.772835],[-4.572906,50.776616],[-4.571962,50.777021],[-4.567436,50.777613],[-4.566688,50.778557],[-4.566771,50.779064],[-4.56743,50.779028],[-4.56612,50.779317],[-4.564915,50.780233],[-4.56405,50.780335],[-4.561944,50.781332],[-4.561264,50.782673],[-4.561268,50.78383],[-4.559759,50.785223],[-4.558255,50.788152],[-4.557021,50.79387],[-4.557366,50.795559],[-4.556836,50.79669],[-4.556956,50.798583],[-4.557839,50.799441],[-4.559563,50.799801],[-4.559796,50.800286],[-4.561002,50.800533],[-4.560311,50.801027],[-4.558741,50.801115],[-4.558263,50.801837],[-4.55878,50.803092],[-4.559406,50.803203],[-4.558426,50.803468],[-4.558311,50.804358],[-4.56016,50.8052],[-4.559181,50.805182],[-4.559813,50.805726],[-4.559675,50.806176],[-4.557367,50.807467],[-4.557196,50.808038],[-4.557666,50.808061],[-4.556883,50.808231],[-4.556808,50.809647],[-4.557679,50.810636],[-4.556756,50.811578],[-4.556794,50.81218],[-4.55703,50.812446],[-4.557808,50.812437],[-4.557112,50.812583],[-4.556473,50.813908],[-4.55692,50.815458],[-4.557618,50.815945],[-4.556864,50.816083],[-4.556187,50.817199],[-4.556414,50.817745],[-4.556988,50.817878],[-4.556622,50.818946],[-4.5568,50.819514],[-4.557439,50.819704],[-4.55682,50.819765],[-4.557176,50.819866],[-4.55727,50.821092],[-4.557845,50.821647],[-4.556666,50.821966],[-4.556567,50.822485],[-4.557709,50.823796],[-4.55813,50.823841],[-4.558196,50.82465],[-4.55872,50.82504],[-4.557944,50.825196],[-4.558186,50.825379],[-4.557426,50.825963],[-4.557398,50.826636],[-4.556686,50.827089],[-4.557115,50.828466],[-4.558683,50.828762],[-4.557087,50.828779],[-4.55746,50.82929],[-4.556536,50.829285],[-4.556515,50.829625],[-4.555971,50.829703],[-4.556468,50.830949],[-4.557429,50.830846],[-4.556864,50.83099],[-4.556685,50.831469],[-4.556162,50.831066],[-4.5557,50.831135],[-4.555979,50.830868],[-4.555207,50.829991],[-4.552529,50.829406],[-4.551978,50.829679],[-4.549933,50.828889],[-4.547855,50.829813],[-4.546672,50.829953],[-4.547385,50.830111],[-4.549986,50.829333],[-4.552022,50.830095],[-4.551838,50.8309],[-4.552267,50.831884],[-4.553792,50.832146],[-4.553743,50.832896],[-4.554391,50.832941],[-4.553972,50.833239],[-4.554418,50.834513],[-4.553918,50.835237],[-4.554,50.836256],[-4.554799,50.836756],[-4.556117,50.836862],[-4.555682,50.837115],[-4.555996,50.837517],[-4.555593,50.838482],[-4.555744,50.839106],[-4.556189,50.839157],[-4.555785,50.839166],[-4.556627,50.839307],[-4.555979,50.840501],[-4.55601,50.841051],[-4.556656,50.841048],[-4.556031,50.841122],[-4.556075,50.84138],[-4.556678,50.8414],[-4.556333,50.841496],[-4.556661,50.842663],[-4.557696,50.842993],[-4.556309,50.843474],[-4.556318,50.843824],[-4.557427,50.843864],[-4.556262,50.844093],[-4.556932,50.844407],[-4.555591,50.84469],[-4.555141,50.848677],[-4.556213,50.849982],[-4.558124,50.850861],[-4.556766,50.851267],[-4.556106,50.852761],[-4.556593,50.853401],[-4.556179,50.854695],[-4.556599,50.85726],[-4.556409,50.860778],[-4.557116,50.862936],[-4.55757,50.863127],[-4.557127,50.863669],[-4.557246,50.866279],[-4.557668,50.866448],[-4.557367,50.866566],[-4.557617,50.867938],[-4.558433,50.868483],[-4.558682,50.868877],[-4.558362,50.86924],[-4.559098,50.869736],[-4.558498,50.870267],[-4.558459,50.871239],[-4.559647,50.871365],[-4.559004,50.871951],[-4.558803,50.874018],[-4.558084,50.875186],[-4.558898,50.875938],[-4.560847,50.875699],[-4.561539,50.876164],[-4.561276,50.876273],[-4.562176,50.876383],[-4.561533,50.876507],[-4.561118,50.876979],[-4.561201,50.877357],[-4.560667,50.877732],[-4.56106,50.877979],[-4.560631,50.877983],[-4.559603,50.878963],[-4.559666,50.879646],[-4.560334,50.880441],[-4.561355,50.880736],[-4.56111,50.881375],[-4.56319,50.882618],[-4.564436,50.884192],[-4.566425,50.885269],[-4.567482,50.885372],[-4.566764,50.885481],[-4.567328,50.885624],[-4.566416,50.885974],[-4.566782,50.886465],[-4.562733,50.887794],[-4.56261,50.888999],[-4.561909,50.890081],[-4.562256,50.890568],[-4.562854,50.890691],[-4.561488,50.890934],[-4.56106,50.891877],[-4.563719,50.89392],[-4.564529,50.893932],[-4.565647,50.894594],[-4.564022,50.894969],[-4.563442,50.895641],[-4.563787,50.896584],[-4.564886,50.897116],[-4.564366,50.897178],[-4.564296,50.897545],[-4.56512,50.897638],[-4.564447,50.89778],[-4.565737,50.898793],[-4.564917,50.898863],[-4.564985,50.899606],[-4.564017,50.899938],[-4.564075,50.900986],[-4.565611,50.902154],[-4.5654,50.902329],[-4.566417,50.902486],[-4.566437,50.902762],[-4.567431,50.902708],[-4.567044,50.902945],[-4.567543,50.903291],[-4.569916,50.903748],[-4.5694,50.904222],[-4.568603,50.904303],[-4.568774,50.904684],[-4.565847,50.904986],[-4.565065,50.906729],[-4.565659,50.907169],[-4.566704,50.907181],[-4.565602,50.907464],[-4.566518,50.907502],[-4.563501,50.908374],[-4.563455,50.909079],[-4.563868,50.909491],[-4.564701,50.909434],[-4.565351,50.910519],[-4.564744,50.910581],[-4.565277,50.910985],[-4.564229,50.911319],[-4.564378,50.912383],[-4.562826,50.913088],[-4.562459,50.913664],[-4.562542,50.91419],[-4.563887,50.914783],[-4.563942,50.91505],[-4.563438,50.915064],[-4.563882,50.915161],[-4.562644,50.915506],[-4.562211,50.916976],[-4.559987,50.917133],[-4.560136,50.917771],[-4.558335,50.917826],[-4.557005,50.91848],[-4.556646,50.919308],[-4.557415,50.919848],[-4.557155,50.919945],[-4.558014,50.919962],[-4.557963,50.920444],[-4.55745,50.920608],[-4.557877,50.920638],[-4.555942,50.921467],[-4.554664,50.922707],[-4.552264,50.924006],[-4.55217,50.925239],[-4.552751,50.925578],[-4.554977,50.925874],[-4.551682,50.926179],[-4.549975,50.926716],[-4.549432,50.927303],[-4.546368,50.928278],[-4.545626,50.928087],[-4.543775,50.929123],[-4.542915,50.928536],[-4.540867,50.928865],[-4.540509,50.928548],[-4.539892,50.928661],[-4.53967,50.928299],[-4.537937,50.92819],[-4.537224,50.92767],[-4.533783,50.926739],[-4.533091,50.926821],[-4.533069,50.927133],[-4.5319,50.926699],[-4.53077,50.926887],[-4.530543,50.92666],[-4.528418,50.926966],[-4.528062,50.927323],[-4.526687,50.927125],[-4.524437,50.927362],[-4.519877,50.927266],[-4.517502,50.926809],[-4.517139,50.926828],[-4.516797,50.927469],[-4.516514,50.927289],[-4.514338,50.927961],[-4.510818,50.927905],[-4.509591,50.927376],[-4.504719,50.927723],[-4.502233,50.927359],[-4.500202,50.92769],[-4.49926,50.92747],[-4.498081,50.928418],[-4.496876,50.928692],[-4.492383,50.928931],[-4.492107,50.929247],[-4.490379,50.928989],[-4.48915,50.929319],[-4.486813,50.929345],[-4.481103,50.930273],[-4.47125,50.931268],[-4.464656,50.93102],[-4.460081,50.93018],[-4.458254,50.929335]],[[-4.807094,50.508867],[-4.80698,50.50942],[-4.805568,50.509989],[-4.805904,50.51009],[-4.805782,50.510263],[-4.807167,50.509431],[-4.807214,50.508864],[-4.808588,50.508697],[-4.808532,50.508567],[-4.807094,50.508867]]],[[[-5.433181,50.18338],[-5.432491,50.184297],[-5.429086,50.186176],[-5.429046,50.188512],[-5.430559,50.189387],[-5.433077,50.189989],[-5.433993,50.190769],[-5.427281,50.188176],[-5.425158,50.186748],[-5.424457,50.185767],[-5.424874,50.185657],[-5.425282,50.186595],[-5.425952,50.186507],[-5.427079,50.186907],[-5.428499,50.186419],[-5.432467,50.184175],[-5.433009,50.183299],[-5.433181,50.18338]]]]}}]}