{"type":"FeatureCollection","features":[{"type":"Feature","properties":{"slug":"kings-lynn-and-west-norfolk","gss_code":"E07000146","name":"King's Lynn and West Norfolk"},"geometry":{"type":"MultiPolygon","coordinates":[[[[0.269496,52.812402],[0.267467,52.81326],[0.268775,52.815856],[0.269426,52.814618],[0.270921,52.812619],[0.269496,52.812402]]],[[[0.271949,52.812537],[0.271037,52.812586],[0.269052,52.815512],[0.26919,52.815908],[0.269752,52.815901],[0.271949,52.812537]]],[[[0.322317,52.818351],[0.327993,52.818462],[0.33194,52.817954],[0.334966,52.81707],[0.338361,52.815053],[0.341291,52.815351],[0.342213,52.814812],[0.341188,52.81436],[0.34261,52.814878],[0.342938,52.81448],[0.343769,52.814512],[0.342409,52.813885],[0.34404,52.814426],[0.344754,52.814127],[0.344667,52.813444],[0.342904,52.813061],[0.339575,52.811685],[0.336146,52.810895],[0.334355,52.810202],[0.340136,52.811759],[0.342945,52.812977],[0.342855,52.812337],[0.343254,52.813],[0.344509,52.813232],[0.342932,52.812199],[0.344657,52.813306],[0.345752,52.813597],[0.344878,52.812881],[0.345926,52.813484],[0.345973,52.81307],[0.34464,52.812661],[0.346088,52.813016],[0.347358,52.812152],[0.34206,52.811196],[0.338389,52.810055],[0.342126,52.811178],[0.343932,52.811423],[0.343526,52.811122],[0.347404,52.812049],[0.348204,52.811186],[0.347711,52.810492],[0.342266,52.809824],[0.341972,52.809134],[0.33893,52.807649],[0.342072,52.809137],[0.342282,52.809766],[0.342757,52.809849],[0.342519,52.809517],[0.342544,52.808477],[0.34295,52.809838],[0.346695,52.810256],[0.346146,52.809977],[0.34673,52.810205],[0.346507,52.809991],[0.348449,52.810658],[0.347896,52.810011],[0.348579,52.810357],[0.34904,52.809731],[0.348322,52.809362],[0.34824,52.809227],[0.343786,52.80835],[0.347179,52.808812],[0.348269,52.809187],[0.349043,52.80961],[0.349507,52.808691],[0.345922,52.807674],[0.344381,52.80625],[0.343587,52.806276],[0.341012,52.805444],[0.344513,52.806264],[0.345988,52.807639],[0.34971,52.808736],[0.348542,52.811336],[0.352091,52.80936],[0.35221,52.809034],[0.35175,52.808841],[0.352364,52.808833],[0.352851,52.807728],[0.35104,52.807021],[0.35301,52.807568],[0.353626,52.806418],[0.34954,52.805146],[0.348351,52.804418],[0.346219,52.804147],[0.345327,52.803297],[0.346225,52.804115],[0.348354,52.804373],[0.349576,52.805087],[0.353827,52.806312],[0.354127,52.805852],[0.353682,52.805551],[0.351738,52.805118],[0.350582,52.80448],[0.35177,52.805101],[0.353414,52.80542],[0.354179,52.80573],[0.354788,52.805285],[0.35388,52.805088],[0.353612,52.804829],[0.354362,52.805076],[0.353739,52.804586],[0.354877,52.805154],[0.355618,52.80441],[0.354718,52.804052],[0.354299,52.80343],[0.35168,52.80233],[0.354325,52.803408],[0.354768,52.804023],[0.355766,52.804234],[0.355971,52.803817],[0.355175,52.80337],[0.355841,52.803636],[0.355764,52.802922],[0.35402,52.80234],[0.352797,52.801779],[0.3539,52.802264],[0.354271,52.801989],[0.353095,52.801318],[0.354296,52.801946],[0.354326,52.802013],[0.354076,52.802329],[0.355869,52.802928],[0.355913,52.803546],[0.356341,52.80358],[0.357134,52.802721],[0.356731,52.802305],[0.357265,52.802541],[0.357757,52.802024],[0.355961,52.800796],[0.357711,52.801802],[0.358432,52.800514],[0.357328,52.800037],[0.358454,52.800454],[0.358467,52.800532],[0.358046,52.801486],[0.359084,52.800467],[0.359041,52.800007],[0.357093,52.799164],[0.358856,52.799852],[0.359381,52.800184],[0.359359,52.799674],[0.359646,52.79983],[0.360497,52.798967],[0.367225,52.790415],[0.367132,52.789873],[0.366087,52.789704],[0.361419,52.793973],[0.366168,52.789594],[0.365876,52.789417],[0.365754,52.788765],[0.365951,52.78942],[0.367523,52.789807],[0.368636,52.788436],[0.387943,52.75934],[0.389946,52.752645],[0.392194,52.748334],[0.391875,52.746392],[0.384784,52.739992],[0.357193,52.72042],[0.354264,52.717],[0.35327,52.714871],[0.352783,52.712432],[0.352977,52.708378],[0.353478,52.707682],[0.352849,52.707316],[0.35359,52.707433],[0.354246,52.706124],[0.351186,52.704068],[0.351932,52.703761],[0.35386,52.70543],[0.354708,52.705616],[0.359587,52.701082],[0.361635,52.698335],[0.367481,52.695865],[0.370609,52.693182],[0.371309,52.69207],[0.37089,52.689979],[0.371862,52.687597],[0.371657,52.686228],[0.363796,52.674628],[0.359839,52.666415],[0.360148,52.664908],[0.363211,52.660345],[0.364096,52.656639],[0.36572,52.654306],[0.365314,52.651418],[0.365637,52.648611],[0.365078,52.646338],[0.367377,52.643116],[0.367765,52.64101],[0.366614,52.637725],[0.367099,52.635375],[0.366676,52.632087],[0.364543,52.628384],[0.365337,52.625194],[0.363303,52.623608],[0.362283,52.621435],[0.362817,52.616309],[0.364617,52.613287],[0.36416,52.610737],[0.361352,52.607931],[0.360233,52.60478],[0.35826,52.602245],[0.353174,52.597672],[0.352135,52.597117],[0.34864,52.596217],[0.344451,52.593715],[0.340933,52.590684],[0.340238,52.589323],[0.340436,52.588725],[0.339944,52.58831],[0.34037,52.588411],[0.340973,52.584765],[0.340232,52.583054],[0.319436,52.564474],[0.317838,52.563598],[0.317923,52.563168],[0.260392,52.51173],[0.245525,52.500556],[0.238791,52.509185],[0.236319,52.507291],[0.213642,52.518473],[0.206123,52.519635],[0.215063,52.522454],[0.216646,52.520863],[0.219707,52.523147],[0.223173,52.521384],[0.224825,52.522424],[0.222387,52.52391],[0.225685,52.525942],[0.226282,52.525621],[0.230591,52.52791],[0.228823,52.53084],[0.225605,52.53257],[0.220302,52.528948],[0.214922,52.532061],[0.210305,52.530498],[0.207977,52.530028],[0.207497,52.531881],[0.205848,52.533858],[0.209875,52.535368],[0.209477,52.536149],[0.213131,52.538158],[0.203828,52.545404],[0.20627,52.54472],[0.208718,52.544611],[0.210216,52.5449],[0.212394,52.545691],[0.214357,52.54698],[0.214613,52.549118],[0.20892,52.546952],[0.205248,52.547838],[0.204204,52.549498],[0.204732,52.554667],[0.205992,52.555878],[0.211612,52.555422],[0.214093,52.556195],[0.216932,52.558706],[0.217231,52.560482],[0.216559,52.561049],[0.212833,52.560988],[0.209459,52.562825],[0.207072,52.563434],[0.206065,52.564241],[0.2057,52.565662],[0.206862,52.567603],[0.213613,52.568535],[0.216161,52.569484],[0.218287,52.570932],[0.218467,52.572133],[0.217973,52.573427],[0.215399,52.574635],[0.214619,52.575498],[0.214608,52.577997],[0.215788,52.579458],[0.202714,52.580084],[0.199582,52.582707],[0.198117,52.586086],[0.198135,52.588847],[0.197285,52.589102],[0.19916,52.591773],[0.193873,52.592104],[0.193965,52.595389],[0.19541,52.595133],[0.191619,52.598982],[0.192574,52.599341],[0.1916,52.601517],[0.194629,52.601625],[0.195106,52.602266],[0.197068,52.602217],[0.198334,52.602772],[0.201513,52.603158],[0.201387,52.604607],[0.202641,52.605606],[0.203433,52.607641],[0.204173,52.608056],[0.204878,52.609182],[0.20499,52.610966],[0.205614,52.611803],[0.209312,52.613535],[0.217387,52.614525],[0.216937,52.614983],[0.212539,52.616797],[0.210865,52.617928],[0.216923,52.621598],[0.219065,52.621981],[0.215209,52.624471],[0.203182,52.630226],[0.196575,52.632191],[0.192028,52.634266],[0.189718,52.635724],[0.188093,52.63848],[0.185674,52.640514],[0.183118,52.641657],[0.180497,52.641986],[0.179184,52.642474],[0.176188,52.64439],[0.173967,52.647201],[0.169925,52.650435],[0.169595,52.652756],[0.17834,52.652636],[0.176279,52.655691],[0.183842,52.655662],[0.183063,52.659089],[0.184138,52.660091],[0.183581,52.662919],[0.18399,52.663229],[0.183632,52.663863],[0.184411,52.667],[0.18443,52.672141],[0.181079,52.672099],[0.180883,52.673268],[0.182632,52.673386],[0.182934,52.674034],[0.183367,52.674029],[0.184503,52.676339],[0.184717,52.677895],[0.180415,52.678085],[0.179816,52.677633],[0.178378,52.678402],[0.174633,52.678402],[0.174371,52.678781],[0.171931,52.678911],[0.169871,52.678657],[0.168758,52.679037],[0.166517,52.680542],[0.165555,52.680527],[0.164625,52.680001],[0.162401,52.67948],[0.161919,52.67965],[0.161813,52.679419],[0.159761,52.679642],[0.159636,52.680465],[0.157145,52.679693],[0.157173,52.680683],[0.15486,52.680793],[0.154894,52.682143],[0.154062,52.682166],[0.156434,52.70104],[0.156889,52.707948],[0.166124,52.721106],[0.168347,52.725209],[0.170221,52.724543],[0.168502,52.725624],[0.17073,52.73572],[0.172108,52.737944],[0.186323,52.735349],[0.192278,52.738336],[0.190814,52.739475],[0.194819,52.738716],[0.19659,52.742198],[0.211753,52.749543],[0.217369,52.753248],[0.227815,52.757172],[0.233163,52.760265],[0.243953,52.764001],[0.2475,52.764839],[0.251701,52.767128],[0.254084,52.767167],[0.265887,52.771655],[0.269917,52.772053],[0.272228,52.772813],[0.245038,52.78447],[0.251992,52.792572],[0.260961,52.796076],[0.253117,52.797406],[0.262072,52.803622],[0.262783,52.803752],[0.264009,52.805511],[0.263934,52.806248],[0.267446,52.813218],[0.26945,52.812371],[0.27215,52.812487],[0.273138,52.811518],[0.272937,52.811342],[0.273118,52.811074],[0.274282,52.811114],[0.275044,52.810588],[0.274269,52.811144],[0.273085,52.811136],[0.273219,52.811566],[0.269784,52.815974],[0.270121,52.816051],[0.270817,52.815451],[0.271222,52.814217],[0.272666,52.813718],[0.274121,52.812317],[0.272664,52.813749],[0.271264,52.814288],[0.270586,52.816303],[0.272334,52.816198],[0.275041,52.816815],[0.276626,52.816749],[0.275838,52.815485],[0.276631,52.814201],[0.278831,52.813329],[0.280696,52.811759],[0.281986,52.811258],[0.280701,52.81179],[0.278938,52.813334],[0.276687,52.814284],[0.275991,52.815512],[0.276976,52.816875],[0.277634,52.816389],[0.278289,52.816423],[0.2782,52.816111],[0.280626,52.81385],[0.281234,52.813504],[0.283505,52.812849],[0.284986,52.811879],[0.283575,52.81285],[0.280619,52.814033],[0.278396,52.816115],[0.278598,52.816398],[0.279323,52.816379],[0.280934,52.81477],[0.279456,52.816574],[0.281262,52.81751],[0.285802,52.818447],[0.286268,52.817684],[0.285702,52.817392],[0.286006,52.81699],[0.285745,52.817388],[0.286315,52.817671],[0.285984,52.818418],[0.287224,52.819218],[0.288419,52.819085],[0.28972,52.818403],[0.289043,52.817457],[0.287536,52.81719],[0.289067,52.817428],[0.290044,52.818324],[0.29078,52.818039],[0.292196,52.818222],[0.292554,52.81684],[0.291838,52.81642],[0.29197,52.815948],[0.291334,52.8157],[0.291298,52.814144],[0.290377,52.813127],[0.291343,52.814089],[0.291396,52.815648],[0.292053,52.815917],[0.291946,52.816412],[0.29267,52.816867],[0.292309,52.818088],[0.29607,52.818508],[0.299008,52.818289],[0.298812,52.817204],[0.29949,52.814657],[0.298862,52.817262],[0.299445,52.818348],[0.301028,52.818207],[0.300965,52.817485],[0.301207,52.818308],[0.304776,52.818362],[0.305864,52.817516],[0.305777,52.816509],[0.306085,52.815936],[0.306979,52.815527],[0.306857,52.814765],[0.307023,52.815531],[0.306105,52.815988],[0.305972,52.817463],[0.305026,52.818242],[0.305405,52.81859],[0.30998,52.818456],[0.310067,52.818177],[0.309211,52.81767],[0.310901,52.818548],[0.312762,52.818366],[0.313968,52.818601],[0.315239,52.816706],[0.314151,52.816078],[0.315263,52.816568],[0.316088,52.816563],[0.317764,52.815167],[0.317795,52.814742],[0.317808,52.815178],[0.316061,52.816669],[0.318353,52.81555],[0.316209,52.816715],[0.315349,52.816611],[0.314424,52.817971],[0.314428,52.8187],[0.322317,52.818351]]],[[[0.734261,52.963477],[0.734911,52.963483],[0.73402,52.963347],[0.733734,52.963508],[0.733651,52.963993],[0.733712,52.963733],[0.734031,52.963511],[0.734261,52.963477]]],[[[0.73537,52.963503],[0.735491,52.963937],[0.736487,52.964081],[0.73537,52.963503]]],[[[0.734736,52.963524],[0.733806,52.963791],[0.733899,52.9645],[0.734161,52.963718],[0.734736,52.963524]]],[[[0.733536,52.964436],[0.732855,52.964772],[0.733477,52.964654],[0.733536,52.964436]]],[[[0.618722,52.967243],[0.618373,52.967589],[0.620453,52.967579],[0.620456,52.967248],[0.618722,52.967243]]],[[[0.739455,52.964613],[0.739401,52.964677],[0.739286,52.964684],[0.738927,52.964585],[0.739303,52.964921],[0.739188,52.965215],[0.740338,52.964789],[0.740025,52.964781],[0.739455,52.964613]]],[[[0.742773,52.96546],[0.742844,52.966487],[0.744211,52.965803],[0.744074,52.965468],[0.742773,52.96546]]],[[[0.737207,52.965393],[0.737742,52.965873],[0.738102,52.965409],[0.73734,52.964952],[0.737123,52.96505],[0.736446,52.96507],[0.737158,52.964976],[0.737053,52.964805],[0.734944,52.964394],[0.734709,52.965115],[0.734116,52.965204],[0.73471,52.96507],[0.734561,52.96476],[0.73497,52.964357],[0.735938,52.964566],[0.734982,52.963607],[0.734118,52.964394],[0.733347,52.96492],[0.732384,52.964808],[0.731614,52.964397],[0.731199,52.964592],[0.733856,52.966337],[0.734469,52.966202],[0.734283,52.965841],[0.734468,52.965676],[0.735726,52.965759],[0.735452,52.96614],[0.734825,52.966403],[0.735294,52.966859],[0.735308,52.966422],[0.736214,52.965901],[0.73531,52.966469],[0.735712,52.966866],[0.737642,52.96589],[0.737207,52.965393]]],[[[0.734505,52.965704],[0.734536,52.966224],[0.733937,52.966385],[0.734916,52.96695],[0.734718,52.966349],[0.73539,52.966023],[0.734505,52.965704]]],[[[0.664292,52.96804],[0.664644,52.968324],[0.665055,52.96819],[0.664574,52.967675],[0.663921,52.9679],[0.663897,52.967619],[0.66445,52.967585],[0.663678,52.967453],[0.663129,52.967588],[0.662377,52.968597],[0.664016,52.968664],[0.664292,52.96804]]],[[[0.735812,52.966909],[0.735248,52.966954],[0.734855,52.966626],[0.735065,52.9671],[0.735812,52.966909]]],[[[0.620622,52.968815],[0.621462,52.969182],[0.621416,52.968011],[0.620525,52.967814],[0.620449,52.967597],[0.617893,52.96764],[0.615997,52.967459],[0.615432,52.967249],[0.615619,52.968821],[0.616056,52.968498],[0.616646,52.968582],[0.6169,52.96813],[0.617128,52.967999],[0.617577,52.967904],[0.618683,52.968022],[0.61718,52.96802],[0.616702,52.968628],[0.617929,52.968968],[0.619277,52.968701],[0.619607,52.969273],[0.619061,52.969879],[0.621463,52.969839],[0.621384,52.969256],[0.620622,52.968815]]],[[[0.650785,52.96851],[0.649637,52.968641],[0.649758,52.969258],[0.651197,52.969235],[0.65158,52.968808],[0.650785,52.96851]]],[[[0.665234,52.968543],[0.663017,52.968815],[0.663003,52.969221],[0.665234,52.968543]]],[[[0.65296,52.968591],[0.651795,52.968779],[0.65194,52.969246],[0.651314,52.969263],[0.653929,52.969448],[0.65296,52.968591]]],[[[0.676543,52.968872],[0.676231,52.969197],[0.676649,52.969199],[0.676543,52.968872]]],[[[0.741512,52.967279],[0.741155,52.967139],[0.741796,52.96728],[0.741913,52.966871],[0.741327,52.966771],[0.741793,52.966399],[0.740232,52.966444],[0.740887,52.966389],[0.740756,52.966187],[0.740912,52.966059],[0.74085,52.966276],[0.741657,52.966201],[0.742667,52.966632],[0.742706,52.965322],[0.741005,52.965337],[0.740879,52.965724],[0.740698,52.965408],[0.740082,52.965595],[0.738612,52.966619],[0.73887,52.96709],[0.739458,52.966821],[0.739296,52.966558],[0.739908,52.96658],[0.739356,52.966984],[0.738554,52.967241],[0.740099,52.967336],[0.739584,52.967599],[0.740189,52.967915],[0.74022,52.967683],[0.740877,52.967723],[0.741512,52.967279]]],[[[0.747229,52.966535],[0.747011,52.966668],[0.747213,52.967101],[0.747128,52.967245],[0.748072,52.967889],[0.747229,52.966535]]],[[[0.675732,52.969221],[0.674994,52.969567],[0.675246,52.969596],[0.676087,52.969422],[0.675732,52.969221]]],[[[0.676854,52.969286],[0.676135,52.969331],[0.67687,52.969918],[0.677065,52.969732],[0.676854,52.969286]]],[[[0.676092,52.969534],[0.675834,52.969791],[0.67657,52.969941],[0.676092,52.969534]]],[[[0.621599,52.968021],[0.621647,52.969918],[0.624672,52.971278],[0.625688,52.971028],[0.625676,52.9682],[0.622129,52.968116],[0.621599,52.968021]]],[[[0.666811,52.969486],[0.662077,52.970599],[0.664902,52.969984],[0.666811,52.969486]]],[[[0.666832,52.969816],[0.664147,52.970392],[0.663854,52.970607],[0.666832,52.969816]]],[[[0.680263,52.968754],[0.679261,52.968006],[0.678578,52.968528],[0.678986,52.96842],[0.679042,52.968677],[0.678274,52.968501],[0.678119,52.969101],[0.6785,52.96907],[0.678618,52.969393],[0.678059,52.96933],[0.677455,52.969914],[0.678502,52.970333],[0.679189,52.969401],[0.680263,52.968754]]],[[[0.737222,52.968182],[0.736385,52.968525],[0.737017,52.96809],[0.735547,52.967433],[0.735636,52.96912],[0.737039,52.969166],[0.737222,52.968182]]],[[[0.74111,52.968703],[0.740339,52.968771],[0.740765,52.969115],[0.741462,52.969108],[0.74111,52.968703]]],[[[0.747746,52.967969],[0.747896,52.968789],[0.747493,52.968982],[0.748339,52.96913],[0.747746,52.967969]]],[[[0.7415,52.968857],[0.741703,52.969328],[0.74248,52.969417],[0.742749,52.969282],[0.742235,52.969263],[0.743765,52.969029],[0.7415,52.968857]]],[[[0.685863,52.968439],[0.685706,52.969055],[0.686471,52.96936],[0.685905,52.969555],[0.685173,52.969336],[0.685148,52.969597],[0.686466,52.969923],[0.687709,52.971045],[0.689185,52.970628],[0.685863,52.968439]]],[[[0.750981,52.96909],[0.753342,52.969958],[0.75253,52.969605],[0.750981,52.96909]]],[[[0.746606,52.969704],[0.745997,52.969487],[0.745967,52.969183],[0.746402,52.969436],[0.746201,52.968665],[0.745334,52.968358],[0.745366,52.968743],[0.745124,52.968481],[0.744665,52.968643],[0.744464,52.968352],[0.744704,52.968612],[0.745064,52.968458],[0.745344,52.9685],[0.74528,52.968347],[0.745419,52.968161],[0.745864,52.967956],[0.745432,52.96825],[0.745843,52.968523],[0.746812,52.967921],[0.746331,52.967206],[0.745194,52.967603],[0.746284,52.967159],[0.745671,52.966392],[0.74486,52.966532],[0.745549,52.966099],[0.744454,52.965602],[0.743767,52.966196],[0.74278,52.966584],[0.742484,52.96842],[0.742689,52.966671],[0.742362,52.966526],[0.741506,52.966679],[0.741975,52.96686],[0.742025,52.967002],[0.741839,52.967302],[0.74088,52.967957],[0.740265,52.967729],[0.740907,52.968113],[0.739547,52.968029],[0.739894,52.967872],[0.739265,52.967327],[0.73824,52.967409],[0.738629,52.966958],[0.738306,52.966718],[0.739747,52.96568],[0.73609,52.967074],[0.736693,52.967073],[0.738821,52.968213],[0.736635,52.967074],[0.736068,52.967174],[0.736127,52.967453],[0.737931,52.968269],[0.740587,52.968413],[0.745596,52.9693],[0.745019,52.969427],[0.745624,52.970132],[0.746076,52.969953],[0.745988,52.970225],[0.746606,52.969704]]],[[[0.677579,52.97102],[0.678101,52.971677],[0.678481,52.970738],[0.675187,52.970493],[0.674952,52.970976],[0.675479,52.971534],[0.677907,52.971661],[0.677579,52.97102]]],[[[0.678764,52.971053],[0.678322,52.971472],[0.678539,52.971879],[0.679706,52.971793],[0.678919,52.971369],[0.678835,52.971324],[0.678764,52.971053]]],[[[0.721162,52.971746],[0.720981,52.971806],[0.721179,52.971994],[0.721791,52.971759],[0.721162,52.971746]]],[[[0.679201,52.972585],[0.67878,52.972489],[0.679226,52.973167],[0.67978,52.972785],[0.679713,52.973165],[0.680377,52.972853],[0.679201,52.972585]]],[[[0.681645,52.972749],[0.682244,52.973071],[0.682376,52.972782],[0.682594,52.973102],[0.683003,52.97268],[0.681521,52.972272],[0.681593,52.972578],[0.681322,52.972435],[0.680388,52.973148],[0.681645,52.972749]]],[[[0.735205,52.970177],[0.73434,52.970213],[0.733093,52.971664],[0.73444,52.971795],[0.734941,52.972043],[0.735319,52.971746],[0.734785,52.971619],[0.73437,52.970774],[0.735205,52.970177]]],[[[0.757169,52.970984],[0.756666,52.971233],[0.755781,52.970766],[0.756778,52.971104],[0.757108,52.970917],[0.756387,52.970646],[0.754476,52.970599],[0.754518,52.970981],[0.755793,52.970953],[0.756308,52.971396],[0.75767,52.97123],[0.758384,52.971645],[0.758118,52.971247],[0.757169,52.970984]]],[[[0.709882,52.972654],[0.708159,52.97289],[0.709687,52.973137],[0.709882,52.972654]]],[[[0.748729,52.971831],[0.748953,52.971674],[0.749988,52.971566],[0.749642,52.971154],[0.749659,52.971424],[0.748906,52.971405],[0.748091,52.972055],[0.748174,52.971797],[0.747297,52.971855],[0.748565,52.972309],[0.749143,52.972113],[0.748729,52.971831]]],[[[0.711257,52.972422],[0.709668,52.972587],[0.710281,52.972706],[0.710841,52.973179],[0.711415,52.972763],[0.711018,52.972626],[0.711257,52.972422]]],[[[0.708025,52.972952],[0.706923,52.973114],[0.708337,52.973336],[0.708025,52.972952]]],[[[0.717873,52.972954],[0.718389,52.973273],[0.718428,52.972642],[0.716782,52.972007],[0.71525,52.97284],[0.716764,52.972893],[0.717422,52.973003],[0.717676,52.973173],[0.717652,52.972944],[0.718061,52.973176],[0.717873,52.972954]]],[[[0.706855,52.973213],[0.706199,52.973816],[0.708434,52.973957],[0.708877,52.974138],[0.709034,52.973833],[0.706855,52.973213]]],[[[0.712308,52.973622],[0.711973,52.973675],[0.711675,52.973669],[0.711653,52.973379],[0.712321,52.973173],[0.711962,52.973648],[0.713846,52.972984],[0.713908,52.972699],[0.712499,52.973111],[0.71369,52.972718],[0.713357,52.972583],[0.712143,52.973017],[0.713119,52.972485],[0.714288,52.972666],[0.713957,52.972854],[0.715858,52.972482],[0.716714,52.971912],[0.71144,52.972354],[0.711111,52.972603],[0.711505,52.972727],[0.711794,52.973149],[0.711515,52.972805],[0.710997,52.973246],[0.710659,52.973198],[0.710063,52.972838],[0.709651,52.97327],[0.710446,52.973387],[0.708343,52.973165],[0.710128,52.973916],[0.710115,52.97355],[0.710208,52.97351],[0.711426,52.973485],[0.710162,52.973551],[0.710134,52.973866],[0.710687,52.974079],[0.711152,52.974093],[0.710928,52.97402],[0.711106,52.973932],[0.710753,52.973841],[0.710713,52.973762],[0.710896,52.973687],[0.711355,52.973847],[0.711036,52.974036],[0.712308,52.973622]]],[[[0.729441,52.973504],[0.730244,52.973519],[0.730327,52.973094],[0.729887,52.973006],[0.730298,52.973012],[0.730402,52.973127],[0.730373,52.973247],[0.730636,52.972969],[0.728697,52.972655],[0.729074,52.973037],[0.728446,52.972956],[0.728387,52.97359],[0.728989,52.97381],[0.729041,52.973556],[0.729327,52.973895],[0.730417,52.973762],[0.729441,52.973504]]],[[[0.727607,52.973705],[0.727267,52.973821],[0.728715,52.974001],[0.727607,52.973705]]],[[[0.70595,52.973242],[0.705075,52.973599],[0.705258,52.974593],[0.70595,52.973242]]],[[[0.709169,52.97387],[0.71014,52.974561],[0.710675,52.97435],[0.709169,52.97387]]],[[[0.724223,52.974089],[0.722471,52.974374],[0.722957,52.974186],[0.722084,52.974146],[0.724969,52.973758],[0.723507,52.973895],[0.722662,52.973567],[0.724043,52.973559],[0.723861,52.973803],[0.725134,52.973704],[0.724972,52.973408],[0.725351,52.973677],[0.726594,52.973378],[0.728224,52.97362],[0.728061,52.973176],[0.727788,52.97331],[0.727156,52.973066],[0.727729,52.973211],[0.727854,52.972905],[0.728112,52.973165],[0.728562,52.972604],[0.727065,52.972413],[0.727064,52.972654],[0.723811,52.97311],[0.726946,52.972655],[0.727043,52.972367],[0.727168,52.972377],[0.726663,52.972262],[0.72617,52.972631],[0.726496,52.972226],[0.725727,52.972379],[0.726183,52.972184],[0.724069,52.971871],[0.723977,52.972839],[0.723859,52.971855],[0.722769,52.972199],[0.723068,52.972404],[0.722699,52.972264],[0.722818,52.972115],[0.723284,52.97181],[0.722474,52.971833],[0.722547,52.97217],[0.722409,52.971842],[0.721873,52.971797],[0.72145,52.97202],[0.721562,52.972045],[0.721956,52.972346],[0.721487,52.972961],[0.721982,52.972715],[0.722582,52.97291],[0.721986,52.972741],[0.721416,52.973021],[0.721809,52.97242],[0.721465,52.97249],[0.721523,52.97206],[0.721077,52.97201],[0.720671,52.97176],[0.720866,52.973225],[0.722444,52.973662],[0.720683,52.973394],[0.720705,52.97306],[0.720281,52.973688],[0.721553,52.974478],[0.721791,52.97378],[0.721841,52.974476],[0.723566,52.974441],[0.724223,52.974089]]],[[[0.720592,52.97392],[0.720514,52.974124],[0.719513,52.973751],[0.719377,52.973629],[0.71957,52.972992],[0.719463,52.973666],[0.720464,52.973888],[0.720193,52.973625],[0.720507,52.973066],[0.719984,52.973028],[0.720521,52.972953],[0.720531,52.972463],[0.719998,52.972797],[0.719457,52.972651],[0.719994,52.972766],[0.720612,52.972384],[0.720624,52.971759],[0.71931,52.972008],[0.719488,52.971754],[0.717066,52.971865],[0.719117,52.972694],[0.718645,52.972586],[0.718542,52.973012],[0.719129,52.973369],[0.718589,52.973287],[0.719003,52.973947],[0.720371,52.974287],[0.72122,52.974712],[0.722366,52.974526],[0.721657,52.974529],[0.721223,52.974451],[0.720592,52.97392]]],[[[0.72457,52.974492],[0.725351,52.974624],[0.72515,52.974183],[0.726932,52.973699],[0.724788,52.973944],[0.723297,52.974622],[0.724988,52.974717],[0.72457,52.974492]]],[[[0.713123,52.974182],[0.712779,52.974226],[0.713222,52.973646],[0.712931,52.973395],[0.710247,52.974618],[0.710494,52.975111],[0.711395,52.975083],[0.710821,52.97454],[0.711386,52.974938],[0.712035,52.974611],[0.711563,52.975104],[0.713123,52.974182]]],[[[0.729026,52.974059],[0.728061,52.974225],[0.727916,52.973944],[0.727338,52.973858],[0.727545,52.974135],[0.727176,52.973861],[0.727303,52.974254],[0.727113,52.973931],[0.727232,52.973699],[0.726665,52.973906],[0.726571,52.974293],[0.726423,52.974026],[0.725453,52.974156],[0.725439,52.974567],[0.725339,52.974688],[0.725118,52.974625],[0.725085,52.974773],[0.727602,52.974405],[0.728613,52.974452],[0.729979,52.974922],[0.729026,52.974059]]],[[[0.704769,52.973881],[0.704494,52.975004],[0.704274,52.974571],[0.704324,52.975502],[0.704736,52.975561],[0.70496,52.975069],[0.704769,52.973881]]],[[[0.738849,52.975021],[0.742262,52.975138],[0.739733,52.974743],[0.739453,52.974437],[0.739318,52.974796],[0.738651,52.974871],[0.739336,52.974743],[0.739073,52.974259],[0.738674,52.974656],[0.738106,52.97476],[0.736013,52.974729],[0.735495,52.97456],[0.735087,52.974846],[0.735179,52.974587],[0.734247,52.97471],[0.733701,52.974361],[0.734122,52.974741],[0.735462,52.975399],[0.738849,52.975021]]],[[[0.7047,52.975648],[0.704414,52.975712],[0.70435,52.9764],[0.7047,52.975648]]],[[[0.732227,52.975062],[0.732002,52.975069],[0.729777,52.974415],[0.730675,52.974577],[0.729438,52.974225],[0.729535,52.974092],[0.730376,52.973942],[0.729275,52.974081],[0.729242,52.974246],[0.730343,52.97498],[0.729962,52.975377],[0.730523,52.975041],[0.730919,52.975374],[0.730411,52.975235],[0.73013,52.975656],[0.732066,52.975794],[0.731658,52.97568],[0.730484,52.974873],[0.731893,52.975623],[0.732199,52.975207],[0.732171,52.975811],[0.732648,52.975601],[0.732441,52.975501],[0.732227,52.975062]]],[[[0.732838,52.975487],[0.733385,52.9755],[0.733329,52.975075],[0.732301,52.974344],[0.733353,52.974785],[0.73388,52.975464],[0.733477,52.975527],[0.734335,52.975514],[0.732587,52.974152],[0.731118,52.973877],[0.729492,52.974194],[0.730717,52.974442],[0.731994,52.975013],[0.732128,52.974836],[0.73164,52.974443],[0.732558,52.975097],[0.732717,52.975742],[0.732484,52.975808],[0.733088,52.975658],[0.732838,52.975487]]],[[[0.704158,52.976026],[0.703841,52.97642],[0.704153,52.976397],[0.704158,52.976026]]],[[[0.708714,52.976943],[0.707742,52.977019],[0.708029,52.977454],[0.708356,52.977203],[0.708615,52.977457],[0.708468,52.977275],[0.708714,52.976943]]],[[[0.726819,52.977393],[0.727671,52.97751],[0.728584,52.97707],[0.725316,52.977559],[0.727389,52.977582],[0.726819,52.977393]]],[[[0.725546,52.977407],[0.724774,52.977426],[0.723767,52.977242],[0.724159,52.976897],[0.723928,52.977247],[0.724466,52.977312],[0.724511,52.977009],[0.724521,52.977355],[0.725786,52.97735],[0.725656,52.976603],[0.726024,52.977178],[0.726518,52.976713],[0.726225,52.976295],[0.726635,52.97653],[0.726621,52.976861],[0.725893,52.977337],[0.72698,52.977188],[0.727335,52.976753],[0.726897,52.976633],[0.726842,52.976089],[0.727392,52.976771],[0.727875,52.976541],[0.727314,52.97622],[0.727938,52.976508],[0.727073,52.977133],[0.728744,52.976914],[0.728895,52.977126],[0.73021,52.976999],[0.729676,52.976778],[0.729606,52.97631],[0.730103,52.976922],[0.731047,52.976555],[0.730415,52.976283],[0.730476,52.976526],[0.730106,52.976726],[0.729944,52.976542],[0.73038,52.976516],[0.729808,52.975913],[0.731138,52.976477],[0.731136,52.976714],[0.730251,52.977033],[0.734664,52.975862],[0.733393,52.975927],[0.733701,52.97567],[0.731565,52.976107],[0.731219,52.975785],[0.73017,52.975782],[0.729999,52.975504],[0.728814,52.976059],[0.729951,52.975494],[0.729495,52.975561],[0.729211,52.975351],[0.728996,52.975495],[0.729021,52.975295],[0.729269,52.975312],[0.728922,52.97522],[0.72881,52.975112],[0.728415,52.975454],[0.728748,52.975006],[0.727884,52.975143],[0.728059,52.975237],[0.728265,52.97571],[0.728165,52.975996],[0.727952,52.975619],[0.727708,52.975993],[0.72805,52.975283],[0.727788,52.975193],[0.728092,52.974974],[0.728776,52.974982],[0.729543,52.975453],[0.729468,52.975515],[0.729859,52.975402],[0.729935,52.97498],[0.728564,52.974521],[0.727682,52.974466],[0.727471,52.974774],[0.727534,52.974446],[0.727161,52.975305],[0.726928,52.975552],[0.725564,52.975478],[0.725638,52.975978],[0.725391,52.976077],[0.72436,52.975989],[0.725593,52.975975],[0.725277,52.975829],[0.725556,52.975446],[0.72686,52.975538],[0.727095,52.97525],[0.726661,52.975077],[0.727094,52.974959],[0.727285,52.974486],[0.72708,52.97468],[0.727101,52.974514],[0.725599,52.974799],[0.724466,52.974789],[0.724449,52.974943],[0.724228,52.975113],[0.723536,52.975179],[0.72436,52.974986],[0.722453,52.974768],[0.722269,52.974968],[0.72239,52.974717],[0.720516,52.975053],[0.721041,52.974793],[0.720313,52.974417],[0.719208,52.974689],[0.719416,52.975424],[0.719229,52.975126],[0.718688,52.975283],[0.719135,52.975053],[0.718576,52.974959],[0.719293,52.974572],[0.718563,52.974322],[0.718315,52.974563],[0.718449,52.974229],[0.718209,52.97415],[0.717524,52.974541],[0.717823,52.974295],[0.717342,52.974015],[0.718021,52.97419],[0.717812,52.973958],[0.719275,52.974503],[0.720241,52.974368],[0.718591,52.974002],[0.718408,52.973689],[0.717727,52.973767],[0.718415,52.973434],[0.717676,52.973173],[0.717446,52.973092],[0.717116,52.973336],[0.716669,52.973404],[0.717233,52.973458],[0.716794,52.973466],[0.717182,52.97376],[0.716338,52.973632],[0.716732,52.974072],[0.716632,52.974373],[0.716157,52.973759],[0.716699,52.973359],[0.717081,52.973317],[0.71732,52.973076],[0.71634,52.972923],[0.716611,52.97323],[0.716211,52.973057],[0.715869,52.973525],[0.716217,52.972978],[0.714943,52.97301],[0.715634,52.97256],[0.714133,52.972885],[0.713277,52.973582],[0.714688,52.973189],[0.715401,52.973159],[0.715116,52.973722],[0.715905,52.974215],[0.715745,52.974555],[0.715592,52.974089],[0.715295,52.974466],[0.715127,52.974179],[0.714744,52.974448],[0.715115,52.97415],[0.715475,52.974071],[0.715093,52.973805],[0.715095,52.973645],[0.714596,52.973927],[0.715087,52.97359],[0.714767,52.973222],[0.713765,52.973729],[0.714301,52.974026],[0.713116,52.973837],[0.71436,52.974425],[0.714397,52.974508],[0.71365,52.974902],[0.713835,52.975098],[0.715129,52.97517],[0.714426,52.975214],[0.714545,52.975552],[0.71416,52.975248],[0.713891,52.975472],[0.713394,52.974718],[0.714336,52.974486],[0.713318,52.974172],[0.712347,52.9748],[0.712473,52.975122],[0.711903,52.975124],[0.71219,52.975517],[0.711847,52.975162],[0.711912,52.9751],[0.711632,52.975204],[0.711594,52.975444],[0.710919,52.975466],[0.711628,52.975178],[0.710127,52.975102],[0.710566,52.975356],[0.71003,52.975736],[0.711178,52.975817],[0.71029,52.975922],[0.70998,52.975704],[0.709956,52.974989],[0.709752,52.975362],[0.709593,52.975167],[0.709889,52.974954],[0.70974,52.974623],[0.709995,52.97496],[0.710042,52.974531],[0.709099,52.974137],[0.708803,52.974333],[0.709456,52.975127],[0.709064,52.97478],[0.70891,52.975599],[0.709322,52.975924],[0.708871,52.975684],[0.70884,52.974572],[0.708607,52.974943],[0.708565,52.974636],[0.707925,52.974704],[0.708383,52.975027],[0.708175,52.975327],[0.708413,52.975372],[0.708518,52.975926],[0.707742,52.975938],[0.708372,52.975912],[0.708172,52.975515],[0.708391,52.975451],[0.707965,52.975427],[0.708342,52.975043],[0.707752,52.974739],[0.707586,52.975075],[0.70698,52.975137],[0.707864,52.974622],[0.70878,52.974519],[0.707792,52.974389],[0.708884,52.974192],[0.707669,52.973941],[0.706116,52.974058],[0.705832,52.97485],[0.706368,52.974942],[0.705721,52.974967],[0.705459,52.975772],[0.706748,52.976027],[0.70533,52.97587],[0.705434,52.976813],[0.708898,52.976837],[0.708517,52.97726],[0.708808,52.977404],[0.709007,52.977085],[0.708964,52.977958],[0.70915,52.977817],[0.7094,52.977626],[0.709044,52.977318],[0.709459,52.977619],[0.709419,52.977145],[0.709788,52.977134],[0.709108,52.976721],[0.70967,52.976859],[0.710206,52.977568],[0.709791,52.976965],[0.709809,52.976633],[0.710506,52.977632],[0.711974,52.977098],[0.711165,52.977192],[0.711535,52.97703],[0.710806,52.97705],[0.709939,52.976816],[0.710924,52.977002],[0.710154,52.9766],[0.712269,52.976969],[0.713341,52.976589],[0.716282,52.976752],[0.716126,52.976407],[0.716672,52.97677],[0.716578,52.975753],[0.716881,52.976661],[0.717374,52.976635],[0.717163,52.976582],[0.717246,52.97626],[0.717329,52.976599],[0.723349,52.977615],[0.722996,52.977184],[0.724096,52.977692],[0.726484,52.97768],[0.725343,52.977597],[0.725149,52.977499],[0.725546,52.977407]]],[[[0.712033,52.977278],[0.71196,52.977708],[0.713465,52.97669],[0.710564,52.977729],[0.710646,52.978075],[0.711708,52.977823],[0.711285,52.977776],[0.712033,52.977278]]],[[[0.709692,52.977293],[0.710099,52.978013],[0.709915,52.978097],[0.710475,52.978097],[0.71046,52.977761],[0.709692,52.977293]]],[[[0.70975,52.977578],[0.70915,52.977817],[0.709802,52.978125],[0.710027,52.977944],[0.70975,52.977578]]],[[[0.708815,52.977531],[0.708,52.977479],[0.707652,52.977238],[0.707387,52.977516],[0.70752,52.97696],[0.7071,52.976986],[0.707139,52.97737],[0.706893,52.976954],[0.706693,52.97738],[0.706783,52.977032],[0.706284,52.977365],[0.706233,52.977053],[0.705612,52.977119],[0.706182,52.977873],[0.707788,52.977709],[0.706882,52.977991],[0.709229,52.978156],[0.708705,52.977822],[0.708815,52.977531]]],[[[0.714833,52.978243],[0.714539,52.978377],[0.714678,52.978045],[0.714101,52.977867],[0.714137,52.97743],[0.715085,52.977134],[0.715308,52.977064],[0.714005,52.97715],[0.713592,52.977535],[0.714095,52.977618],[0.713634,52.977931],[0.713306,52.977673],[0.712265,52.978348],[0.713534,52.978517],[0.713751,52.978161],[0.713735,52.978524],[0.71445,52.978594],[0.714833,52.978243]]],[[[0.718848,52.978469],[0.718609,52.977502],[0.717841,52.97745],[0.718386,52.977315],[0.720163,52.977389],[0.717211,52.977249],[0.718087,52.977847],[0.718265,52.97804],[0.718351,52.978338],[0.718143,52.978429],[0.718848,52.978469]]],[[[0.739347,52.977476],[0.738285,52.977887],[0.738799,52.978051],[0.739347,52.977476]]],[[[0.741148,52.977302],[0.740249,52.977468],[0.73992,52.977747],[0.74054,52.977513],[0.742138,52.977362],[0.740046,52.977165],[0.738961,52.978049],[0.739967,52.977458],[0.741148,52.977302]]],[[[0.726852,52.97802],[0.726802,52.978127],[0.727075,52.978323],[0.727394,52.978091],[0.726852,52.97802]]],[[[0.719949,52.977901],[0.720704,52.978071],[0.720957,52.977905],[0.721395,52.977616],[0.719634,52.9774],[0.719248,52.977533],[0.719364,52.977763],[0.719198,52.977519],[0.719535,52.977391],[0.719185,52.977397],[0.719052,52.977565],[0.719489,52.978124],[0.719049,52.977711],[0.719024,52.977552],[0.719141,52.977415],[0.718517,52.977359],[0.718609,52.977502],[0.71916,52.978352],[0.720352,52.978544],[0.72093,52.978292],[0.719949,52.977901]]],[[[0.715859,52.97866],[0.715545,52.978537],[0.715076,52.977747],[0.714688,52.977877],[0.714677,52.97774],[0.715085,52.977134],[0.714181,52.977532],[0.715286,52.978484],[0.714852,52.978324],[0.714927,52.978693],[0.715859,52.97866]]],[[[0.727628,52.978159],[0.727195,52.978262],[0.727648,52.978267],[0.728197,52.978391],[0.728307,52.978206],[0.727628,52.978159]]],[[[0.719045,52.978554],[0.719679,52.978607],[0.719164,52.978403],[0.719027,52.978174],[0.719045,52.978554]]],[[[0.716537,52.978333],[0.717061,52.978397],[0.717142,52.977781],[0.715987,52.977731],[0.716534,52.978011],[0.71587,52.978306],[0.716143,52.977937],[0.715771,52.97776],[0.716387,52.977665],[0.716338,52.977237],[0.715926,52.977465],[0.715494,52.977133],[0.714786,52.977613],[0.71506,52.977703],[0.715366,52.977924],[0.715575,52.978503],[0.716245,52.978424],[0.716243,52.978698],[0.716535,52.978479],[0.716771,52.978442],[0.716537,52.978333]]],[[[0.721139,52.978461],[0.720319,52.978611],[0.720965,52.978716],[0.721139,52.978461]]],[[[0.716858,52.978428],[0.716395,52.978751],[0.716965,52.97881],[0.717224,52.978504],[0.716858,52.978428]]],[[[0.742695,52.977519],[0.741644,52.977519],[0.740746,52.978041],[0.740266,52.97803],[0.740301,52.978313],[0.742695,52.977519]]],[[[0.719419,52.97872],[0.720133,52.97854],[0.71967,52.978641],[0.719045,52.978554],[0.718747,52.978513],[0.718633,52.978665],[0.719419,52.97872]]],[[[0.714922,52.978923],[0.715195,52.978969],[0.715695,52.978796],[0.716458,52.978825],[0.716089,52.978709],[0.715975,52.978538],[0.715862,52.978738],[0.715718,52.978768],[0.715177,52.978688],[0.715122,52.978902],[0.714562,52.978719],[0.714795,52.978552],[0.714093,52.978668],[0.71196,52.978599],[0.712489,52.979055],[0.713382,52.978873],[0.714922,52.978923]]],[[[0.723254,52.978467],[0.723131,52.977961],[0.722592,52.977936],[0.722712,52.978282],[0.722331,52.978339],[0.722449,52.978504],[0.722001,52.97853],[0.721675,52.978208],[0.722392,52.978446],[0.722293,52.978325],[0.722674,52.97826],[0.722537,52.977912],[0.722616,52.977864],[0.722144,52.977892],[0.722445,52.978181],[0.722383,52.978243],[0.721977,52.978129],[0.722388,52.97821],[0.722091,52.977829],[0.721167,52.977999],[0.721532,52.978067],[0.721197,52.978036],[0.721132,52.97798],[0.721459,52.977805],[0.720957,52.977905],[0.721341,52.978469],[0.721222,52.978799],[0.721695,52.978833],[0.72194,52.979033],[0.723254,52.978467]]],[[[0.723367,52.977935],[0.723371,52.978505],[0.722753,52.978853],[0.724112,52.978954],[0.723367,52.977935]]],[[[0.740673,52.978193],[0.74031,52.978376],[0.739728,52.978387],[0.739717,52.978713],[0.740673,52.978193]]],[[[0.732496,52.978507],[0.733293,52.978766],[0.73625,52.978783],[0.73658,52.978588],[0.736094,52.978583],[0.735594,52.978391],[0.736718,52.978388],[0.735843,52.978072],[0.736774,52.978286],[0.736534,52.97805],[0.736923,52.978114],[0.737431,52.97769],[0.736392,52.977792],[0.736586,52.977617],[0.735346,52.977728],[0.735011,52.977508],[0.734691,52.977693],[0.734798,52.977473],[0.734353,52.977877],[0.732877,52.977975],[0.73404,52.977453],[0.733801,52.977322],[0.736578,52.97755],[0.736904,52.977725],[0.737569,52.977587],[0.736897,52.977537],[0.737175,52.977315],[0.737751,52.977568],[0.738241,52.977121],[0.734465,52.977174],[0.735215,52.977048],[0.734736,52.976926],[0.738348,52.977065],[0.738779,52.976566],[0.739692,52.976382],[0.738297,52.975989],[0.735615,52.976245],[0.732818,52.976967],[0.732469,52.977907],[0.731572,52.978142],[0.731704,52.978494],[0.731073,52.978254],[0.731659,52.978834],[0.731873,52.978685],[0.731541,52.978593],[0.732346,52.978677],[0.732826,52.978886],[0.732496,52.978507]]],[[[0.719553,52.978808],[0.719255,52.978854],[0.719045,52.978811],[0.719484,52.979151],[0.719553,52.978808]]],[[[0.726005,52.97886],[0.725557,52.978647],[0.725109,52.979084],[0.724783,52.979067],[0.725201,52.97889],[0.725024,52.978305],[0.724827,52.978696],[0.724811,52.978404],[0.724452,52.978425],[0.724086,52.97834],[0.724176,52.978035],[0.723642,52.978005],[0.724413,52.97913],[0.723912,52.979075],[0.724655,52.979306],[0.726005,52.97886]]],[[[0.733264,52.979089],[0.732775,52.979188],[0.73332,52.979001],[0.731997,52.979123],[0.731266,52.979133],[0.731839,52.979096],[0.731189,52.978896],[0.732251,52.97906],[0.732472,52.978764],[0.731687,52.978849],[0.730856,52.978742],[0.731271,52.978621],[0.730427,52.978098],[0.731415,52.978257],[0.731527,52.977712],[0.732205,52.977974],[0.732687,52.976993],[0.727532,52.97792],[0.728841,52.978274],[0.730175,52.978216],[0.730175,52.978806],[0.730732,52.978832],[0.731174,52.979491],[0.731659,52.979454],[0.731985,52.979501],[0.732104,52.979279],[0.731382,52.97933],[0.731975,52.979172],[0.733301,52.979473],[0.733264,52.979089]]],[[[0.739114,52.978792],[0.739288,52.978935],[0.73891,52.979646],[0.74006,52.978907],[0.739114,52.978792]]],[[[0.732809,52.979713],[0.733029,52.979472],[0.73231,52.979314],[0.731932,52.979568],[0.731136,52.97952],[0.730293,52.979243],[0.730837,52.979324],[0.730673,52.978857],[0.729914,52.978928],[0.730092,52.978306],[0.72807,52.978554],[0.727421,52.97829],[0.726967,52.978384],[0.726964,52.978773],[0.726794,52.978571],[0.726949,52.978283],[0.726766,52.978111],[0.726809,52.978042],[0.726158,52.978631],[0.726047,52.978248],[0.725425,52.97831],[0.726586,52.978033],[0.724305,52.978042],[0.72422,52.978264],[0.725054,52.978279],[0.725178,52.978762],[0.725545,52.97862],[0.726043,52.978769],[0.726074,52.978839],[0.725873,52.979002],[0.726152,52.979113],[0.728392,52.978985],[0.728253,52.978717],[0.729056,52.979185],[0.73004,52.979262],[0.730337,52.979717],[0.731672,52.979608],[0.732868,52.979865],[0.733461,52.979712],[0.732809,52.979713]]],[[[0.739068,52.978747],[0.739549,52.978741],[0.739663,52.9784],[0.74029,52.977984],[0.741492,52.977522],[0.740614,52.977546],[0.740114,52.978085],[0.740293,52.977648],[0.738902,52.978506],[0.739861,52.977774],[0.738629,52.978202],[0.738168,52.977982],[0.73832,52.978703],[0.738939,52.978825],[0.738582,52.979236],[0.738884,52.978846],[0.738479,52.978815],[0.738489,52.979765],[0.739068,52.978747]]],[[[0.781151,52.972971],[0.781482,52.972041],[0.783323,52.970102],[0.78172,52.968648],[0.781396,52.967627],[0.780198,52.967025],[0.780249,52.965679],[0.781821,52.964085],[0.781047,52.963634],[0.781448,52.959886],[0.781079,52.95751],[0.778443,52.951639],[0.782864,52.935892],[0.784095,52.926082],[0.784973,52.926039],[0.784895,52.924813],[0.787531,52.92425],[0.78726,52.923024],[0.78507,52.92284],[0.787877,52.907885],[0.789872,52.899851],[0.808747,52.9008],[0.811732,52.900304],[0.810811,52.898894],[0.813244,52.898297],[0.814589,52.899838],[0.81699,52.900067],[0.817113,52.898504],[0.815994,52.898583],[0.815233,52.897021],[0.816944,52.896763],[0.81693,52.894983],[0.821213,52.895063],[0.821569,52.892857],[0.818287,52.892118],[0.816497,52.888355],[0.815052,52.888583],[0.813793,52.885418],[0.811058,52.882648],[0.806896,52.879438],[0.805464,52.880804],[0.80191,52.882257],[0.797178,52.885269],[0.794872,52.88351],[0.794166,52.882088],[0.794388,52.880582],[0.797788,52.864453],[0.794735,52.866087],[0.791142,52.865556],[0.791373,52.862136],[0.790196,52.861962],[0.79097,52.859883],[0.780387,52.858812],[0.76528,52.85651],[0.757857,52.855795],[0.750559,52.856037],[0.747505,52.855675],[0.742612,52.855775],[0.736836,52.857129],[0.731522,52.85766],[0.730929,52.854927],[0.727774,52.855339],[0.72705,52.853666],[0.724433,52.850381],[0.724914,52.84763],[0.723526,52.847067],[0.724453,52.84568],[0.725084,52.842873],[0.728127,52.84157],[0.729688,52.839441],[0.736171,52.835207],[0.73639,52.833027],[0.737458,52.831875],[0.739418,52.830569],[0.741078,52.831158],[0.742479,52.829859],[0.742495,52.829101],[0.744773,52.828028],[0.744304,52.827676],[0.744511,52.827024],[0.744064,52.82685],[0.745005,52.825082],[0.749011,52.822619],[0.74666,52.821629],[0.747291,52.820668],[0.7489,52.81972],[0.752318,52.818843],[0.752231,52.817463],[0.753426,52.816814],[0.753945,52.817085],[0.755025,52.816977],[0.756218,52.816727],[0.756337,52.816439],[0.754546,52.816167],[0.754568,52.815631],[0.75337,52.814372],[0.751899,52.814111],[0.751188,52.814931],[0.749423,52.815922],[0.74801,52.814808],[0.746683,52.815255],[0.745298,52.813823],[0.746098,52.813491],[0.742671,52.810684],[0.738967,52.808234],[0.738449,52.808623],[0.73544,52.80696],[0.733786,52.805699],[0.732227,52.803659],[0.730939,52.803658],[0.731083,52.801722],[0.736184,52.799292],[0.725704,52.795209],[0.722562,52.793317],[0.713733,52.789835],[0.699853,52.786192],[0.700387,52.783996],[0.698875,52.783785],[0.698377,52.780964],[0.695913,52.78054],[0.697739,52.778975],[0.699836,52.77619],[0.699508,52.775705],[0.700487,52.773445],[0.696006,52.772938],[0.695166,52.769805],[0.690081,52.770032],[0.689156,52.762092],[0.688407,52.76068],[0.691428,52.759293],[0.687737,52.753692],[0.688725,52.751972],[0.67339,52.745981],[0.668911,52.742091],[0.668133,52.740557],[0.675293,52.739154],[0.680344,52.737703],[0.68853,52.736275],[0.701127,52.736191],[0.700513,52.735678],[0.704533,52.731631],[0.715457,52.724647],[0.716718,52.722952],[0.718227,52.721794],[0.717141,52.721372],[0.717075,52.718642],[0.713281,52.71745],[0.711686,52.716404],[0.710862,52.715559],[0.711407,52.714887],[0.710957,52.714575],[0.711283,52.714006],[0.708251,52.712436],[0.708574,52.712112],[0.708066,52.711296],[0.70952,52.710675],[0.710197,52.710007],[0.710853,52.709967],[0.711047,52.709062],[0.709831,52.708449],[0.708932,52.709064],[0.707106,52.708792],[0.705465,52.710324],[0.699629,52.707784],[0.698995,52.7066],[0.698781,52.703757],[0.700068,52.703818],[0.698976,52.702368],[0.699611,52.701755],[0.696859,52.700911],[0.69296,52.700987],[0.69137,52.700385],[0.690833,52.70067],[0.689725,52.699675],[0.689998,52.699123],[0.689167,52.699033],[0.689023,52.698667],[0.688297,52.698452],[0.68834,52.698028],[0.687754,52.697936],[0.68608,52.698336],[0.6839,52.698222],[0.683579,52.698754],[0.681916,52.69878],[0.681597,52.699178],[0.679929,52.69909],[0.67721,52.699499],[0.676501,52.699461],[0.674675,52.698374],[0.672343,52.700167],[0.673163,52.700444],[0.672703,52.700611],[0.672892,52.701552],[0.672483,52.701512],[0.672773,52.70185],[0.672289,52.701996],[0.671591,52.701812],[0.671497,52.702905],[0.662846,52.70313],[0.662569,52.703989],[0.659948,52.703893],[0.659427,52.704785],[0.653758,52.704064],[0.653986,52.702428],[0.65523,52.701924],[0.654525,52.701584],[0.652533,52.701931],[0.652153,52.701483],[0.649868,52.70141],[0.649362,52.701049],[0.648544,52.695335],[0.649019,52.693397],[0.647968,52.693317],[0.647749,52.690678],[0.643971,52.691665],[0.640584,52.692057],[0.638297,52.691857],[0.636418,52.693859],[0.634629,52.693156],[0.62983,52.697321],[0.630458,52.69768],[0.626019,52.701814],[0.622551,52.701672],[0.617701,52.700249],[0.614375,52.699891],[0.612094,52.699989],[0.610443,52.698811],[0.60773,52.697564],[0.605475,52.697104],[0.604333,52.696304],[0.601856,52.695566],[0.598212,52.694987],[0.59568,52.694041],[0.592244,52.693921],[0.590193,52.693067],[0.588585,52.692877],[0.586111,52.691811],[0.584945,52.692236],[0.584067,52.692118],[0.582094,52.691248],[0.578804,52.690483],[0.577948,52.689611],[0.575175,52.689617],[0.572395,52.68855],[0.571038,52.689102],[0.568697,52.687085],[0.566265,52.686497],[0.562833,52.684163],[0.560176,52.682987],[0.559165,52.682855],[0.557782,52.683189],[0.556079,52.682774],[0.555098,52.681937],[0.550982,52.680521],[0.553201,52.678635],[0.56339,52.673227],[0.564736,52.67159],[0.564964,52.66853],[0.564239,52.666399],[0.564399,52.663066],[0.562177,52.655296],[0.573067,52.653817],[0.578508,52.653515],[0.575471,52.645198],[0.56165,52.613185],[0.567108,52.6141],[0.566106,52.608015],[0.565046,52.605435],[0.565636,52.602026],[0.56486,52.597781],[0.564099,52.596382],[0.5622,52.595165],[0.561585,52.593392],[0.559352,52.591653],[0.559129,52.59082],[0.557995,52.590542],[0.557228,52.590913],[0.556132,52.590321],[0.554824,52.590302],[0.553248,52.589811],[0.552452,52.589169],[0.549084,52.588548],[0.548379,52.587845],[0.547559,52.587898],[0.546516,52.587394],[0.545905,52.586721],[0.544045,52.586558],[0.543965,52.58623],[0.542902,52.585979],[0.541555,52.585932],[0.539864,52.586693],[0.538079,52.586258],[0.535739,52.579804],[0.53289,52.578078],[0.530521,52.576126],[0.53265,52.574579],[0.535072,52.56702],[0.535908,52.566739],[0.536534,52.565822],[0.539045,52.565239],[0.541195,52.56548],[0.543475,52.565047],[0.548979,52.566052],[0.550567,52.565175],[0.553383,52.565158],[0.556306,52.564637],[0.556802,52.565808],[0.557545,52.565671],[0.55839,52.56602],[0.559773,52.565513],[0.561312,52.566611],[0.562238,52.565952],[0.565347,52.564937],[0.567443,52.564932],[0.568998,52.562598],[0.571475,52.562592],[0.572518,52.561929],[0.576864,52.561105],[0.577966,52.559972],[0.579874,52.559548],[0.579481,52.558354],[0.580138,52.557994],[0.581367,52.555995],[0.582922,52.556029],[0.584016,52.555018],[0.586417,52.555299],[0.585749,52.553271],[0.587915,52.552198],[0.590293,52.548138],[0.591554,52.547069],[0.593113,52.546733],[0.592966,52.545718],[0.594313,52.545812],[0.595904,52.543779],[0.596764,52.543847],[0.597684,52.543279],[0.601178,52.543462],[0.602227,52.54378],[0.604751,52.543288],[0.605183,52.542863],[0.604526,52.542123],[0.608705,52.54012],[0.609802,52.538772],[0.61071,52.535678],[0.612126,52.534734],[0.612491,52.532834],[0.613367,52.531634],[0.608457,52.526743],[0.605179,52.520538],[0.602812,52.513215],[0.601995,52.508815],[0.596915,52.495212],[0.590805,52.484325],[0.583674,52.468027],[0.582579,52.463905],[0.582501,52.451861],[0.577951,52.452532],[0.57226,52.451982],[0.567958,52.453467],[0.563152,52.453476],[0.559152,52.45586],[0.554821,52.456028],[0.549519,52.454572],[0.549035,52.453279],[0.547821,52.452038],[0.544533,52.451623],[0.542688,52.450364],[0.540623,52.450351],[0.537662,52.4512],[0.53355,52.451696],[0.531853,52.453427],[0.530441,52.453633],[0.528193,52.452857],[0.526858,52.44982],[0.523765,52.448211],[0.516289,52.450607],[0.515493,52.450481],[0.51363,52.449272],[0.507962,52.450619],[0.503457,52.450062],[0.500977,52.450294],[0.49996,52.449998],[0.498116,52.448199],[0.496095,52.447332],[0.493395,52.447958],[0.48538,52.447737],[0.480932,52.44692],[0.478136,52.445598],[0.475585,52.44672],[0.473346,52.445923],[0.469719,52.446142],[0.46729,52.445274],[0.466827,52.445941],[0.459331,52.447219],[0.458045,52.445598],[0.456994,52.444953],[0.452872,52.446347],[0.451412,52.447781],[0.449891,52.447705],[0.449339,52.445841],[0.445437,52.447375],[0.444372,52.445525],[0.440993,52.444815],[0.439168,52.443543],[0.440025,52.442102],[0.439071,52.440693],[0.436068,52.440278],[0.433606,52.439037],[0.431182,52.438432],[0.430731,52.437439],[0.429298,52.436453],[0.428368,52.436598],[0.427392,52.437718],[0.42609,52.440581],[0.424556,52.442716],[0.425793,52.443813],[0.425237,52.444379],[0.423778,52.444923],[0.423355,52.453705],[0.42838,52.4543],[0.428529,52.454653],[0.426297,52.455078],[0.423931,52.456401],[0.416494,52.459461],[0.405909,52.463402],[0.404126,52.464552],[0.40209,52.465348],[0.400399,52.467291],[0.39797,52.468753],[0.396303,52.470902],[0.394437,52.472238],[0.391916,52.475529],[0.384277,52.477692],[0.380706,52.479539],[0.37916,52.482402],[0.377124,52.484276],[0.37602,52.486049],[0.373089,52.487775],[0.371735,52.491004],[0.367144,52.495943],[0.367062,52.501174],[0.364993,52.50087],[0.363953,52.499403],[0.361893,52.498816],[0.359886,52.500023],[0.359364,52.50082],[0.355221,52.500756],[0.352814,52.501484],[0.349758,52.501088],[0.3478,52.502149],[0.345033,52.501685],[0.341699,52.502908],[0.337935,52.505882],[0.330938,52.509136],[0.328766,52.509083],[0.32333,52.507722],[0.318305,52.507658],[0.317743,52.508739],[0.318394,52.50959],[0.318257,52.511897],[0.317293,52.513008],[0.315561,52.512697],[0.309361,52.513622],[0.289531,52.510721],[0.278692,52.508617],[0.268629,52.509032],[0.257305,52.507083],[0.256396,52.507727],[0.246007,52.499938],[0.245662,52.500381],[0.260602,52.511559],[0.340413,52.582468],[0.341178,52.583501],[0.342278,52.583941],[0.341231,52.587351],[0.341636,52.590503],[0.343307,52.591589],[0.345418,52.593657],[0.349166,52.595757],[0.353867,52.597305],[0.359371,52.602466],[0.360789,52.604187],[0.362296,52.60794],[0.364598,52.609748],[0.365369,52.611114],[0.365427,52.613893],[0.363607,52.616695],[0.3634,52.621647],[0.363663,52.622442],[0.365784,52.624098],[0.36643,52.625065],[0.36561,52.628537],[0.367792,52.632257],[0.368052,52.635071],[0.367667,52.63748],[0.368827,52.640472],[0.36829,52.643305],[0.366232,52.645924],[0.366712,52.654662],[0.364271,52.661083],[0.361361,52.665274],[0.361157,52.666631],[0.364969,52.6745],[0.371526,52.683837],[0.372953,52.6862],[0.373331,52.687652],[0.372333,52.689714],[0.372866,52.691763],[0.37221,52.693029],[0.367931,52.696757],[0.363442,52.698382],[0.362051,52.699187],[0.360737,52.701285],[0.355959,52.706673],[0.354313,52.71056],[0.354544,52.714068],[0.356931,52.718246],[0.358646,52.719978],[0.373792,52.730465],[0.374604,52.730404],[0.375113,52.729694],[0.376745,52.729654],[0.375753,52.731471],[0.376635,52.731576],[0.376256,52.731905],[0.377445,52.732958],[0.390084,52.742036],[0.393094,52.744809],[0.39461,52.747492],[0.395633,52.747538],[0.395115,52.74788],[0.395354,52.749065],[0.395825,52.749034],[0.396232,52.748377],[0.396441,52.748907],[0.395862,52.749385],[0.394943,52.749248],[0.394635,52.747925],[0.394047,52.749797],[0.396672,52.750386],[0.393893,52.750115],[0.391907,52.754391],[0.391512,52.757377],[0.391804,52.757586],[0.390874,52.758294],[0.391614,52.758631],[0.391476,52.758859],[0.39075,52.75866],[0.389518,52.760981],[0.389946,52.761151],[0.393628,52.760431],[0.389456,52.761453],[0.388811,52.762054],[0.374647,52.784329],[0.374579,52.784813],[0.374932,52.784891],[0.376225,52.783835],[0.37721,52.783687],[0.378809,52.78279],[0.377274,52.783719],[0.376186,52.783939],[0.375096,52.785274],[0.376208,52.785842],[0.37814,52.784981],[0.376569,52.785885],[0.379658,52.787248],[0.379895,52.786351],[0.379976,52.787526],[0.381042,52.78691],[0.381031,52.784938],[0.381175,52.786753],[0.380635,52.787507],[0.381459,52.787873],[0.380086,52.787709],[0.381463,52.78876],[0.380487,52.788459],[0.379496,52.787604],[0.378977,52.78792],[0.37922,52.787461],[0.377431,52.786587],[0.377148,52.787135],[0.3767,52.78704],[0.374834,52.786314],[0.374312,52.786591],[0.374738,52.786322],[0.374856,52.78629],[0.375331,52.786306],[0.376774,52.787005],[0.377256,52.786444],[0.375328,52.786079],[0.37409,52.785353],[0.370903,52.79037],[0.371985,52.790724],[0.37076,52.790524],[0.368092,52.794454],[0.368589,52.79522],[0.370052,52.795257],[0.368786,52.795316],[0.368337,52.795126],[0.367935,52.794655],[0.366042,52.797163],[0.366604,52.797817],[0.365949,52.797372],[0.365616,52.79825],[0.366655,52.798085],[0.367089,52.798658],[0.368188,52.798455],[0.369429,52.799081],[0.368169,52.798492],[0.367009,52.798693],[0.366601,52.798149],[0.365571,52.7984],[0.365464,52.797886],[0.364266,52.799344],[0.366094,52.799805],[0.364214,52.799503],[0.363526,52.80057],[0.364842,52.800733],[0.363341,52.800747],[0.364306,52.80125],[0.366747,52.801111],[0.364262,52.801294],[0.363275,52.80094],[0.362774,52.801672],[0.36405,52.802268],[0.364685,52.801934],[0.367757,52.801642],[0.367032,52.801966],[0.364773,52.801944],[0.364373,52.802234],[0.365558,52.802447],[0.370303,52.802364],[0.365626,52.802489],[0.364036,52.802327],[0.362413,52.801947],[0.361855,52.802691],[0.36227,52.803539],[0.36121,52.803756],[0.362201,52.80411],[0.36283,52.803927],[0.362216,52.804204],[0.360918,52.803738],[0.359877,52.80509],[0.362047,52.805789],[0.359608,52.805287],[0.359102,52.806391],[0.360848,52.806888],[0.358965,52.806641],[0.358258,52.807839],[0.359353,52.808564],[0.359349,52.809196],[0.361851,52.80728],[0.363447,52.806741],[0.368765,52.806351],[0.363566,52.806762],[0.361828,52.807465],[0.361576,52.807765],[0.36228,52.807861],[0.361429,52.807859],[0.360806,52.808424],[0.36229,52.808143],[0.360686,52.808462],[0.360712,52.808809],[0.358994,52.809397],[0.359382,52.810297],[0.360287,52.810734],[0.359916,52.809904],[0.36045,52.809617],[0.359971,52.809953],[0.360298,52.810243],[0.362113,52.808533],[0.360319,52.810333],[0.360694,52.810797],[0.361582,52.810518],[0.36152,52.810069],[0.362104,52.809113],[0.362653,52.808873],[0.361646,52.810248],[0.362472,52.809782],[0.362163,52.810251],[0.363081,52.810069],[0.363745,52.810387],[0.364113,52.809809],[0.36381,52.809661],[0.364755,52.80924],[0.364543,52.809083],[0.365005,52.808986],[0.365126,52.808515],[0.365045,52.809015],[0.364592,52.809093],[0.364883,52.809232],[0.363951,52.809669],[0.364222,52.809822],[0.36389,52.810263],[0.364395,52.810716],[0.365476,52.810003],[0.364625,52.81082],[0.366285,52.810889],[0.366791,52.81033],[0.366347,52.81012],[0.367236,52.809447],[0.367298,52.809479],[0.366533,52.810206],[0.367826,52.810158],[0.367906,52.809912],[0.368156,52.810193],[0.371286,52.810031],[0.374187,52.809495],[0.37253,52.809966],[0.367112,52.810324],[0.366707,52.810812],[0.36956,52.811069],[0.370889,52.811492],[0.372175,52.811347],[0.371086,52.811587],[0.37316,52.812562],[0.375689,52.812216],[0.375735,52.811766],[0.376561,52.81084],[0.375838,52.812167],[0.380413,52.813639],[0.38121,52.813361],[0.380451,52.813666],[0.375783,52.81225],[0.372919,52.812642],[0.373281,52.81383],[0.372725,52.812561],[0.370177,52.811365],[0.367679,52.811013],[0.364721,52.811088],[0.362653,52.810461],[0.360574,52.811147],[0.358205,52.810151],[0.357464,52.81081],[0.35784,52.812739],[0.359711,52.813538],[0.361793,52.813893],[0.36223,52.814864],[0.363236,52.814857],[0.365996,52.816249],[0.367205,52.817598],[0.368686,52.818282],[0.370577,52.817887],[0.370878,52.818337],[0.371744,52.818273],[0.373416,52.818902],[0.375029,52.820422],[0.377156,52.82117],[0.379495,52.822913],[0.380527,52.822844],[0.380809,52.822543],[0.380997,52.823263],[0.384473,52.825505],[0.388745,52.827549],[0.389339,52.82845],[0.391441,52.829229],[0.393094,52.831482],[0.393892,52.831648],[0.394471,52.831136],[0.394379,52.831686],[0.398086,52.832781],[0.398296,52.833607],[0.399309,52.83323],[0.398354,52.833738],[0.400152,52.834459],[0.400088,52.835214],[0.402406,52.834057],[0.404016,52.833649],[0.40064,52.83494],[0.400705,52.835408],[0.402614,52.836828],[0.404065,52.836581],[0.404252,52.835067],[0.406714,52.834949],[0.406938,52.834449],[0.406498,52.834296],[0.406932,52.834345],[0.407917,52.833576],[0.407636,52.833237],[0.409029,52.831543],[0.407747,52.83317],[0.408076,52.833485],[0.410053,52.834011],[0.410058,52.833126],[0.410457,52.833337],[0.411648,52.832556],[0.410427,52.833395],[0.40993,52.834219],[0.410207,52.834774],[0.411832,52.834851],[0.41323,52.834164],[0.41199,52.834845],[0.410435,52.834923],[0.410212,52.834825],[0.409951,52.834502],[0.409774,52.833988],[0.408173,52.83358],[0.407342,52.834088],[0.406682,52.83519],[0.404412,52.835191],[0.404392,52.836689],[0.405081,52.837693],[0.406512,52.838658],[0.408943,52.838331],[0.409408,52.838607],[0.41057,52.838471],[0.410633,52.838702],[0.409276,52.838647],[0.409042,52.838396],[0.408272,52.838619],[0.409745,52.839719],[0.414356,52.839558],[0.412386,52.839817],[0.413881,52.840311],[0.415434,52.842777],[0.41895,52.846337],[0.421876,52.848047],[0.427456,52.849823],[0.430052,52.851199],[0.430331,52.849346],[0.430785,52.849038],[0.430007,52.851811],[0.430848,52.851721],[0.433003,52.8531],[0.436801,52.853984],[0.441962,52.854628],[0.44456,52.853438],[0.444817,52.852937],[0.443806,52.851145],[0.443681,52.847504],[0.445378,52.846131],[0.444635,52.84523],[0.444807,52.84484],[0.444482,52.844636],[0.444483,52.844308],[0.444683,52.844054],[0.444577,52.844625],[0.445121,52.844725],[0.446461,52.843347],[0.449254,52.842461],[0.4462,52.843622],[0.4455,52.844644],[0.444768,52.845054],[0.445497,52.846157],[0.443774,52.847727],[0.443951,52.850926],[0.44506,52.852572],[0.444926,52.853651],[0.44616,52.858554],[0.445684,52.859872],[0.445967,52.864431],[0.44421,52.865661],[0.443394,52.867891],[0.444878,52.872859],[0.446306,52.875607],[0.453196,52.884374],[0.46065,52.89228],[0.4716,52.908573],[0.472542,52.913139],[0.474531,52.916557],[0.476394,52.924067],[0.477722,52.926793],[0.479347,52.931318],[0.479039,52.931535],[0.480938,52.933171],[0.485287,52.938591],[0.486617,52.942149],[0.489747,52.947482],[0.497087,52.952984],[0.508359,52.958294],[0.516331,52.963214],[0.517834,52.965175],[0.516112,52.963083],[0.514687,52.962332],[0.515183,52.963737],[0.517188,52.965137],[0.517669,52.96605],[0.517198,52.965251],[0.515794,52.964581],[0.516505,52.966003],[0.513861,52.963658],[0.511394,52.960274],[0.511079,52.960521],[0.513755,52.964307],[0.517516,52.967344],[0.516655,52.967083],[0.516852,52.967284],[0.518714,52.968543],[0.534187,52.974116],[0.538631,52.974843],[0.547265,52.975618],[0.564066,52.976114],[0.569231,52.975336],[0.571564,52.973875],[0.571026,52.973555],[0.569634,52.974047],[0.569984,52.973159],[0.569525,52.972505],[0.566815,52.972849],[0.566752,52.973461],[0.566405,52.972874],[0.566752,52.972784],[0.565752,52.972714],[0.567273,52.972765],[0.569217,52.972309],[0.569323,52.971121],[0.566132,52.971452],[0.566194,52.972196],[0.565936,52.971439],[0.564648,52.970927],[0.563344,52.971821],[0.563797,52.972469],[0.564855,52.972332],[0.563748,52.972507],[0.5635,52.972386],[0.561821,52.973295],[0.563547,52.972261],[0.563187,52.97187],[0.562504,52.972328],[0.561638,52.971907],[0.562574,52.972053],[0.564209,52.971128],[0.564522,52.970652],[0.563249,52.970144],[0.566217,52.971242],[0.56837,52.970961],[0.568133,52.97064],[0.567022,52.970493],[0.566758,52.970852],[0.566485,52.970978],[0.565497,52.970775],[0.566706,52.970839],[0.566515,52.970731],[0.566834,52.970507],[0.566088,52.969604],[0.566337,52.969368],[0.563562,52.96954],[0.569898,52.968698],[0.570099,52.967569],[0.570584,52.967548],[0.570559,52.96865],[0.571184,52.9685],[0.572114,52.966471],[0.573918,52.966153],[0.573025,52.966014],[0.572337,52.96526],[0.572135,52.964023],[0.572396,52.965215],[0.572871,52.965532],[0.573452,52.965232],[0.573105,52.965933],[0.574411,52.965932],[0.574696,52.965474],[0.573887,52.965736],[0.57402,52.964942],[0.574539,52.964908],[0.574262,52.965413],[0.575428,52.965077],[0.57481,52.965389],[0.575348,52.965467],[0.575839,52.96495],[0.574725,52.964669],[0.575363,52.964775],[0.575561,52.964102],[0.575945,52.964385],[0.576264,52.964022],[0.575877,52.96474],[0.576821,52.964746],[0.577156,52.964259],[0.577387,52.964488],[0.576792,52.964873],[0.576141,52.964893],[0.575634,52.965385],[0.575898,52.965851],[0.577107,52.965425],[0.578045,52.966039],[0.582126,52.966572],[0.583425,52.966323],[0.582132,52.966599],[0.577967,52.966079],[0.577173,52.965477],[0.575913,52.965896],[0.574853,52.965659],[0.574488,52.966123],[0.575232,52.966826],[0.574715,52.967347],[0.575238,52.96807],[0.578532,52.967745],[0.576447,52.968002],[0.577433,52.968599],[0.577176,52.969003],[0.578753,52.969012],[0.578517,52.968725],[0.578467,52.968215],[0.578669,52.968777],[0.581097,52.969409],[0.582156,52.970172],[0.582758,52.969869],[0.582701,52.969148],[0.583618,52.968259],[0.584821,52.968001],[0.584968,52.967397],[0.584995,52.967981],[0.583677,52.968266],[0.582741,52.969209],[0.582831,52.969847],[0.582212,52.970251],[0.582252,52.970851],[0.582897,52.971499],[0.584679,52.971877],[0.586381,52.9729],[0.586145,52.972225],[0.585822,52.97228],[0.586048,52.97177],[0.584447,52.97114],[0.583773,52.970431],[0.584531,52.969746],[0.583834,52.970443],[0.584529,52.971134],[0.586157,52.971704],[0.587293,52.971],[0.586489,52.970378],[0.586126,52.969624],[0.586269,52.96919],[0.586902,52.968942],[0.586432,52.968755],[0.586267,52.968552],[0.586331,52.968411],[0.587102,52.968],[0.586627,52.966433],[0.586989,52.96595],[0.588758,52.965983],[0.589192,52.966343],[0.588689,52.966021],[0.586866,52.966122],[0.587196,52.968001],[0.586418,52.96841],[0.586489,52.96869],[0.587669,52.968826],[0.587148,52.968476],[0.588055,52.968618],[0.588372,52.968201],[0.588187,52.968679],[0.587195,52.9685],[0.587758,52.968841],[0.586743,52.969205],[0.589012,52.968881],[0.589158,52.968443],[0.590509,52.968241],[0.590836,52.967904],[0.590523,52.968273],[0.589132,52.968532],[0.589025,52.96893],[0.586445,52.969344],[0.586659,52.970249],[0.588618,52.970938],[0.589441,52.970676],[0.592219,52.970961],[0.593293,52.970162],[0.593426,52.968772],[0.594337,52.968138],[0.591091,52.965661],[0.59008,52.964678],[0.591145,52.965634],[0.594396,52.965635],[0.591426,52.965661],[0.594463,52.968031],[0.59483,52.967816],[0.59442,52.967665],[0.594819,52.967214],[0.594491,52.967657],[0.598,52.967541],[0.59884,52.967008],[0.599494,52.96709],[0.599746,52.966689],[0.599372,52.9665],[0.599795,52.966631],[0.599606,52.967096],[0.599505,52.967143],[0.598938,52.967044],[0.598258,52.967616],[0.599188,52.967861],[0.600915,52.96697],[0.602143,52.966993],[0.600911,52.967032],[0.599164,52.967905],[0.600403,52.967947],[0.601416,52.967439],[0.602008,52.967679],[0.602051,52.968213],[0.602621,52.968331],[0.603304,52.967749],[0.60404,52.967845],[0.60341,52.965737],[0.604185,52.968121],[0.604336,52.970912],[0.604128,52.96829],[0.603437,52.967835],[0.603297,52.96824],[0.602552,52.968418],[0.601904,52.968327],[0.601609,52.967657],[0.600179,52.968163],[0.598425,52.968251],[0.598395,52.968659],[0.600098,52.97009],[0.599414,52.969709],[0.598645,52.97091],[0.598735,52.970417],[0.599307,52.969713],[0.599508,52.969663],[0.598289,52.968626],[0.59839,52.968183],[0.598935,52.968041],[0.597622,52.967744],[0.595084,52.967976],[0.594034,52.969049],[0.593977,52.970208],[0.596311,52.9711],[0.596521,52.971772],[0.597729,52.971532],[0.598268,52.971932],[0.597366,52.972516],[0.597149,52.973333],[0.599351,52.972221],[0.600597,52.972745],[0.601839,52.972419],[0.60141,52.972776],[0.600601,52.972794],[0.599356,52.972297],[0.598485,52.972997],[0.597201,52.973417],[0.596931,52.973176],[0.597215,52.972537],[0.598123,52.97197],[0.597795,52.971646],[0.596502,52.971916],[0.595616,52.970856],[0.593749,52.970532],[0.592494,52.971578],[0.590623,52.971726],[0.590483,52.972508],[0.590967,52.972279],[0.592155,52.973559],[0.593833,52.972706],[0.593457,52.97309],[0.592184,52.973604],[0.591193,52.972946],[0.587387,52.974275],[0.587183,52.975745],[0.587927,52.977071],[0.60253,52.974566],[0.612108,52.97358],[0.613137,52.973355],[0.613427,52.973003],[0.614023,52.973303],[0.617747,52.97273],[0.618379,52.972114],[0.617584,52.972162],[0.61955,52.970464],[0.618727,52.970097],[0.617872,52.970262],[0.618676,52.970043],[0.619038,52.968964],[0.617882,52.969185],[0.616831,52.968955],[0.617021,52.969321],[0.616179,52.968732],[0.615683,52.969013],[0.615744,52.971117],[0.615426,52.969051],[0.612723,52.969283],[0.612716,52.97006],[0.61385,52.970958],[0.612657,52.97011],[0.612124,52.969031],[0.613684,52.968976],[0.613615,52.967355],[0.613222,52.967217],[0.613727,52.96715],[0.613838,52.966429],[0.61337,52.967036],[0.613926,52.966009],[0.61386,52.967216],[0.61518,52.967248],[0.61374,52.967279],[0.613885,52.969019],[0.615465,52.968848],[0.615286,52.967209],[0.615434,52.96722],[0.616111,52.967445],[0.616388,52.967137],[0.616373,52.967484],[0.617895,52.967609],[0.61781,52.967166],[0.617966,52.967614],[0.618404,52.96721],[0.62425,52.967256],[0.62052,52.967247],[0.62056,52.967771],[0.621588,52.967971],[0.625717,52.968132],[0.62601,52.970712],[0.626445,52.970177],[0.626452,52.970269],[0.628232,52.970438],[0.62881,52.971638],[0.628151,52.970443],[0.626434,52.970389],[0.625212,52.972435],[0.623628,52.972738],[0.62509,52.972434],[0.625694,52.971424],[0.623911,52.971403],[0.621868,52.970297],[0.620783,52.970251],[0.619915,52.971169],[0.619895,52.972019],[0.620889,52.972974],[0.622663,52.973764],[0.634325,52.974514],[0.650889,52.976979],[0.654968,52.976992],[0.659039,52.978254],[0.662729,52.978672],[0.66638,52.978493],[0.667245,52.977823],[0.671583,52.977515],[0.674122,52.976165],[0.674687,52.97541],[0.674008,52.975032],[0.67286,52.975594],[0.673159,52.975277],[0.673902,52.974964],[0.674726,52.975217],[0.674981,52.974589],[0.673805,52.974417],[0.673195,52.974779],[0.670753,52.974913],[0.673181,52.974726],[0.673769,52.974358],[0.675138,52.97448],[0.675264,52.973963],[0.674594,52.973034],[0.67334,52.972828],[0.673412,52.972973],[0.672924,52.973228],[0.673311,52.972917],[0.672911,52.972663],[0.671393,52.973101],[0.672719,52.972621],[0.671801,52.972133],[0.670313,52.972629],[0.671706,52.972042],[0.672719,52.972418],[0.670995,52.971339],[0.670014,52.97156],[0.66906,52.972827],[0.669963,52.971507],[0.670926,52.971258],[0.669763,52.97079],[0.668726,52.971399],[0.668696,52.971976],[0.66589,52.973518],[0.667752,52.972248],[0.667116,52.97212],[0.668681,52.971818],[0.668402,52.971476],[0.66807,52.971759],[0.667587,52.971663],[0.667498,52.97199],[0.665933,52.972035],[0.665063,52.972919],[0.665341,52.972277],[0.665958,52.971989],[0.666755,52.971847],[0.665762,52.971546],[0.66751,52.971928],[0.667512,52.97161],[0.668018,52.971703],[0.668765,52.971188],[0.668492,52.970778],[0.669595,52.970691],[0.668977,52.970232],[0.669319,52.97019],[0.667562,52.96997],[0.666315,52.97068],[0.666279,52.970446],[0.663753,52.971018],[0.661526,52.971093],[0.661635,52.971513],[0.661396,52.971126],[0.660454,52.971174],[0.660543,52.971286],[0.660382,52.971902],[0.660467,52.971344],[0.65989,52.971236],[0.656998,52.973311],[0.655635,52.973241],[0.655602,52.972665],[0.65524,52.972593],[0.654505,52.973055],[0.654771,52.972619],[0.655997,52.97248],[0.655274,52.972278],[0.652977,52.972485],[0.65279,52.97313],[0.652252,52.973359],[0.652879,52.972727],[0.652572,52.972194],[0.651986,52.972719],[0.650936,52.972626],[0.649462,52.973005],[0.649221,52.973729],[0.647955,52.973664],[0.649185,52.973702],[0.649479,52.97294],[0.650933,52.972567],[0.651967,52.972652],[0.652644,52.972122],[0.653263,52.972397],[0.65504,52.972155],[0.655937,52.972257],[0.656207,52.972466],[0.655727,52.973109],[0.65702,52.973178],[0.658244,52.972345],[0.657716,52.972183],[0.658543,52.972149],[0.658021,52.971514],[0.656639,52.972115],[0.656813,52.971762],[0.655571,52.971914],[0.657484,52.971635],[0.658091,52.971217],[0.653951,52.970527],[0.653386,52.970712],[0.653707,52.971385],[0.653257,52.970774],[0.653304,52.97054],[0.651936,52.970724],[0.651325,52.97136],[0.651576,52.971601],[0.651149,52.971268],[0.6517,52.970669],[0.650625,52.971016],[0.64996,52.970773],[0.650689,52.970963],[0.651091,52.970626],[0.648813,52.969927],[0.648153,52.970128],[0.648526,52.970533],[0.648084,52.97016],[0.64811,52.970092],[0.648733,52.969859],[0.647448,52.969585],[0.64572,52.969658],[0.644782,52.97022],[0.645514,52.970885],[0.64678,52.971247],[0.647368,52.971819],[0.647828,52.971689],[0.647937,52.971709],[0.648105,52.971918],[0.647315,52.971861],[0.646793,52.971303],[0.645566,52.970955],[0.645249,52.971308],[0.644936,52.971397],[0.644689,52.971262],[0.644306,52.971643],[0.64398,52.97168],[0.644122,52.971871],[0.643997,52.972012],[0.643875,52.972033],[0.643657,52.971801],[0.643271,52.972119],[0.643581,52.971793],[0.643695,52.971777],[0.643788,52.971819],[0.643923,52.97201],[0.643954,52.971642],[0.644631,52.971222],[0.645138,52.971328],[0.645386,52.970908],[0.64465,52.970594],[0.64412,52.970775],[0.644624,52.970556],[0.645007,52.970593],[0.643453,52.970013],[0.64222,52.97044],[0.640254,52.970319],[0.640319,52.971086],[0.640145,52.970545],[0.638619,52.970868],[0.640246,52.970263],[0.642228,52.970306],[0.641972,52.970065],[0.642377,52.969822],[0.641635,52.96972],[0.63847,52.970568],[0.639743,52.97001],[0.638849,52.969688],[0.639415,52.969594],[0.639912,52.969985],[0.641671,52.969646],[0.642423,52.969659],[0.640619,52.968947],[0.640792,52.96934],[0.640713,52.96939],[0.639704,52.969245],[0.640711,52.969362],[0.640561,52.968903],[0.642715,52.96961],[0.644126,52.969581],[0.643577,52.969218],[0.644228,52.969598],[0.647387,52.969223],[0.646688,52.968644],[0.645711,52.968929],[0.645023,52.968412],[0.64397,52.968675],[0.641777,52.967872],[0.643887,52.968611],[0.64495,52.968346],[0.645612,52.968841],[0.646398,52.968535],[0.646959,52.968649],[0.645632,52.967841],[0.642787,52.96743],[0.641272,52.967834],[0.640085,52.967941],[0.638064,52.967915],[0.636113,52.967804],[0.638706,52.96774],[0.638413,52.967496],[0.639913,52.967877],[0.641323,52.967729],[0.642048,52.967421],[0.641901,52.967155],[0.640484,52.966809],[0.641634,52.966755],[0.642198,52.967313],[0.643077,52.967287],[0.643088,52.967009],[0.643675,52.967491],[0.645275,52.967586],[0.643357,52.966225],[0.649386,52.969507],[0.649701,52.969491],[0.649163,52.969028],[0.649396,52.968541],[0.648912,52.968446],[0.649407,52.968373],[0.649247,52.967237],[0.645597,52.966888],[0.649434,52.96724],[0.649929,52.966892],[0.650929,52.967496],[0.652124,52.967358],[0.650996,52.967552],[0.649967,52.966943],[0.649552,52.967164],[0.649758,52.968529],[0.651061,52.968279],[0.652069,52.968731],[0.652362,52.968302],[0.653435,52.968546],[0.653935,52.969377],[0.655342,52.969473],[0.654451,52.96901],[0.654235,52.968617],[0.654793,52.969141],[0.657153,52.969791],[0.656964,52.969339],[0.656024,52.969327],[0.655331,52.968848],[0.655285,52.968991],[0.655082,52.969008],[0.654654,52.968701],[0.655633,52.968909],[0.655466,52.968187],[0.656013,52.969233],[0.656992,52.969102],[0.657481,52.969785],[0.657983,52.969598],[0.657923,52.969957],[0.658418,52.969941],[0.658549,52.969589],[0.65862,52.969848],[0.659533,52.96989],[0.660165,52.969069],[0.659601,52.969918],[0.660229,52.970059],[0.662319,52.969516],[0.662249,52.969232],[0.662665,52.969382],[0.662768,52.969016],[0.662016,52.968696],[0.66214,52.968213],[0.660435,52.967711],[0.660045,52.968249],[0.658222,52.968234],[0.657841,52.969066],[0.657629,52.969097],[0.656951,52.96868],[0.657799,52.969062],[0.657894,52.968412],[0.658232,52.968196],[0.658669,52.968069],[0.659933,52.968162],[0.659708,52.967621],[0.660047,52.967717],[0.660261,52.967426],[0.658842,52.967354],[0.658186,52.966843],[0.656307,52.966644],[0.65493,52.967273],[0.656268,52.966606],[0.658371,52.966806],[0.65893,52.967288],[0.660132,52.96698],[0.660539,52.967396],[0.662131,52.967857],[0.663531,52.96712],[0.66582,52.967486],[0.665566,52.967848],[0.666379,52.96776],[0.666116,52.966682],[0.667083,52.967942],[0.668476,52.968362],[0.668794,52.967586],[0.668142,52.967303],[0.669115,52.967266],[0.669417,52.96822],[0.670557,52.968026],[0.669988,52.968283],[0.670997,52.968986],[0.670318,52.968546],[0.670067,52.968693],[0.671474,52.969631],[0.673942,52.968919],[0.675267,52.968988],[0.673318,52.968439],[0.671258,52.96896],[0.673165,52.968219],[0.67334,52.967821],[0.672487,52.967876],[0.67114,52.96741],[0.670657,52.967907],[0.670771,52.967493],[0.670169,52.967358],[0.671962,52.967254],[0.672511,52.967752],[0.673511,52.96774],[0.673864,52.967441],[0.674278,52.967707],[0.674519,52.967441],[0.674942,52.967242],[0.674548,52.967479],[0.674897,52.967805],[0.674041,52.967727],[0.673583,52.968096],[0.674841,52.96817],[0.674723,52.968419],[0.675791,52.968754],[0.677032,52.968623],[0.677698,52.967882],[0.677652,52.967546],[0.678496,52.967347],[0.678305,52.967737],[0.679178,52.967296],[0.678651,52.967684],[0.679388,52.967352],[0.679292,52.96769],[0.680099,52.967801],[0.68145,52.967324],[0.681023,52.968535],[0.682776,52.968521],[0.682885,52.968106],[0.68366,52.967885],[0.682941,52.968144],[0.683014,52.968502],[0.683672,52.968841],[0.683938,52.968453],[0.684369,52.968527],[0.683885,52.968547],[0.683745,52.968887],[0.682675,52.968652],[0.68248,52.96898],[0.683732,52.970088],[0.684951,52.969748],[0.685087,52.969277],[0.686371,52.969325],[0.685595,52.969083],[0.685686,52.968297],[0.684717,52.967496],[0.689178,52.970209],[0.689392,52.970697],[0.689985,52.970681],[0.695268,52.972806],[0.70007,52.973528],[0.69809,52.973425],[0.698607,52.974052],[0.697971,52.973407],[0.696909,52.973209],[0.696331,52.973901],[0.696719,52.973166],[0.695262,52.972986],[0.689568,52.970878],[0.68865,52.971379],[0.689746,52.972413],[0.690729,52.972383],[0.693256,52.973654],[0.69071,52.97243],[0.689633,52.972428],[0.68844,52.971265],[0.688214,52.971578],[0.6883,52.97134],[0.687061,52.971171],[0.685484,52.970107],[0.684365,52.970646],[0.683184,52.970646],[0.680644,52.96934],[0.680041,52.969479],[0.678494,52.971097],[0.678737,52.970894],[0.678919,52.971369],[0.679951,52.97192],[0.680261,52.971723],[0.680144,52.971897],[0.681101,52.972086],[0.680964,52.971746],[0.681711,52.97194],[0.681523,52.972135],[0.681864,52.971931],[0.681654,52.972186],[0.682099,52.971916],[0.681983,52.972247],[0.682361,52.971952],[0.682315,52.972352],[0.683443,52.97262],[0.682924,52.973],[0.683599,52.972653],[0.683452,52.973022],[0.68424,52.972802],[0.684649,52.973058],[0.684273,52.973249],[0.685002,52.973079],[0.685911,52.973407],[0.68578,52.973621],[0.686582,52.973685],[0.686515,52.97395],[0.6868,52.97373],[0.687427,52.974656],[0.688165,52.97461],[0.687963,52.975072],[0.688303,52.974933],[0.688746,52.975424],[0.689088,52.975107],[0.689569,52.975546],[0.689172,52.97582],[0.690261,52.976637],[0.69017,52.976939],[0.691543,52.976899],[0.691858,52.976217],[0.692518,52.975906],[0.691585,52.976932],[0.690334,52.977049],[0.690843,52.977498],[0.691548,52.977475],[0.691002,52.977574],[0.69124,52.977793],[0.692023,52.977789],[0.691374,52.977893],[0.692239,52.977903],[0.691431,52.978098],[0.693748,52.978145],[0.691438,52.978211],[0.692191,52.978614],[0.694995,52.978407],[0.692473,52.978722],[0.693306,52.978985],[0.700505,52.977559],[0.699331,52.976597],[0.699215,52.975996],[0.697591,52.976313],[0.699095,52.975793],[0.699802,52.976698],[0.700501,52.976089],[0.700215,52.974976],[0.697416,52.975283],[0.700104,52.974867],[0.70054,52.975002],[0.701922,52.974686],[0.702423,52.974734],[0.702626,52.974955],[0.701959,52.974733],[0.701533,52.975048],[0.700447,52.975118],[0.700685,52.97618],[0.700038,52.976807],[0.701008,52.977413],[0.701571,52.977364],[0.703103,52.976814],[0.704184,52.975444],[0.703819,52.97435],[0.70418,52.974512],[0.704302,52.973987],[0.703021,52.973705],[0.703288,52.97363],[0.704466,52.973909],[0.705184,52.973198],[0.704237,52.973177],[0.711416,52.972239],[0.718107,52.971693],[0.723519,52.971742],[0.726246,52.972089],[0.730657,52.972923],[0.730861,52.972988],[0.730505,52.973262],[0.730796,52.973222],[0.730209,52.973619],[0.731885,52.973671],[0.733355,52.974189],[0.733402,52.973826],[0.733679,52.974325],[0.734077,52.97429],[0.73422,52.973851],[0.734466,52.974095],[0.734264,52.974337],[0.735105,52.973813],[0.734566,52.974321],[0.734103,52.974381],[0.734777,52.974634],[0.735647,52.974384],[0.735977,52.97467],[0.735965,52.974177],[0.736224,52.974553],[0.736536,52.974366],[0.736352,52.974632],[0.737575,52.974721],[0.737332,52.974223],[0.737359,52.974474],[0.73693,52.974481],[0.737002,52.974067],[0.73683,52.974093],[0.735728,52.973966],[0.737099,52.973834],[0.738184,52.97469],[0.738533,52.974494],[0.738194,52.974349],[0.738359,52.973877],[0.738514,52.974354],[0.738948,52.974149],[0.739623,52.97418],[0.741121,52.974771],[0.742802,52.974966],[0.74477,52.97465],[0.744375,52.974801],[0.745499,52.974901],[0.746173,52.974062],[0.745662,52.973457],[0.744878,52.974189],[0.744245,52.973963],[0.743688,52.974192],[0.743472,52.974212],[0.743537,52.973931],[0.742665,52.973863],[0.743674,52.97389],[0.743577,52.974178],[0.7443,52.97391],[0.744837,52.974154],[0.745658,52.973431],[0.74694,52.973491],[0.746107,52.973488],[0.746237,52.974096],[0.746049,52.974805],[0.747928,52.97482],[0.749786,52.973503],[0.752227,52.972814],[0.751878,52.971556],[0.75099,52.972111],[0.751215,52.971749],[0.750681,52.97174],[0.7508,52.972377],[0.750098,52.971264],[0.750566,52.971722],[0.750947,52.971577],[0.751285,52.971757],[0.751044,52.971488],[0.751655,52.971424],[0.75115,52.971046],[0.749705,52.970617],[0.749287,52.970956],[0.749305,52.970427],[0.749122,52.970736],[0.748434,52.970728],[0.749033,52.971086],[0.748073,52.971099],[0.747961,52.970142],[0.748768,52.970048],[0.748279,52.969567],[0.747672,52.969937],[0.74702,52.968628],[0.747337,52.968889],[0.747156,52.968569],[0.747496,52.968543],[0.746257,52.96632],[0.747465,52.968086],[0.747017,52.967167],[0.747145,52.967049],[0.746968,52.966735],[0.747029,52.966495],[0.746178,52.966171],[0.74602,52.966383],[0.747152,52.968099],[0.74637,52.968435],[0.746557,52.969196],[0.746971,52.969116],[0.747295,52.96962],[0.746833,52.969357],[0.746668,52.970166],[0.747266,52.969744],[0.747603,52.970165],[0.74725,52.969964],[0.746187,52.970753],[0.747585,52.970509],[0.74762,52.97021],[0.74783,52.970759],[0.747335,52.970754],[0.74758,52.971043],[0.746877,52.97097],[0.746996,52.971401],[0.748177,52.971748],[0.749056,52.971229],[0.749694,52.971091],[0.750321,52.971683],[0.750537,52.97258],[0.748851,52.972991],[0.750464,52.97239],[0.75029,52.971799],[0.749075,52.971741],[0.74926,52.972201],[0.748449,52.972441],[0.747346,52.972065],[0.747243,52.971814],[0.74763,52.971764],[0.747018,52.971524],[0.747165,52.971776],[0.747104,52.971836],[0.74616,52.971995],[0.745851,52.972631],[0.746158,52.971911],[0.747089,52.971746],[0.746808,52.971107],[0.746555,52.971259],[0.747154,52.97059],[0.746371,52.970986],[0.745804,52.970486],[0.745277,52.970647],[0.744976,52.971245],[0.745821,52.97108],[0.745795,52.971805],[0.745224,52.97162],[0.745692,52.971531],[0.745738,52.971104],[0.744484,52.97134],[0.744328,52.971989],[0.744364,52.971341],[0.743025,52.971225],[0.74324,52.971377],[0.743211,52.971829],[0.742538,52.97169],[0.743154,52.971462],[0.74264,52.971082],[0.741962,52.97164],[0.742337,52.971093],[0.742031,52.971251],[0.741919,52.971223],[0.74185,52.97108],[0.741466,52.971411],[0.741667,52.971086],[0.742196,52.97102],[0.741812,52.970802],[0.742502,52.971023],[0.742319,52.970206],[0.742556,52.971022],[0.744838,52.971093],[0.744964,52.970666],[0.744216,52.97072],[0.743438,52.970355],[0.744975,52.970633],[0.744981,52.970202],[0.743831,52.970101],[0.744704,52.970034],[0.745458,52.970447],[0.744406,52.969237],[0.742182,52.9695],[0.741201,52.969183],[0.741282,52.969708],[0.740489,52.969598],[0.740286,52.969948],[0.739504,52.970024],[0.739073,52.970546],[0.739295,52.970594],[0.739766,52.970838],[0.739282,52.970648],[0.738972,52.970956],[0.739244,52.970614],[0.738822,52.970547],[0.738179,52.970781],[0.738536,52.97061],[0.737895,52.970417],[0.737615,52.970583],[0.73706,52.970496],[0.736889,52.970627],[0.736754,52.970587],[0.736879,52.970303],[0.736892,52.970596],[0.737112,52.970429],[0.737916,52.970393],[0.737732,52.969921],[0.737995,52.970397],[0.738478,52.970234],[0.738174,52.970443],[0.73901,52.970505],[0.739134,52.970144],[0.739594,52.969929],[0.740277,52.969878],[0.73997,52.969424],[0.741082,52.969282],[0.740255,52.968897],[0.740203,52.968627],[0.737682,52.968389],[0.737424,52.968672],[0.737886,52.968817],[0.737496,52.968758],[0.737348,52.968684],[0.737348,52.968553],[0.737147,52.968775],[0.738326,52.969371],[0.737454,52.969101],[0.736446,52.969556],[0.736765,52.969785],[0.73567,52.969227],[0.734972,52.96971],[0.735708,52.970041],[0.735386,52.97011],[0.735574,52.970307],[0.735563,52.970564],[0.735528,52.970339],[0.734818,52.970591],[0.735011,52.970943],[0.735322,52.97086],[0.735078,52.971284],[0.735523,52.971278],[0.734961,52.97137],[0.735378,52.971663],[0.735328,52.971872],[0.734865,52.972379],[0.735332,52.972359],[0.73488,52.972581],[0.73757,52.973236],[0.737459,52.972801],[0.736708,52.972775],[0.73652,52.9727],[0.736659,52.97226],[0.736918,52.972521],[0.736695,52.972758],[0.737553,52.972101],[0.73625,52.971935],[0.735953,52.971635],[0.737257,52.971997],[0.737108,52.971872],[0.737396,52.971696],[0.737188,52.971343],[0.737967,52.971301],[0.737625,52.971142],[0.738037,52.971245],[0.73795,52.97138],[0.737464,52.971642],[0.737813,52.971712],[0.737242,52.971852],[0.737608,52.972125],[0.73714,52.97269],[0.738338,52.972529],[0.738224,52.972162],[0.73845,52.972485],[0.738365,52.972547],[0.737511,52.972751],[0.737677,52.973254],[0.738974,52.972244],[0.73962,52.972417],[0.739261,52.971968],[0.739419,52.971856],[0.739762,52.971794],[0.739639,52.971615],[0.739732,52.971238],[0.739945,52.971762],[0.739426,52.971879],[0.739748,52.97235],[0.739499,52.9725],[0.739019,52.972449],[0.739131,52.972834],[0.738794,52.972464],[0.737896,52.973244],[0.73668,52.973518],[0.737289,52.97329],[0.735123,52.972949],[0.735122,52.973234],[0.734897,52.972765],[0.734117,52.972677],[0.734817,52.97269],[0.733826,52.972306],[0.734695,52.972425],[0.734505,52.97188],[0.733423,52.972134],[0.732812,52.971805],[0.731746,52.97271],[0.735497,52.968344],[0.734987,52.967245],[0.730839,52.964626],[0.729957,52.963128],[0.729704,52.962055],[0.731122,52.96451],[0.731993,52.963542],[0.732384,52.963391],[0.732198,52.963014],[0.731302,52.963169],[0.730837,52.962811],[0.731044,52.962477],[0.731896,52.962556],[0.731722,52.961302],[0.730805,52.961514],[0.730219,52.961163],[0.730782,52.961405],[0.73173,52.961142],[0.732033,52.962508],[0.73178,52.962678],[0.731122,52.962552],[0.730967,52.962791],[0.731294,52.963069],[0.732302,52.962914],[0.733015,52.963362],[0.732612,52.963858],[0.732068,52.96365],[0.731736,52.964255],[0.732541,52.964675],[0.733261,52.964446],[0.733572,52.963393],[0.734854,52.962998],[0.733967,52.96257],[0.733136,52.963086],[0.733651,52.962557],[0.73432,52.962477],[0.735056,52.962967],[0.735411,52.962716],[0.735159,52.963008],[0.736301,52.963685],[0.736549,52.96336],[0.736505,52.963886],[0.737588,52.96451],[0.737803,52.964292],[0.737805,52.964634],[0.738649,52.965189],[0.739125,52.965223],[0.739247,52.964948],[0.737932,52.964478],[0.738809,52.964639],[0.739543,52.964013],[0.739114,52.964527],[0.739356,52.96466],[0.739464,52.964434],[0.740593,52.964256],[0.740421,52.963969],[0.740631,52.964267],[0.739469,52.964562],[0.74045,52.964663],[0.740843,52.964167],[0.740455,52.964835],[0.741756,52.9643],[0.745159,52.964962],[0.746622,52.965545],[0.746704,52.964998],[0.750247,52.968292],[0.753242,52.969485],[0.757834,52.969381],[0.757278,52.96964],[0.758231,52.969724],[0.758436,52.970303],[0.757127,52.970091],[0.758067,52.970697],[0.758836,52.970641],[0.759785,52.972412],[0.758721,52.971414],[0.758357,52.971711],[0.758582,52.97219],[0.758304,52.971726],[0.757859,52.971605],[0.758005,52.971943],[0.757681,52.971732],[0.75773,52.971279],[0.757073,52.971461],[0.75713,52.971705],[0.756952,52.971539],[0.757046,52.971346],[0.756205,52.971418],[0.755708,52.971233],[0.755773,52.971009],[0.75462,52.971066],[0.755531,52.972518],[0.755766,52.97218],[0.755714,52.972492],[0.756034,52.972553],[0.756168,52.972076],[0.756036,52.972748],[0.757106,52.972335],[0.75645,52.972656],[0.75668,52.972949],[0.757582,52.972942],[0.757728,52.972679],[0.757905,52.972948],[0.757126,52.97311],[0.75635,52.972891],[0.75657,52.97283],[0.755321,52.972765],[0.754,52.974659],[0.754222,52.974974],[0.753635,52.975088],[0.754069,52.975227],[0.75486,52.974601],[0.755506,52.974666],[0.755679,52.97426],[0.755598,52.974689],[0.756188,52.974257],[0.75576,52.974732],[0.756122,52.974826],[0.756482,52.974364],[0.756267,52.97505],[0.756797,52.974379],[0.756325,52.97512],[0.756941,52.975064],[0.757118,52.974038],[0.756392,52.973733],[0.757558,52.973916],[0.757385,52.973814],[0.757693,52.973245],[0.75791,52.973284],[0.757914,52.973043],[0.758365,52.973395],[0.759353,52.973312],[0.763087,52.974193],[0.757735,52.97329],[0.757434,52.973771],[0.757649,52.973835],[0.757722,52.973631],[0.758885,52.97351],[0.758015,52.973621],[0.758318,52.97381],[0.757773,52.973664],[0.757849,52.973792],[0.757298,52.974071],[0.757257,52.974534],[0.757648,52.974168],[0.757144,52.97514],[0.757674,52.975067],[0.758035,52.974407],[0.757796,52.974977],[0.75822,52.974867],[0.757227,52.975305],[0.756596,52.975152],[0.756745,52.975651],[0.758019,52.975458],[0.75877,52.974617],[0.758165,52.975373],[0.759227,52.974866],[0.758354,52.975379],[0.759333,52.97514],[0.759026,52.975332],[0.759781,52.975526],[0.759546,52.975831],[0.760185,52.975744],[0.760214,52.9752],[0.759919,52.975103],[0.760019,52.97468],[0.759591,52.974361],[0.760093,52.974573],[0.760538,52.974231],[0.759969,52.974917],[0.760271,52.975173],[0.760278,52.975744],[0.759807,52.975891],[0.760709,52.975633],[0.760559,52.975057],[0.761028,52.975708],[0.760994,52.975489],[0.761073,52.97528],[0.761655,52.975086],[0.761404,52.974938],[0.76205,52.974806],[0.761754,52.97509],[0.761157,52.975276],[0.761032,52.975465],[0.761405,52.975636],[0.760986,52.975734],[0.761783,52.975681],[0.762453,52.974864],[0.761904,52.975696],[0.762708,52.97524],[0.762109,52.975662],[0.763497,52.975597],[0.763175,52.975819],[0.7639,52.975889],[0.764477,52.976594],[0.763681,52.976271],[0.763817,52.975959],[0.763071,52.975868],[0.762984,52.975719],[0.762661,52.976018],[0.762654,52.975658],[0.762424,52.975997],[0.76223,52.975746],[0.761382,52.975758],[0.761049,52.976114],[0.760505,52.97575],[0.759542,52.976233],[0.758804,52.97601],[0.759392,52.97575],[0.759004,52.975435],[0.757859,52.975611],[0.758318,52.975555],[0.758544,52.975764],[0.756867,52.97582],[0.75518,52.974878],[0.75446,52.975354],[0.753627,52.975439],[0.755663,52.975593],[0.752568,52.975837],[0.752292,52.976491],[0.750744,52.976281],[0.750587,52.976744],[0.755408,52.978099],[0.759803,52.978734],[0.767344,52.978686],[0.774404,52.979444],[0.781596,52.978388],[0.781151,52.972971]],[[0.363431,52.803753],[0.363317,52.804088],[0.367359,52.804966],[0.363371,52.804209],[0.36283,52.803927],[0.363431,52.803753]],[[0.36676,52.809342],[0.366674,52.8092],[0.367142,52.809169],[0.366894,52.808779],[0.367534,52.808307],[0.366974,52.808767],[0.367549,52.809],[0.367122,52.809217],[0.366756,52.809199],[0.367236,52.809447],[0.36676,52.809342]],[[0.702442,52.974124],[0.702513,52.973848],[0.703021,52.973705],[0.702442,52.974124]],[[0.741367,52.97025],[0.741679,52.969911],[0.741738,52.97022],[0.741405,52.970454],[0.740963,52.970492],[0.741208,52.970106],[0.740833,52.970158],[0.74115,52.969987],[0.741394,52.970352],[0.741307,52.970217],[0.741291,52.969788],[0.74058,52.969703],[0.741282,52.969708],[0.741367,52.97025]],[[0.75644,52.973251],[0.755603,52.973475],[0.755623,52.97302],[0.755733,52.97327],[0.755791,52.973047],[0.75635,52.972891],[0.75644,52.973251]]],[[[0.718155,52.984065],[0.736604,52.982167],[0.746149,52.980635],[0.75014,52.979664],[0.750998,52.979102],[0.751004,52.978173],[0.749317,52.977097],[0.747696,52.97702],[0.746474,52.977761],[0.745012,52.97806],[0.743657,52.977946],[0.744109,52.978552],[0.744191,52.979359],[0.743246,52.979446],[0.744154,52.979328],[0.743167,52.977858],[0.742252,52.978244],[0.742307,52.978418],[0.741604,52.979457],[0.742231,52.978367],[0.741508,52.978671],[0.742482,52.978006],[0.741337,52.978503],[0.740644,52.979351],[0.741282,52.979792],[0.740581,52.979484],[0.740899,52.980113],[0.740537,52.9795],[0.741403,52.978185],[0.740273,52.97874],[0.740334,52.97952],[0.739946,52.979466],[0.740029,52.979557],[0.739989,52.979785],[0.739567,52.979594],[0.739733,52.979327],[0.739213,52.979672],[0.739565,52.979959],[0.739157,52.979725],[0.739002,52.980006],[0.739081,52.979657],[0.738859,52.980179],[0.738677,52.979701],[0.737947,52.980137],[0.738001,52.979876],[0.73755,52.980069],[0.737771,52.979884],[0.738412,52.979746],[0.738392,52.978848],[0.737947,52.979507],[0.738359,52.978796],[0.738027,52.979134],[0.737952,52.977974],[0.737359,52.978508],[0.737472,52.978487],[0.737655,52.978763],[0.737746,52.979321],[0.737469,52.978532],[0.737245,52.978737],[0.737678,52.979554],[0.737584,52.979856],[0.737345,52.979421],[0.737148,52.9804],[0.737316,52.978905],[0.737026,52.978901],[0.737264,52.978617],[0.736675,52.979034],[0.736831,52.980414],[0.736589,52.979072],[0.736152,52.9795],[0.736368,52.979684],[0.736451,52.980571],[0.736248,52.979662],[0.735887,52.980014],[0.736256,52.979223],[0.735736,52.97999],[0.735966,52.979361],[0.735438,52.979464],[0.73563,52.979674],[0.735242,52.979549],[0.735655,52.980307],[0.735337,52.980582],[0.735382,52.980235],[0.735008,52.980483],[0.735307,52.979799],[0.734781,52.980391],[0.734769,52.980908],[0.73437,52.98081],[0.734803,52.980068],[0.73367,52.980885],[0.735175,52.97976],[0.734175,52.980103],[0.734445,52.979782],[0.73617,52.979132],[0.735318,52.979146],[0.7348,52.979501],[0.734986,52.979199],[0.73468,52.979167],[0.73383,52.980078],[0.734578,52.979134],[0.735504,52.979141],[0.734691,52.978963],[0.733941,52.979281],[0.734551,52.978986],[0.734205,52.978918],[0.733333,52.980052],[0.733433,52.980748],[0.733229,52.980039],[0.732376,52.980924],[0.731941,52.980726],[0.732434,52.980661],[0.732598,52.980096],[0.731606,52.98066],[0.732239,52.980218],[0.731913,52.97996],[0.730282,52.980986],[0.73083,52.980568],[0.730058,52.980779],[0.731741,52.980067],[0.731493,52.979884],[0.732624,52.980038],[0.731494,52.979771],[0.730059,52.979965],[0.729381,52.980211],[0.730394,52.980323],[0.730099,52.980698],[0.729419,52.980954],[0.730334,52.980364],[0.729562,52.980532],[0.729798,52.980373],[0.729189,52.980252],[0.728826,52.981211],[0.728603,52.980961],[0.728239,52.98129],[0.728768,52.98072],[0.728083,52.981009],[0.729103,52.980216],[0.728171,52.980322],[0.728234,52.980833],[0.72587,52.981934],[0.725445,52.981813],[0.725651,52.981397],[0.725912,52.981884],[0.726852,52.981146],[0.726799,52.980801],[0.726901,52.981155],[0.72782,52.980807],[0.726419,52.980565],[0.726271,52.980271],[0.725579,52.980374],[0.726276,52.98014],[0.724955,52.979957],[0.725606,52.979906],[0.726304,52.980123],[0.726458,52.980532],[0.727689,52.980756],[0.728205,52.980059],[0.726918,52.980361],[0.728095,52.980012],[0.727529,52.979877],[0.727652,52.97968],[0.728522,52.98015],[0.730498,52.979787],[0.730263,52.979738],[0.729825,52.979824],[0.729033,52.979773],[0.730034,52.979697],[0.729896,52.979278],[0.729041,52.979232],[0.728726,52.979098],[0.728252,52.979344],[0.728503,52.979016],[0.727122,52.979253],[0.726092,52.979155],[0.725781,52.979056],[0.726128,52.979245],[0.724189,52.979329],[0.724006,52.979924],[0.724131,52.979292],[0.723715,52.979403],[0.723757,52.979812],[0.723585,52.979387],[0.72399,52.97915],[0.722485,52.978821],[0.722105,52.978996],[0.722582,52.979154],[0.722853,52.979721],[0.722178,52.979484],[0.722534,52.979172],[0.72182,52.97906],[0.72233,52.97981],[0.721518,52.979222],[0.721724,52.978908],[0.721051,52.978777],[0.72126,52.978979],[0.72069,52.979177],[0.721198,52.978942],[0.720355,52.979105],[0.720319,52.978841],[0.720816,52.97878],[0.720122,52.978606],[0.719608,52.978962],[0.720151,52.979162],[0.720187,52.979818],[0.720532,52.979813],[0.719785,52.980133],[0.720179,52.98026],[0.719818,52.980237],[0.720118,52.980649],[0.720003,52.980883],[0.720813,52.981015],[0.721433,52.981563],[0.721184,52.981911],[0.721801,52.981959],[0.721976,52.982163],[0.721865,52.982436],[0.722382,52.982393],[0.721725,52.982491],[0.721926,52.982171],[0.721076,52.981908],[0.721363,52.981563],[0.72075,52.981047],[0.719913,52.981068],[0.719753,52.981643],[0.719971,52.980604],[0.719141,52.980656],[0.718792,52.980288],[0.718624,52.980562],[0.718984,52.980922],[0.718621,52.980658],[0.718583,52.980504],[0.718648,52.980377],[0.718859,52.980223],[0.719107,52.980608],[0.719951,52.980534],[0.719194,52.979644],[0.718503,52.979853],[0.718631,52.979688],[0.719174,52.979616],[0.719684,52.980118],[0.72009,52.979249],[0.719508,52.979305],[0.719015,52.979075],[0.719032,52.979289],[0.718779,52.978998],[0.717892,52.97974],[0.717868,52.97938],[0.718917,52.978763],[0.718603,52.978676],[0.718633,52.978484],[0.718121,52.97847],[0.717833,52.978217],[0.718293,52.978323],[0.718053,52.977863],[0.717151,52.977312],[0.716592,52.977357],[0.717366,52.97784],[0.717221,52.978316],[0.718094,52.978513],[0.717456,52.978633],[0.717731,52.978621],[0.718156,52.978792],[0.718256,52.979031],[0.717794,52.97866],[0.717377,52.978699],[0.718013,52.979039],[0.717092,52.978748],[0.717569,52.979004],[0.717631,52.979241],[0.716657,52.980474],[0.717163,52.981202],[0.716672,52.981472],[0.717282,52.981445],[0.717397,52.981638],[0.717081,52.981841],[0.717704,52.981846],[0.717015,52.981895],[0.717314,52.981526],[0.716604,52.981511],[0.717033,52.981137],[0.71644,52.9804],[0.716187,52.980963],[0.715892,52.980849],[0.716705,52.980171],[0.716095,52.980023],[0.716837,52.980112],[0.71698,52.97985],[0.716567,52.979734],[0.717249,52.979605],[0.717339,52.978958],[0.717087,52.979243],[0.716766,52.97916],[0.717076,52.9789],[0.716604,52.978886],[0.716188,52.979076],[0.716457,52.97928],[0.716024,52.979514],[0.715239,52.979514],[0.714633,52.980128],[0.71466,52.980727],[0.713967,52.98076],[0.715996,52.981775],[0.715925,52.982259],[0.716631,52.982343],[0.715438,52.982383],[0.715957,52.981791],[0.713876,52.980772],[0.714593,52.980667],[0.714527,52.980042],[0.715162,52.979471],[0.716338,52.97931],[0.715699,52.97884],[0.71606,52.979279],[0.714957,52.978974],[0.713989,52.97929],[0.713406,52.978951],[0.712639,52.979129],[0.713525,52.979402],[0.713275,52.979463],[0.712356,52.979119],[0.712963,52.979843],[0.713812,52.979635],[0.712957,52.9799],[0.712945,52.98058],[0.712622,52.980371],[0.712019,52.980781],[0.712355,52.980802],[0.711348,52.980951],[0.711831,52.98135],[0.711509,52.981476],[0.712257,52.981617],[0.712568,52.982099],[0.712192,52.981616],[0.711507,52.98153],[0.710661,52.982086],[0.713288,52.982582],[0.71329,52.98328],[0.714197,52.983451],[0.714077,52.983099],[0.714359,52.983417],[0.714274,52.983465],[0.713731,52.98348],[0.713236,52.983307],[0.713033,52.983132],[0.712711,52.983409],[0.713144,52.982597],[0.712279,52.982533],[0.712042,52.983033],[0.711546,52.983012],[0.712048,52.983],[0.712155,52.982525],[0.710891,52.982482],[0.71053,52.982112],[0.71133,52.981508],[0.711196,52.981128],[0.710455,52.981053],[0.710255,52.980875],[0.709937,52.981159],[0.70939,52.981081],[0.709882,52.981137],[0.710329,52.980703],[0.710359,52.980966],[0.711137,52.981029],[0.71273,52.980061],[0.712757,52.979625],[0.712252,52.980174],[0.712628,52.97976],[0.711926,52.97935],[0.712004,52.978926],[0.711327,52.978697],[0.711801,52.979011],[0.711083,52.979927],[0.711076,52.979508],[0.711754,52.979014],[0.710824,52.979235],[0.709699,52.980405],[0.709046,52.980393],[0.711383,52.978854],[0.711043,52.978697],[0.70938,52.979399],[0.708086,52.980474],[0.708776,52.979789],[0.709374,52.979373],[0.710199,52.978926],[0.706603,52.979424],[0.706476,52.980191],[0.704837,52.98051],[0.704191,52.982358],[0.704599,52.982501],[0.704177,52.982854],[0.704974,52.98323],[0.70417,52.98293],[0.704164,52.982789],[0.70433,52.982671],[0.704026,52.982412],[0.704356,52.981348],[0.704031,52.981274],[0.703076,52.981967],[0.702535,52.982961],[0.703496,52.983765],[0.702807,52.983535],[0.702463,52.982954],[0.702959,52.982003],[0.704999,52.980281],[0.706303,52.980164],[0.706162,52.979514],[0.704563,52.979292],[0.704792,52.979549],[0.704771,52.97977],[0.705123,52.979748],[0.704046,52.980205],[0.704728,52.979625],[0.704382,52.979132],[0.70249,52.979213],[0.702745,52.980021],[0.702368,52.979242],[0.701324,52.979431],[0.701594,52.980087],[0.703041,52.980113],[0.702411,52.980119],[0.702334,52.980392],[0.703319,52.98051],[0.702586,52.980662],[0.702243,52.980311],[0.702258,52.980101],[0.701701,52.980202],[0.702929,52.980987],[0.702669,52.981127],[0.702293,52.980707],[0.702449,52.980936],[0.702473,52.981489],[0.701974,52.982038],[0.702241,52.980993],[0.701537,52.981917],[0.701833,52.981194],[0.702163,52.980974],[0.702381,52.980933],[0.701486,52.98009],[0.701239,52.979503],[0.700605,52.979736],[0.700925,52.979171],[0.700238,52.979415],[0.700334,52.979779],[0.700068,52.979498],[0.699663,52.979845],[0.700083,52.980123],[0.699614,52.980108],[0.701785,52.98045],[0.701054,52.980463],[0.701448,52.98121],[0.701007,52.980464],[0.700468,52.980358],[0.700807,52.980599],[0.70105,52.981618],[0.700771,52.980822],[0.699748,52.981153],[0.700761,52.98061],[0.699605,52.980244],[0.698874,52.980386],[0.699292,52.981321],[0.698877,52.980503],[0.698475,52.980669],[0.698812,52.98145],[0.697928,52.982175],[0.699693,52.981686],[0.700344,52.981847],[0.700384,52.98161],[0.701099,52.981964],[0.698551,52.982047],[0.699434,52.982438],[0.698051,52.982357],[0.699402,52.982858],[0.697963,52.982455],[0.698957,52.983203],[0.699429,52.983123],[0.699742,52.983198],[0.700558,52.982756],[0.700243,52.983051],[0.700783,52.982962],[0.700839,52.982527],[0.700987,52.982847],[0.701571,52.982743],[0.699606,52.983328],[0.699373,52.983185],[0.699036,52.983269],[0.698678,52.983124],[0.698633,52.983317],[0.70016,52.98338],[0.699556,52.983457],[0.700375,52.983604],[0.699944,52.983663],[0.700502,52.983911],[0.699975,52.983845],[0.700176,52.984152],[0.699377,52.983404],[0.698581,52.983487],[0.699554,52.983711],[0.698868,52.98361],[0.698776,52.983853],[0.698552,52.983537],[0.698278,52.983873],[0.699745,52.984029],[0.699297,52.984045],[0.699294,52.984328],[0.699968,52.984615],[0.699657,52.984847],[0.700504,52.985381],[0.702568,52.984932],[0.700526,52.985441],[0.699338,52.984891],[0.699061,52.985249],[0.699278,52.984875],[0.699735,52.984596],[0.699193,52.984456],[0.699215,52.984108],[0.698416,52.984078],[0.698931,52.98431],[0.699062,52.984719],[0.698609,52.985272],[0.699023,52.984708],[0.698884,52.984318],[0.698582,52.984424],[0.698517,52.984983],[0.698363,52.984504],[0.698099,52.985387],[0.69824,52.984535],[0.6977,52.984669],[0.698635,52.984297],[0.6982,52.984014],[0.69707,52.984531],[0.697464,52.984948],[0.697297,52.985463],[0.697337,52.984852],[0.696547,52.985588],[0.697197,52.984833],[0.696893,52.984708],[0.696451,52.985227],[0.696325,52.984819],[0.696617,52.985001],[0.696555,52.984547],[0.698033,52.983996],[0.6981,52.983626],[0.697645,52.983627],[0.698405,52.983348],[0.697718,52.982585],[0.697856,52.983075],[0.696708,52.982588],[0.697588,52.98258],[0.6975,52.981986],[0.698099,52.981209],[0.697612,52.980671],[0.696588,52.981373],[0.697075,52.981341],[0.69732,52.981681],[0.696797,52.982279],[0.697274,52.981706],[0.696905,52.981374],[0.696116,52.98155],[0.695627,52.982377],[0.697402,52.983712],[0.695839,52.984763],[0.69733,52.983679],[0.69623,52.98311],[0.696429,52.983644],[0.696377,52.98393],[0.695513,52.984633],[0.696121,52.984079],[0.695315,52.984415],[0.696284,52.983947],[0.696383,52.983676],[0.696122,52.983091],[0.695202,52.982167],[0.694919,52.982533],[0.696088,52.98318],[0.696135,52.983908],[0.695744,52.984035],[0.696109,52.983846],[0.695978,52.983564],[0.69518,52.983781],[0.695278,52.984042],[0.695125,52.98376],[0.694635,52.983811],[0.695054,52.984177],[0.694541,52.984447],[0.694863,52.984602],[0.694988,52.984878],[0.694687,52.98501],[0.694818,52.984712],[0.694462,52.984708],[0.693951,52.985053],[0.694421,52.984691],[0.694789,52.984686],[0.694406,52.984433],[0.694253,52.984615],[0.69437,52.984292],[0.69326,52.985175],[0.694042,52.984469],[0.693757,52.984401],[0.694934,52.984164],[0.694158,52.984205],[0.694428,52.983947],[0.693805,52.984151],[0.694522,52.983796],[0.693696,52.983966],[0.694258,52.983657],[0.693863,52.983546],[0.693804,52.983712],[0.693197,52.983744],[0.693266,52.983911],[0.69277,52.983941],[0.693033,52.984168],[0.692037,52.985144],[0.692569,52.984475],[0.691561,52.984794],[0.692921,52.984147],[0.692672,52.983945],[0.69318,52.983881],[0.693056,52.98369],[0.693724,52.983662],[0.693553,52.983459],[0.692652,52.983689],[0.692922,52.983453],[0.692365,52.983351],[0.692055,52.983689],[0.691372,52.983893],[0.691465,52.984377],[0.690519,52.984654],[0.690804,52.984851],[0.69065,52.985059],[0.689067,52.985449],[0.689572,52.985783],[0.689488,52.986612],[0.690356,52.986994],[0.689416,52.986659],[0.689526,52.985906],[0.689009,52.98541],[0.690718,52.984859],[0.689251,52.984415],[0.690102,52.984661],[0.691406,52.984341],[0.69104,52.983975],[0.691978,52.983632],[0.691824,52.98345],[0.690313,52.983858],[0.691788,52.983374],[0.692029,52.983587],[0.692277,52.983264],[0.693471,52.983359],[0.694713,52.983674],[0.695869,52.983434],[0.695381,52.982979],[0.694714,52.983309],[0.695292,52.982997],[0.694634,52.982628],[0.695123,52.981993],[0.694149,52.982107],[0.694077,52.982599],[0.693903,52.982359],[0.69407,52.982105],[0.695671,52.981824],[0.696191,52.981176],[0.695617,52.981192],[0.695287,52.981111],[0.694406,52.981619],[0.694915,52.981257],[0.695328,52.981074],[0.695946,52.981126],[0.696513,52.980883],[0.694671,52.980759],[0.691979,52.98114],[0.691905,52.981353],[0.692897,52.981622],[0.693655,52.981364],[0.692679,52.981759],[0.691734,52.98148],[0.692052,52.981966],[0.691569,52.981585],[0.691838,52.98112],[0.690482,52.981111],[0.690006,52.981414],[0.690989,52.982016],[0.690553,52.98183],[0.69017,52.982311],[0.690442,52.981849],[0.690071,52.981503],[0.689908,52.981892],[0.689453,52.982189],[0.689311,52.982006],[0.690103,52.981208],[0.689205,52.981812],[0.690452,52.980924],[0.688043,52.980215],[0.687872,52.980545],[0.688833,52.981319],[0.688387,52.981534],[0.688495,52.982051],[0.688178,52.98186],[0.688443,52.982487],[0.687886,52.982243],[0.688033,52.982637],[0.687806,52.982258],[0.688343,52.98145],[0.688719,52.981273],[0.688042,52.981178],[0.688091,52.981501],[0.687404,52.982565],[0.687445,52.981857],[0.688022,52.981471],[0.688039,52.981133],[0.688372,52.981104],[0.687753,52.980648],[0.687128,52.981319],[0.687999,52.979917],[0.686808,52.979415],[0.685726,52.980248],[0.686937,52.981862],[0.6865,52.981655],[0.686678,52.982197],[0.686306,52.982902],[0.685418,52.983228],[0.686279,52.982881],[0.68661,52.982178],[0.686392,52.981536],[0.686417,52.981999],[0.686122,52.982673],[0.685319,52.982883],[0.686123,52.9826],[0.686279,52.982011],[0.685387,52.982534],[0.686207,52.981591],[0.685865,52.981796],[0.685953,52.981213],[0.685098,52.9817],[0.685923,52.981124],[0.685676,52.980868],[0.685138,52.981166],[0.684734,52.982361],[0.684251,52.982521],[0.684617,52.981895],[0.684069,52.982393],[0.685624,52.980556],[0.685294,52.980438],[0.684246,52.981073],[0.684223,52.981664],[0.684127,52.981174],[0.683601,52.98167],[0.684212,52.980841],[0.683843,52.980769],[0.684649,52.980423],[0.683679,52.980567],[0.685444,52.980235],[0.685938,52.979492],[0.684499,52.979972],[0.684054,52.980008],[0.684736,52.979823],[0.684298,52.979621],[0.684858,52.979784],[0.686052,52.979365],[0.685538,52.978984],[0.684934,52.979344],[0.685775,52.97874],[0.684611,52.978047],[0.683611,52.978914],[0.684231,52.977948],[0.682431,52.977512],[0.682644,52.977992],[0.682108,52.977412],[0.681729,52.977844],[0.682147,52.979341],[0.681263,52.981804],[0.681997,52.979275],[0.681528,52.977798],[0.680204,52.978458],[0.680066,52.979111],[0.679518,52.979099],[0.679313,52.978675],[0.679007,52.979037],[0.679216,52.979477],[0.678684,52.980024],[0.679255,52.981082],[0.679124,52.98294],[0.68079,52.985462],[0.680637,52.985809],[0.681266,52.985783],[0.681173,52.985168],[0.681634,52.984494],[0.681238,52.984414],[0.680715,52.984108],[0.68085,52.983812],[0.683634,52.984649],[0.684608,52.985942],[0.685512,52.986191],[0.685886,52.986737],[0.684282,52.985766],[0.683668,52.984771],[0.680832,52.983864],[0.681115,52.984277],[0.681749,52.984386],[0.681218,52.985387],[0.682033,52.985977],[0.682451,52.986953],[0.680742,52.986387],[0.680885,52.986673],[0.679842,52.98602],[0.679727,52.98655],[0.679535,52.986039],[0.678713,52.986223],[0.678388,52.98701],[0.675991,52.985996],[0.674974,52.986077],[0.675321,52.986626],[0.674462,52.98662],[0.671241,52.985548],[0.671151,52.984888],[0.672605,52.984623],[0.671848,52.983293],[0.671373,52.983176],[0.669947,52.984203],[0.668362,52.98414],[0.668156,52.984321],[0.668624,52.984508],[0.667993,52.984702],[0.66697,52.984363],[0.667057,52.983393],[0.665822,52.983905],[0.663996,52.983623],[0.66338,52.98391],[0.661479,52.982907],[0.660835,52.98301],[0.661102,52.98262],[0.66075,52.982056],[0.659685,52.982773],[0.659144,52.983689],[0.659434,52.985433],[0.658355,52.984977],[0.658089,52.984361],[0.657514,52.984381],[0.658054,52.986273],[0.661721,52.986995],[0.670826,52.987746],[0.689445,52.987856],[0.697391,52.987365],[0.718155,52.984065]],[[0.723049,52.980132],[0.722549,52.980167],[0.722853,52.979721],[0.723049,52.980132]],[[0.717813,52.981847],[0.718928,52.98277],[0.717704,52.981846],[0.717813,52.981847]],[[0.695919,52.984919],[0.695787,52.985474],[0.695842,52.984905],[0.696218,52.984751],[0.696325,52.984819],[0.695919,52.984919]]]]}}]}