{"type":"FeatureCollection","features":[{"type":"Feature","properties":{"slug":"north-norfolk","gss_code":"E07000147","name":"North Norfolk"},"geometry":{"type":"MultiPolygon","coordinates":[[[[1.512936,52.681532],[1.512894,52.681538],[1.512937,52.681535],[1.512936,52.681532]]],[[[1.518587,52.686922],[1.517074,52.684903],[1.517105,52.6829],[1.515774,52.68213],[1.513474,52.681654],[1.511907,52.681819],[1.510706,52.68246],[1.509584,52.683621],[1.509266,52.684776],[1.509871,52.686001],[1.512951,52.688676],[1.513001,52.689143],[1.518587,52.686922]]],[[[1.507556,52.689654],[1.507572,52.689662],[1.507592,52.689666],[1.507556,52.689654]]],[[[1.509949,52.690146],[1.509914,52.690148],[1.509918,52.690149],[1.509949,52.690146]]],[[[1.553397,52.700356],[1.55422,52.700714],[1.554447,52.700771],[1.553397,52.700356]]],[[[1.54141,52.7038],[1.541029,52.704296],[1.539677,52.704615],[1.540516,52.704859],[1.541801,52.703875],[1.54141,52.7038]]],[[[1.537281,52.707057],[1.536832,52.707119],[1.536251,52.707074],[1.536271,52.707362],[1.537281,52.707057]]],[[[1.581247,52.709691],[1.581191,52.709765],[1.581467,52.709794],[1.581247,52.709691]]],[[[1.582702,52.710374],[1.582746,52.710412],[1.582885,52.71046],[1.582702,52.710374]]],[[[1.588301,52.712082],[1.589508,52.712368],[1.58982,52.712409],[1.588301,52.712082]]],[[[1.604488,52.792323],[1.60225,52.793491],[1.603091,52.793193],[1.604488,52.792323]]],[[[1.599029,52.795355],[1.59683,52.796559],[1.597979,52.796094],[1.599029,52.795355]]],[[[1.593639,52.798418],[1.591389,52.799642],[1.592624,52.799135],[1.593639,52.798418]]],[[[1.588047,52.801398],[1.585845,52.802604],[1.585852,52.802609],[1.588047,52.801398]]],[[[0.868588,52.95932],[0.86877,52.959054],[0.868347,52.958809],[0.867995,52.957821],[0.866645,52.958062],[0.866236,52.958546],[0.86735,52.95944],[0.867821,52.959231],[0.868588,52.95932]]],[[[0.87116,52.959037],[0.871226,52.959366],[0.871724,52.959196],[0.87116,52.959037]]],[[[0.862211,52.95811],[0.861357,52.958035],[0.861098,52.957713],[0.85628,52.957624],[0.857851,52.95906],[0.860336,52.959479],[0.859539,52.958573],[0.860789,52.959534],[0.862384,52.959808],[0.862781,52.959558],[0.862211,52.95811]]],[[[0.877807,52.95971],[0.879275,52.959842],[0.87932,52.959621],[0.879098,52.959182],[0.87878,52.959241],[0.878018,52.958999],[0.877945,52.958359],[0.877023,52.958498],[0.877087,52.958167],[0.875906,52.957442],[0.87376,52.956997],[0.873643,52.957233],[0.873268,52.95693],[0.871521,52.957165],[0.871155,52.956663],[0.869961,52.956461],[0.869451,52.956763],[0.872041,52.958639],[0.873087,52.95859],[0.872931,52.958179],[0.873357,52.958606],[0.874355,52.958348],[0.875705,52.958636],[0.875957,52.959093],[0.87552,52.960357],[0.877807,52.95971]]],[[[0.874081,52.960471],[0.874314,52.960587],[0.874156,52.960353],[0.873288,52.960211],[0.873483,52.960815],[0.874081,52.960471]]],[[[0.869217,52.960537],[0.870355,52.960728],[0.871395,52.960296],[0.87119,52.959579],[0.870555,52.959308],[0.870681,52.958382],[0.868925,52.957698],[0.868176,52.957975],[0.868483,52.958833],[0.869064,52.959043],[0.868574,52.959354],[0.866097,52.959873],[0.867497,52.960257],[0.867897,52.95956],[0.868408,52.959435],[0.870167,52.959878],[0.868225,52.959609],[0.867941,52.960113],[0.868979,52.960272],[0.866909,52.960456],[0.867328,52.961059],[0.869217,52.960537]]],[[[0.990782,52.957739],[0.987933,52.958215],[0.990485,52.958009],[0.990782,52.957739]]],[[[0.866019,52.959856],[0.867315,52.959458],[0.866178,52.958577],[0.866467,52.958025],[0.864937,52.95806],[0.865138,52.958208],[0.865068,52.958363],[0.864572,52.95885],[0.865073,52.958197],[0.86241,52.958018],[0.862923,52.959459],[0.862669,52.959804],[0.864985,52.959621],[0.86313,52.959947],[0.861415,52.959736],[0.862517,52.960203],[0.863095,52.961191],[0.863988,52.961358],[0.865141,52.960605],[0.866672,52.960373],[0.866019,52.959856]]],[[[0.856156,52.961397],[0.856244,52.961655],[0.856654,52.961355],[0.859796,52.961402],[0.858602,52.960255],[0.857491,52.96048],[0.857793,52.96005],[0.856541,52.959418],[0.856229,52.959727],[0.856684,52.959721],[0.856635,52.959951],[0.856306,52.959962],[0.857063,52.960274],[0.856692,52.960893],[0.856085,52.960803],[0.856573,52.961212],[0.855919,52.961272],[0.85599,52.960621],[0.855501,52.960375],[0.855519,52.961097],[0.854491,52.961278],[0.85475,52.962052],[0.855668,52.961918],[0.855656,52.961439],[0.856156,52.961397]]],[[[1.001344,52.95812],[1.001486,52.958141],[1.001916,52.958471],[1.002564,52.958076],[1.00151,52.957699],[1.00125,52.957124],[1.000041,52.957583],[1.000236,52.958274],[1.000699,52.95852],[1.000902,52.958526],[1.000885,52.958255],[1.000961,52.958214],[1.001097,52.958138],[1.001344,52.95812]]],[[[0.989475,52.958912],[0.990575,52.958177],[0.988372,52.958458],[0.988289,52.958698],[0.988864,52.958723],[0.988715,52.959058],[0.989475,52.958912]]],[[[0.99826,52.958745],[0.997685,52.958358],[0.997731,52.958073],[0.996681,52.957547],[0.997704,52.958016],[0.998952,52.958127],[0.99836,52.957528],[0.998809,52.956497],[0.998488,52.956177],[0.996058,52.956467],[0.991963,52.957681],[0.992469,52.957859],[0.993494,52.957534],[0.99412,52.957676],[0.994643,52.95818],[0.995104,52.957609],[0.995783,52.957167],[0.994979,52.957847],[0.995033,52.958838],[0.99826,52.958745]]],[[[0.892546,52.960157],[0.89148,52.960441],[0.89243,52.961184],[0.893532,52.960794],[0.89324,52.96057],[0.893232,52.960413],[0.894046,52.96004],[0.893478,52.959225],[0.893467,52.958461],[0.893938,52.956979],[0.891654,52.95765],[0.891434,52.958167],[0.892064,52.957974],[0.892155,52.958017],[0.892388,52.958315],[0.892438,52.958501],[0.892221,52.958929],[0.892117,52.958026],[0.891618,52.958173],[0.890913,52.959617],[0.891467,52.957894],[0.89093,52.957592],[0.89021,52.957837],[0.890055,52.958482],[0.890806,52.958877],[0.889729,52.958639],[0.888656,52.959055],[0.888215,52.958963],[0.888087,52.959374],[0.888736,52.96053],[0.89044,52.960825],[0.891058,52.961686],[0.891783,52.961737],[0.892546,52.961219],[0.891929,52.961076],[0.891446,52.960402],[0.892546,52.960157]]],[[[0.956931,52.959445],[0.958112,52.959596],[0.958111,52.959393],[0.959055,52.958649],[0.958682,52.957722],[0.958852,52.957622],[0.960343,52.957791],[0.958063,52.957456],[0.956806,52.958236],[0.95748,52.958524],[0.956919,52.958318],[0.955835,52.95863],[0.95533,52.958443],[0.955009,52.95877],[0.955181,52.958906],[0.955094,52.959096],[0.954349,52.959298],[0.954427,52.9596],[0.955004,52.959523],[0.957193,52.960299],[0.957911,52.960197],[0.958202,52.959663],[0.956931,52.959445]]],[[[0.996405,52.959224],[0.997138,52.959295],[0.99671,52.958933],[0.994988,52.958959],[0.994001,52.959431],[0.995347,52.960022],[0.99591,52.959914],[0.996405,52.959224]]],[[[0.990288,52.960315],[0.99146,52.960349],[0.991398,52.959551],[0.989673,52.959963],[0.989468,52.960672],[0.990288,52.960315]]],[[[0.968288,52.96086],[0.968887,52.960328],[0.968808,52.960155],[0.968431,52.959329],[0.965237,52.959678],[0.965531,52.960053],[0.966193,52.959937],[0.965574,52.960148],[0.966494,52.961163],[0.967093,52.960941],[0.966539,52.961869],[0.968395,52.961544],[0.968288,52.96086]]],[[[0.858829,52.964413],[0.859125,52.963943],[0.858758,52.964161],[0.857164,52.963988],[0.857472,52.964412],[0.857606,52.964596],[0.858829,52.964413]]],[[[0.965422,52.960286],[0.96458,52.9607],[0.964824,52.961194],[0.966302,52.96196],[0.966355,52.961295],[0.965422,52.960286]]],[[[0.876291,52.962989],[0.877215,52.963247],[0.876644,52.9634],[0.876526,52.963867],[0.87825,52.96378],[0.879574,52.963204],[0.878981,52.962676],[0.879605,52.96296],[0.880153,52.963495],[0.88089,52.963348],[0.881078,52.962222],[0.880275,52.961872],[0.880388,52.961542],[0.878956,52.960644],[0.878501,52.960066],[0.878117,52.959956],[0.878167,52.960357],[0.877713,52.960422],[0.878151,52.960325],[0.877795,52.959977],[0.876998,52.960495],[0.876683,52.96087],[0.876834,52.961212],[0.877515,52.961161],[0.877076,52.96138],[0.876773,52.961229],[0.876605,52.960863],[0.877038,52.960344],[0.875366,52.960639],[0.874895,52.96031],[0.875136,52.959783],[0.874278,52.960074],[0.873645,52.959927],[0.87512,52.959722],[0.875334,52.959035],[0.874699,52.959216],[0.874815,52.95879],[0.872633,52.958902],[0.871604,52.959461],[0.871657,52.959998],[0.872703,52.959904],[0.874223,52.96033],[0.874787,52.960114],[0.874214,52.960409],[0.874352,52.960583],[0.874249,52.960618],[0.874048,52.960513],[0.873982,52.960571],[0.874274,52.960656],[0.874936,52.960725],[0.875849,52.961521],[0.875273,52.96134],[0.875251,52.96179],[0.875211,52.961321],[0.875325,52.961254],[0.874815,52.961015],[0.87491,52.96076],[0.873951,52.960631],[0.873035,52.961065],[0.873466,52.96096],[0.873322,52.961191],[0.87272,52.961235],[0.872853,52.961692],[0.873784,52.961945],[0.873372,52.962422],[0.873975,52.962049],[0.873449,52.962452],[0.873978,52.963074],[0.874887,52.962978],[0.874008,52.9632],[0.875166,52.963548],[0.875317,52.964243],[0.876499,52.964042],[0.876412,52.963885],[0.876601,52.963379],[0.877174,52.963239],[0.876291,52.962989]]],[[[0.859947,52.964665],[0.860526,52.964822],[0.860531,52.964424],[0.859783,52.964326],[0.859641,52.964877],[0.859947,52.964665]]],[[[0.859224,52.964428],[0.856803,52.964807],[0.85518,52.964576],[0.856282,52.965047],[0.858921,52.965124],[0.859224,52.964428]]],[[[0.875084,52.96449],[0.874967,52.964047],[0.874886,52.964094],[0.874384,52.963929],[0.875084,52.964032],[0.875008,52.963667],[0.873547,52.963414],[0.872983,52.963856],[0.873563,52.963962],[0.873127,52.96434],[0.873384,52.96425],[0.87371,52.964341],[0.87381,52.964797],[0.874076,52.96457],[0.874258,52.964897],[0.875084,52.96449]]],[[[0.858756,52.963515],[0.8592,52.963967],[0.859164,52.964307],[0.860839,52.964093],[0.860948,52.963731],[0.860987,52.964081],[0.860513,52.964257],[0.862702,52.965325],[0.863324,52.965053],[0.863202,52.963351],[0.862853,52.963525],[0.862091,52.963454],[0.863128,52.963358],[0.86383,52.96244],[0.863539,52.962044],[0.860138,52.960429],[0.860384,52.961016],[0.859609,52.960301],[0.858814,52.960357],[0.860284,52.961608],[0.861076,52.961671],[0.861568,52.962792],[0.860714,52.961953],[0.860246,52.962209],[0.860391,52.962697],[0.860179,52.962188],[0.861021,52.961752],[0.859996,52.961572],[0.859898,52.961771],[0.859526,52.961936],[0.860184,52.963426],[0.858756,52.963515]]],[[[0.859423,52.962092],[0.859423,52.961961],[0.860025,52.961498],[0.857809,52.961375],[0.856869,52.961726],[0.857031,52.961957],[0.85606,52.961739],[0.855586,52.962062],[0.853903,52.962088],[0.854319,52.961713],[0.854112,52.96101],[0.855475,52.96099],[0.854989,52.959949],[0.854251,52.959717],[0.854927,52.959404],[0.854073,52.959712],[0.853909,52.960734],[0.85401,52.959534],[0.85315,52.959411],[0.855573,52.95924],[0.85535,52.959016],[0.855855,52.958879],[0.853988,52.95776],[0.852729,52.958014],[0.852362,52.958375],[0.852792,52.959415],[0.851734,52.958601],[0.853796,52.960556],[0.853786,52.961893],[0.853177,52.962711],[0.853707,52.965916],[0.854092,52.965583],[0.854165,52.9658],[0.855343,52.965757],[0.855723,52.96535],[0.853958,52.964255],[0.853578,52.963358],[0.854526,52.964158],[0.855115,52.963603],[0.854907,52.964228],[0.856892,52.964659],[0.857472,52.964412],[0.857122,52.964102],[0.857174,52.963897],[0.858787,52.964114],[0.858686,52.963523],[0.85879,52.963485],[0.860184,52.963426],[0.859423,52.962092]]],[[[0.863567,52.96502],[0.862861,52.965381],[0.863435,52.965883],[0.863567,52.96502]]],[[[0.949006,52.963626],[0.951285,52.96384],[0.955024,52.962174],[0.95641,52.96197],[0.956942,52.962177],[0.958975,52.961684],[0.962279,52.960387],[0.96318,52.960381],[0.963304,52.960122],[0.961847,52.959067],[0.961029,52.959051],[0.960942,52.959937],[0.960588,52.959754],[0.960774,52.959161],[0.959985,52.959095],[0.959616,52.959414],[0.959755,52.9591],[0.960546,52.958965],[0.960547,52.958032],[0.958844,52.957676],[0.959087,52.958702],[0.958337,52.959373],[0.959022,52.959473],[0.958331,52.959483],[0.958219,52.959354],[0.958267,52.959711],[0.958009,52.96023],[0.956992,52.960405],[0.954774,52.959589],[0.954353,52.959983],[0.954742,52.960483],[0.954319,52.960252],[0.954239,52.960096],[0.95438,52.959833],[0.953777,52.959838],[0.953445,52.96093],[0.953986,52.961308],[0.953281,52.960999],[0.953714,52.959736],[0.95191,52.959624],[0.949446,52.958875],[0.946236,52.958976],[0.945866,52.959811],[0.946263,52.960349],[0.946524,52.960147],[0.949053,52.959377],[0.947642,52.960054],[0.94651,52.960215],[0.946248,52.960494],[0.946565,52.960871],[0.946686,52.9608],[0.947084,52.961054],[0.949456,52.960824],[0.949306,52.961104],[0.949876,52.961118],[0.95123,52.961084],[0.951551,52.960808],[0.951206,52.961384],[0.952137,52.961542],[0.951084,52.961443],[0.951118,52.961147],[0.94709,52.961212],[0.946445,52.961037],[0.946455,52.961473],[0.946918,52.961279],[0.947975,52.961447],[0.948267,52.961834],[0.949587,52.961906],[0.949172,52.962191],[0.948522,52.962478],[0.949103,52.962166],[0.948942,52.961915],[0.948209,52.961869],[0.947874,52.96146],[0.946873,52.96138],[0.945606,52.962433],[0.945853,52.963421],[0.94682,52.963752],[0.947973,52.96365],[0.94752,52.963904],[0.948472,52.964165],[0.949006,52.963626]],[[0.947703,52.960203],[0.94787,52.960479],[0.949799,52.960194],[0.946686,52.9608],[0.947703,52.960203]]],[[[0.985509,52.96126],[0.985811,52.961632],[0.985641,52.962261],[0.986379,52.962389],[0.986358,52.962061],[0.98668,52.961613],[0.986432,52.961488],[0.986859,52.96129],[0.986778,52.96167],[0.986406,52.96211],[0.987059,52.962037],[0.986803,52.96178],[0.987604,52.961543],[0.987965,52.961112],[0.987647,52.960738],[0.988102,52.961052],[0.988075,52.960677],[0.988332,52.960997],[0.987333,52.961836],[0.986955,52.961768],[0.987166,52.962065],[0.986489,52.962471],[0.986143,52.962462],[0.986357,52.962688],[0.987329,52.962256],[0.986071,52.963004],[0.987441,52.962452],[0.988486,52.962461],[0.988442,52.961983],[0.989398,52.961741],[0.988956,52.961236],[0.989358,52.960749],[0.988509,52.960459],[0.98926,52.960641],[0.989528,52.959977],[0.989207,52.960056],[0.988762,52.959825],[0.990384,52.959773],[0.990654,52.959254],[0.992509,52.958913],[0.990577,52.959524],[0.991456,52.959544],[0.991512,52.960302],[0.991881,52.9603],[0.992354,52.959686],[0.993033,52.959398],[0.993104,52.959649],[0.992411,52.959712],[0.992153,52.960086],[0.993931,52.959693],[0.993675,52.959472],[0.993909,52.958803],[0.993919,52.959193],[0.994617,52.959037],[0.994993,52.958149],[0.99431,52.958212],[0.994049,52.957723],[0.993587,52.957841],[0.993445,52.957589],[0.992489,52.957919],[0.992236,52.957901],[0.993303,52.958322],[0.991329,52.957742],[0.989331,52.959106],[0.988963,52.959019],[0.989251,52.959534],[0.988594,52.959073],[0.98873,52.958726],[0.98814,52.958698],[0.988343,52.958486],[0.986101,52.958531],[0.985715,52.959097],[0.986562,52.959355],[0.986959,52.959161],[0.986334,52.95955],[0.986267,52.960352],[0.987635,52.960313],[0.98719,52.960604],[0.986279,52.960429],[0.986094,52.959963],[0.986284,52.959495],[0.986467,52.959405],[0.985642,52.959207],[0.984031,52.959697],[0.984347,52.959813],[0.9838,52.959756],[0.983019,52.960872],[0.984064,52.961328],[0.985002,52.960763],[0.984706,52.960631],[0.985114,52.959997],[0.984857,52.960612],[0.985179,52.960703],[0.984157,52.961363],[0.984857,52.961814],[0.985183,52.963039],[0.986156,52.963226],[0.985767,52.963049],[0.985962,52.962572],[0.985494,52.962269],[0.985509,52.96126]]],[[[0.858081,52.965617],[0.856595,52.966072],[0.857643,52.966081],[0.858341,52.96646],[0.858081,52.965617]]],[[[0.866296,52.966163],[0.866115,52.965861],[0.866857,52.965705],[0.86672,52.965596],[0.86723,52.964876],[0.866834,52.965175],[0.866232,52.965104],[0.866147,52.964768],[0.865526,52.96514],[0.864559,52.96491],[0.864838,52.965254],[0.864206,52.966316],[0.865045,52.966458],[0.865566,52.966365],[0.865657,52.966065],[0.866296,52.966163]]],[[[0.865687,52.966084],[0.865598,52.966399],[0.865069,52.966507],[0.866455,52.966824],[0.866481,52.966681],[0.866719,52.96656],[0.866441,52.966454],[0.866616,52.966359],[0.865687,52.966084]]],[[[0.858741,52.966648],[0.858352,52.96737],[0.859897,52.967654],[0.859902,52.966782],[0.858741,52.966648]]],[[[0.86053,52.967695],[0.861195,52.9677],[0.860718,52.967413],[0.860879,52.966896],[0.860372,52.966204],[0.860126,52.966061],[0.859806,52.966461],[0.859381,52.965725],[0.858055,52.965422],[0.858749,52.965604],[0.858622,52.966218],[0.860203,52.966668],[0.860356,52.967816],[0.86053,52.967695]]],[[[0.861386,52.967753],[0.861286,52.967549],[0.861238,52.967721],[0.860648,52.967837],[0.861604,52.967791],[0.861386,52.967753]]],[[[0.863263,52.967306],[0.863526,52.967181],[0.862796,52.965621],[0.860655,52.96446],[0.86089,52.964732],[0.860503,52.964886],[0.859249,52.96494],[0.860398,52.965256],[0.861232,52.965086],[0.860854,52.966366],[0.861596,52.965828],[0.861052,52.966459],[0.861405,52.966693],[0.861002,52.96674],[0.861683,52.967307],[0.861064,52.967083],[0.860899,52.967518],[0.861314,52.967521],[0.861932,52.967869],[0.863466,52.967741],[0.863263,52.967306]]],[[[0.860167,52.967622],[0.859425,52.96774],[0.85989,52.968009],[0.860167,52.967622]]],[[[0.860102,52.967857],[0.860523,52.968019],[0.859901,52.968079],[0.860692,52.968191],[0.861025,52.967911],[0.860102,52.967857]]],[[[0.858891,52.967602],[0.859056,52.968176],[0.859881,52.968276],[0.858891,52.967602]]],[[[0.920894,52.966234],[0.921435,52.966744],[0.921359,52.966193],[0.922024,52.96574],[0.922245,52.966594],[0.922711,52.966308],[0.92235,52.965974],[0.922743,52.965954],[0.92285,52.965268],[0.92424,52.965178],[0.92457,52.965408],[0.925183,52.965055],[0.925163,52.965295],[0.925735,52.964928],[0.925512,52.964372],[0.926096,52.964947],[0.927146,52.964201],[0.928338,52.964442],[0.928712,52.964],[0.929408,52.963959],[0.92879,52.963377],[0.929444,52.963603],[0.929991,52.963281],[0.929385,52.962956],[0.929388,52.962341],[0.928712,52.962562],[0.929307,52.962269],[0.929635,52.962331],[0.929464,52.962936],[0.930337,52.963113],[0.93089,52.962423],[0.930839,52.962068],[0.928904,52.961862],[0.929565,52.961559],[0.929359,52.961179],[0.929637,52.961572],[0.929442,52.961746],[0.931082,52.962026],[0.930777,52.962941],[0.933268,52.962499],[0.93282,52.962078],[0.932914,52.962055],[0.933468,52.962518],[0.933829,52.96186],[0.932979,52.961344],[0.93387,52.96176],[0.933921,52.962731],[0.934948,52.962392],[0.93536,52.961907],[0.93459,52.961629],[0.935447,52.961813],[0.935247,52.962726],[0.935883,52.962701],[0.936468,52.962196],[0.936597,52.96159],[0.936468,52.961724],[0.936131,52.961781],[0.935807,52.961295],[0.935465,52.961408],[0.935775,52.961266],[0.936033,52.961439],[0.936227,52.961752],[0.936533,52.961546],[0.936643,52.961571],[0.936689,52.961883],[0.936845,52.961497],[0.935442,52.960821],[0.936888,52.961378],[0.937219,52.960129],[0.936688,52.959619],[0.935808,52.959807],[0.935521,52.959555],[0.935447,52.960158],[0.934663,52.96059],[0.934208,52.960736],[0.934117,52.960694],[0.934324,52.960389],[0.934038,52.960384],[0.934096,52.960265],[0.933817,52.96025],[0.933813,52.960108],[0.933447,52.960277],[0.933766,52.960081],[0.934109,52.960153],[0.934368,52.960343],[0.93425,52.96068],[0.935359,52.960134],[0.935461,52.959517],[0.935835,52.959747],[0.936306,52.959532],[0.934618,52.958616],[0.934172,52.95926],[0.934206,52.959022],[0.933747,52.959062],[0.934676,52.958499],[0.934068,52.957854],[0.932868,52.958339],[0.932519,52.958817],[0.932866,52.959325],[0.932698,52.959507],[0.931451,52.959422],[0.930655,52.958968],[0.930529,52.95941],[0.930103,52.959696],[0.930438,52.960155],[0.930176,52.960271],[0.930049,52.959686],[0.929115,52.959869],[0.928759,52.959679],[0.929039,52.960159],[0.928601,52.960515],[0.927411,52.960461],[0.928672,52.960447],[0.928989,52.960113],[0.92855,52.95976],[0.928811,52.959628],[0.929137,52.959841],[0.930218,52.95961],[0.930639,52.958931],[0.931429,52.959369],[0.932769,52.959385],[0.93242,52.958835],[0.933062,52.957458],[0.929178,52.957278],[0.928464,52.958903],[0.928533,52.958681],[0.927447,52.958396],[0.92735,52.959821],[0.926552,52.959791],[0.925688,52.959265],[0.924166,52.959465],[0.924268,52.96013],[0.924786,52.960147],[0.925431,52.960706],[0.925222,52.961365],[0.925723,52.961844],[0.925125,52.96131],[0.925385,52.960716],[0.924401,52.960353],[0.923561,52.959649],[0.923055,52.960399],[0.922112,52.960365],[0.922309,52.960949],[0.922909,52.961162],[0.922281,52.960985],[0.921866,52.960364],[0.921115,52.961053],[0.921479,52.961547],[0.920936,52.961068],[0.920458,52.961084],[0.919577,52.961666],[0.919824,52.962619],[0.920869,52.962331],[0.921261,52.962508],[0.921069,52.96285],[0.921573,52.962671],[0.921566,52.962267],[0.921788,52.96235],[0.921572,52.962762],[0.921035,52.962909],[0.92079,52.962681],[0.920578,52.963073],[0.920806,52.963609],[0.921284,52.963894],[0.922381,52.963552],[0.921926,52.963875],[0.921188,52.963938],[0.920725,52.963636],[0.92001,52.964088],[0.92071,52.963562],[0.920482,52.963096],[0.920655,52.962704],[0.921097,52.962505],[0.9209,52.96243],[0.919058,52.962885],[0.918845,52.963551],[0.919606,52.963668],[0.918711,52.963547],[0.918859,52.96293],[0.916161,52.962912],[0.915235,52.963211],[0.914491,52.963947],[0.915736,52.965563],[0.91936,52.966707],[0.919505,52.966212],[0.920416,52.966615],[0.920477,52.96616],[0.920962,52.96681],[0.920894,52.966234]],[[0.933265,52.961968],[0.932201,52.961319],[0.933359,52.961979],[0.932914,52.962055],[0.933265,52.961968]],[[0.926096,52.962199],[0.925758,52.962786],[0.925723,52.961844],[0.926096,52.962199]],[[0.922626,52.962664],[0.924165,52.961933],[0.922616,52.962739],[0.921802,52.96272],[0.921518,52.963155],[0.922543,52.96315],[0.921454,52.963163],[0.921788,52.96235],[0.922626,52.962664]]],[[[0.863337,52.967861],[0.862137,52.968027],[0.862959,52.968283],[0.862985,52.96814],[0.863337,52.967861]]],[[[0.869599,52.967338],[0.872883,52.968051],[0.874123,52.967847],[0.873768,52.967574],[0.874181,52.967659],[0.873829,52.967404],[0.874565,52.966139],[0.874084,52.966121],[0.874011,52.966458],[0.873947,52.966511],[0.873595,52.96623],[0.873974,52.966437],[0.874088,52.966084],[0.874608,52.966124],[0.874622,52.966194],[0.874006,52.967439],[0.874283,52.967679],[0.875431,52.967134],[0.875546,52.966402],[0.87513,52.965556],[0.874535,52.96556],[0.874451,52.965329],[0.875059,52.965471],[0.874421,52.964876],[0.874213,52.964933],[0.874047,52.964719],[0.87389,52.964808],[0.873764,52.964817],[0.873661,52.96477],[0.873692,52.96436],[0.873178,52.964434],[0.873048,52.964276],[0.873458,52.963997],[0.872751,52.963839],[0.873547,52.963414],[0.873809,52.963274],[0.873524,52.96273],[0.872322,52.962303],[0.872884,52.962443],[0.873236,52.962199],[0.872367,52.961397],[0.873033,52.960287],[0.872524,52.960082],[0.870596,52.960777],[0.871389,52.960623],[0.87041,52.961013],[0.870987,52.96176],[0.870604,52.961858],[0.870672,52.961484],[0.869846,52.961507],[0.870437,52.961218],[0.86988,52.96084],[0.870071,52.961008],[0.869653,52.96148],[0.869816,52.960969],[0.869488,52.960771],[0.867684,52.96132],[0.868091,52.961479],[0.86743,52.961869],[0.867868,52.961689],[0.868287,52.962081],[0.869036,52.962032],[0.86876,52.962198],[0.869316,52.962307],[0.869974,52.962577],[0.869679,52.962988],[0.869922,52.96258],[0.86878,52.962327],[0.868706,52.962267],[0.868773,52.962129],[0.867906,52.962078],[0.868336,52.962293],[0.868119,52.962504],[0.867854,52.962086],[0.867923,52.961742],[0.867651,52.961925],[0.867328,52.961845],[0.867589,52.961383],[0.86673,52.961274],[0.867068,52.961358],[0.867401,52.961628],[0.866608,52.961414],[0.866791,52.961584],[0.866304,52.961944],[0.866751,52.96159],[0.866417,52.961502],[0.866551,52.961232],[0.865596,52.960836],[0.864555,52.961805],[0.864866,52.962583],[0.865198,52.962472],[0.86586,52.962471],[0.866003,52.962597],[0.865674,52.96272],[0.865915,52.962712],[0.865999,52.962767],[0.865897,52.962911],[0.86726,52.962513],[0.867534,52.962721],[0.867283,52.962564],[0.866423,52.96301],[0.86589,52.96296],[0.865657,52.962782],[0.865605,52.962635],[0.865865,52.962524],[0.865153,52.962549],[0.864166,52.963414],[0.864731,52.963546],[0.864087,52.963481],[0.863829,52.963806],[0.864316,52.964481],[0.864731,52.964422],[0.864363,52.964272],[0.864349,52.964192],[0.864587,52.963969],[0.864821,52.964025],[0.864857,52.964397],[0.864796,52.964046],[0.864393,52.964241],[0.864762,52.964413],[0.864709,52.964483],[0.864251,52.964499],[0.864068,52.964401],[0.864315,52.964723],[0.865705,52.964989],[0.865806,52.964653],[0.865981,52.964453],[0.866206,52.964408],[0.865865,52.96466],[0.866144,52.964638],[0.86669,52.965089],[0.866673,52.964133],[0.865771,52.963891],[0.86753,52.963951],[0.866667,52.964089],[0.86698,52.964627],[0.868325,52.964227],[0.868318,52.96397],[0.868622,52.963796],[0.868449,52.963513],[0.868707,52.963796],[0.868326,52.964026],[0.869019,52.964308],[0.869555,52.963691],[0.870082,52.963853],[0.86995,52.963704],[0.870069,52.963577],[0.87046,52.963693],[0.870286,52.963492],[0.871287,52.963397],[0.870329,52.963514],[0.870493,52.963648],[0.870476,52.963718],[0.87001,52.963646],[0.870118,52.963866],[0.869582,52.963718],[0.869033,52.964342],[0.868587,52.964158],[0.868757,52.964394],[0.870839,52.964624],[0.86875,52.964429],[0.868475,52.964171],[0.868265,52.964334],[0.867009,52.964709],[0.86803,52.964722],[0.867332,52.964902],[0.867647,52.965293],[0.868408,52.965142],[0.868191,52.964968],[0.868524,52.96484],[0.869037,52.964895],[0.868225,52.964974],[0.868462,52.965143],[0.86839,52.965197],[0.867633,52.96531],[0.867472,52.96521],[0.86679,52.965564],[0.867037,52.965739],[0.869249,52.965398],[0.86885,52.965677],[0.86619,52.965853],[0.866682,52.966343],[0.866752,52.966611],[0.866518,52.966831],[0.86594,52.966866],[0.867917,52.967445],[0.868487,52.966937],[0.868054,52.967486],[0.868988,52.967645],[0.868414,52.967673],[0.864524,52.966682],[0.866437,52.968146],[0.868147,52.968184],[0.869333,52.96771],[0.869599,52.967338]],[[0.869808,52.967046],[0.86925,52.966926],[0.869118,52.96683],[0.869621,52.966679],[0.869318,52.966542],[0.869638,52.965917],[0.869641,52.966714],[0.869213,52.96686],[0.870608,52.966943],[0.870864,52.966749],[0.8708,52.9672],[0.870599,52.966999],[0.869599,52.967338],[0.869808,52.967046]],[[0.872157,52.965769],[0.871713,52.965622],[0.871667,52.965556],[0.871752,52.964953],[0.872101,52.964881],[0.87172,52.965583],[0.872242,52.965792],[0.872963,52.965125],[0.873477,52.965094],[0.873692,52.965155],[0.872969,52.965754],[0.873457,52.965141],[0.872384,52.96579],[0.872158,52.96583],[0.870864,52.966749],[0.872157,52.965769]]],[[[0.901032,52.965164],[0.902048,52.965604],[0.902012,52.965366],[0.903856,52.966664],[0.90416,52.967106],[0.904973,52.967197],[0.904613,52.966704],[0.904841,52.96648],[0.903359,52.965236],[0.905557,52.966754],[0.9061,52.966556],[0.905882,52.96663],[0.90533,52.966464],[0.905948,52.96657],[0.906188,52.96633],[0.905759,52.966269],[0.903889,52.965076],[0.904543,52.965202],[0.905859,52.966239],[0.906222,52.966267],[0.906421,52.966409],[0.906981,52.966261],[0.905173,52.965517],[0.904227,52.964417],[0.905701,52.965733],[0.906649,52.966122],[0.905872,52.965463],[0.906014,52.964834],[0.905976,52.965453],[0.906583,52.965955],[0.909604,52.966577],[0.91016,52.96601],[0.912156,52.965905],[0.911936,52.965035],[0.912456,52.963997],[0.911542,52.964035],[0.910047,52.964677],[0.909018,52.963932],[0.907627,52.963626],[0.908502,52.963638],[0.907951,52.962845],[0.905677,52.96288],[0.903315,52.961751],[0.901762,52.961695],[0.902044,52.962228],[0.901329,52.961522],[0.901209,52.96174],[0.900537,52.96214],[0.901502,52.962468],[0.900523,52.962187],[0.899896,52.962441],[0.900159,52.962743],[0.899471,52.963342],[0.9001,52.96276],[0.899783,52.962455],[0.901123,52.961682],[0.901162,52.961384],[0.900159,52.96103],[0.900304,52.961489],[0.898663,52.96199],[0.898783,52.962383],[0.898738,52.962449],[0.897903,52.962675],[0.898738,52.962395],[0.898571,52.961979],[0.8994,52.961662],[0.899572,52.961049],[0.897923,52.960954],[0.897933,52.961642],[0.89705,52.962091],[0.897401,52.96243],[0.8972,52.962867],[0.896385,52.963491],[0.897307,52.962423],[0.896228,52.962738],[0.896888,52.962187],[0.895983,52.962365],[0.895278,52.961945],[0.894682,52.962282],[0.895243,52.961866],[0.896004,52.962328],[0.897833,52.961616],[0.896446,52.961436],[0.897927,52.961392],[0.897441,52.959539],[0.895812,52.961066],[0.893273,52.960995],[0.89372,52.961433],[0.893592,52.962023],[0.892787,52.962411],[0.893608,52.961792],[0.893191,52.961105],[0.89168,52.961905],[0.891717,52.962199],[0.890899,52.963634],[0.891194,52.963771],[0.891372,52.9641],[0.892107,52.963872],[0.892863,52.964048],[0.892783,52.963465],[0.893681,52.963232],[0.893776,52.963287],[0.893958,52.963714],[0.893643,52.96452],[0.895579,52.964755],[0.895852,52.965328],[0.897284,52.96527],[0.89716,52.964622],[0.897476,52.965094],[0.89732,52.965462],[0.898121,52.966279],[0.900381,52.966851],[0.902309,52.966857],[0.900411,52.966388],[0.901369,52.966401],[0.901287,52.966015],[0.899724,52.965933],[0.901272,52.965971],[0.901483,52.966448],[0.902566,52.966875],[0.90467,52.967307],[0.904039,52.967117],[0.901032,52.965164]]],[[[0.996535,52.96485],[0.996822,52.965054],[0.997582,52.96476],[0.996323,52.964368],[0.995608,52.96493],[0.996403,52.965066],[0.996535,52.96485]]],[[[0.864944,52.967739],[0.863589,52.967204],[0.863299,52.967327],[0.863513,52.967804],[0.863269,52.96805],[0.863011,52.968169],[0.863412,52.968326],[0.862298,52.968256],[0.862059,52.968136],[0.862111,52.967998],[0.862349,52.96792],[0.862811,52.967901],[0.861209,52.967911],[0.861462,52.968224],[0.860713,52.968265],[0.865029,52.968382],[0.864944,52.967739]]],[[[0.903546,52.967338],[0.905366,52.967862],[0.905715,52.967671],[0.903546,52.967338]]],[[[0.983746,52.965421],[0.984141,52.964728],[0.984654,52.965047],[0.985067,52.964927],[0.985323,52.964202],[0.98417,52.961915],[0.982484,52.961482],[0.982312,52.962093],[0.982236,52.961463],[0.981366,52.961652],[0.981224,52.961446],[0.98173,52.961326],[0.981475,52.96087],[0.980339,52.960566],[0.979616,52.960905],[0.980082,52.960431],[0.979508,52.960517],[0.97876,52.960302],[0.978593,52.960728],[0.978363,52.960888],[0.978711,52.961413],[0.978149,52.960878],[0.977499,52.961307],[0.975067,52.961812],[0.974745,52.962677],[0.972157,52.962081],[0.970789,52.962235],[0.969959,52.961962],[0.969094,52.962295],[0.968335,52.961691],[0.966589,52.96216],[0.966832,52.962636],[0.968191,52.962588],[0.968672,52.963313],[0.969979,52.963678],[0.973437,52.963511],[0.974787,52.96392],[0.975683,52.963537],[0.977291,52.964106],[0.979073,52.964122],[0.97954,52.964596],[0.98055,52.96456],[0.979766,52.964922],[0.980458,52.96504],[0.979769,52.965054],[0.979994,52.965325],[0.980946,52.965106],[0.981758,52.96441],[0.981062,52.965071],[0.982116,52.96468],[0.981324,52.965171],[0.983086,52.965379],[0.980811,52.965199],[0.98049,52.965474],[0.979511,52.965391],[0.97991,52.96563],[0.979313,52.965568],[0.980071,52.966116],[0.983746,52.965421]]],[[[0.871784,52.968262],[0.870103,52.96782],[0.869436,52.968106],[0.869994,52.967973],[0.870105,52.96799],[0.870492,52.968468],[0.869956,52.968015],[0.868743,52.968596],[0.865658,52.968294],[0.86526,52.968607],[0.865568,52.968945],[0.870233,52.969046],[0.871175,52.969017],[0.87115,52.968632],[0.871784,52.968262]]],[[[0.906923,52.967757],[0.90786,52.968135],[0.909397,52.967853],[0.908496,52.967599],[0.911969,52.967596],[0.912795,52.967428],[0.912054,52.967057],[0.913178,52.9673],[0.913765,52.966744],[0.912942,52.966632],[0.913138,52.966407],[0.912432,52.966661],[0.91287,52.966243],[0.911333,52.966355],[0.911107,52.966734],[0.910802,52.96631],[0.910716,52.966949],[0.910372,52.966499],[0.909066,52.96706],[0.908532,52.966701],[0.908565,52.96708],[0.90851,52.966794],[0.907819,52.966698],[0.908465,52.96662],[0.907492,52.966187],[0.906043,52.966842],[0.904883,52.966751],[0.905275,52.967273],[0.90734,52.968154],[0.906923,52.967757]]],[[[0.872924,52.968291],[0.871305,52.968745],[0.874121,52.96897],[0.874183,52.96837],[0.872924,52.968291]]],[[[1.008548,52.965359],[1.007795,52.965141],[1.007999,52.964555],[1.008421,52.965071],[1.009586,52.965116],[1.008993,52.964258],[1.006277,52.964772],[1.006726,52.965425],[1.007445,52.965714],[1.008548,52.965359]]],[[[0.862236,52.969266],[0.862622,52.96937],[0.862904,52.968878],[0.863841,52.96901],[0.863837,52.968528],[0.861896,52.968453],[0.862472,52.968747],[0.861759,52.969208],[0.8624,52.968741],[0.861653,52.968441],[0.860957,52.968483],[0.861187,52.968511],[0.861539,52.968856],[0.861183,52.968605],[0.861286,52.968787],[0.861178,52.968918],[0.860959,52.968961],[0.86074,52.968814],[0.860968,52.969342],[0.861075,52.969319],[0.862236,52.969266]]],[[[1.005829,52.964451],[1.006197,52.963886],[1.005903,52.964467],[1.006203,52.964692],[1.007014,52.964236],[1.007051,52.96458],[1.008084,52.964335],[1.008156,52.96405],[1.008281,52.964275],[1.008837,52.963573],[1.008751,52.964174],[1.009544,52.964444],[1.009748,52.96351],[1.010119,52.963447],[1.009757,52.963819],[1.010315,52.964465],[1.010558,52.964461],[1.010767,52.964537],[1.010972,52.964263],[1.011341,52.964743],[1.011734,52.963786],[1.01161,52.964548],[1.012991,52.964449],[1.011423,52.964793],[1.011467,52.965261],[1.011982,52.965168],[1.012104,52.965631],[1.01339,52.965428],[1.01289,52.964977],[1.013539,52.965385],[1.014424,52.965101],[1.013918,52.964329],[1.014572,52.964953],[1.01509,52.964216],[1.0148,52.963759],[1.013666,52.963307],[1.013663,52.9624],[1.01243,52.962488],[1.011925,52.962045],[1.012376,52.962074],[1.012456,52.962447],[1.013708,52.962376],[1.013709,52.963251],[1.014472,52.96353],[1.014317,52.962335],[1.013286,52.961832],[1.012645,52.961908],[1.012062,52.961306],[1.012685,52.961825],[1.013217,52.961814],[1.013052,52.961669],[1.013056,52.961287],[1.0124,52.960971],[1.013049,52.961246],[1.013756,52.960078],[1.013455,52.96078],[1.014172,52.96036],[1.013843,52.959745],[1.013135,52.960192],[1.013655,52.959702],[1.013904,52.959721],[1.014116,52.959939],[1.014241,52.959745],[1.014208,52.960389],[1.013139,52.961562],[1.013995,52.961891],[1.014014,52.96167],[1.014932,52.960454],[1.01465,52.960949],[1.014989,52.961025],[1.014199,52.961572],[1.014879,52.961629],[1.014064,52.961722],[1.014457,52.962121],[1.013755,52.961917],[1.014565,52.962243],[1.014662,52.963553],[1.015223,52.964202],[1.014827,52.964762],[1.015695,52.964332],[1.015862,52.963376],[1.01563,52.96325],[1.0155,52.96368],[1.015413,52.9624],[1.015789,52.959456],[1.015477,52.959282],[1.015034,52.959526],[1.015313,52.959803],[1.015022,52.959595],[1.01501,52.959522],[1.015202,52.959418],[1.014578,52.959316],[1.014503,52.959108],[1.014524,52.958944],[1.01571,52.958033],[1.014529,52.959064],[1.014723,52.959335],[1.015685,52.959243],[1.01663,52.957719],[1.016585,52.957197],[1.016148,52.957522],[1.016291,52.957258],[1.01665,52.956886],[1.016654,52.957599],[1.017154,52.956721],[1.015662,52.955697],[1.014982,52.955855],[1.015833,52.956209],[1.016183,52.95692],[1.015218,52.956905],[1.016087,52.956859],[1.015816,52.956228],[1.015011,52.955906],[1.013864,52.957218],[1.015867,52.957553],[1.013849,52.957293],[1.013818,52.957073],[1.012493,52.957282],[1.013321,52.95797],[1.012864,52.95848],[1.013558,52.958501],[1.013456,52.959233],[1.014316,52.95883],[1.014158,52.958311],[1.014393,52.95874],[1.014923,52.958123],[1.014744,52.958491],[1.013067,52.960081],[1.013802,52.959259],[1.013344,52.95923],[1.012762,52.958485],[1.011893,52.958369],[1.011717,52.958511],[1.012385,52.959485],[1.011359,52.959388],[1.011563,52.95945],[1.011722,52.959803],[1.011336,52.960101],[1.01151,52.95944],[1.010115,52.959512],[1.009996,52.959885],[1.010384,52.959761],[1.010621,52.959778],[1.010684,52.959903],[1.010118,52.960209],[1.010327,52.960363],[1.010334,52.960435],[1.010247,52.960481],[1.009686,52.960363],[1.00988,52.960569],[1.009416,52.961377],[1.009122,52.961124],[1.009725,52.960646],[1.009662,52.96033],[1.010302,52.960401],[1.010063,52.960249],[1.010101,52.960177],[1.010664,52.959883],[1.007731,52.960476],[1.007584,52.960792],[1.007871,52.960905],[1.00778,52.961035],[1.007117,52.960837],[1.007809,52.960983],[1.007529,52.960818],[1.007592,52.960512],[1.00687,52.96047],[1.006982,52.960727],[1.006836,52.96088],[1.006571,52.960988],[1.00672,52.961097],[1.006149,52.961436],[1.006851,52.961877],[1.006109,52.961466],[1.006166,52.961338],[1.006665,52.961071],[1.006264,52.960887],[1.006934,52.960746],[1.006372,52.960149],[1.005372,52.960762],[1.004522,52.960875],[1.005592,52.961346],[1.005544,52.961905],[1.005547,52.961374],[1.004909,52.96117],[1.004621,52.961307],[1.003464,52.961358],[1.004653,52.961273],[1.004446,52.960888],[1.005394,52.960719],[1.004108,52.960315],[1.004196,52.960111],[1.005208,52.960549],[1.006318,52.960104],[1.007541,52.960417],[1.009623,52.960035],[1.010141,52.959404],[1.012029,52.959052],[1.011554,52.958549],[1.011023,52.958609],[1.011665,52.958311],[1.013079,52.958134],[1.012051,52.95764],[1.011216,52.958072],[1.011226,52.957736],[1.01006,52.957472],[1.010174,52.958896],[1.007368,52.959022],[1.006724,52.958806],[1.006633,52.958237],[1.005759,52.958544],[1.005942,52.959082],[1.005664,52.958561],[1.006617,52.958202],[1.006726,52.958219],[1.006844,52.958844],[1.007931,52.958939],[1.007928,52.957398],[1.007592,52.957665],[1.0075,52.957704],[1.007388,52.957683],[1.006845,52.957143],[1.006989,52.956605],[1.006215,52.957077],[1.006862,52.956576],[1.0071,52.956607],[1.00686,52.957128],[1.0075,52.957681],[1.007764,52.957492],[1.00785,52.956532],[1.006971,52.956023],[1.005275,52.956733],[1.005135,52.9575],[1.005712,52.957686],[1.005732,52.957758],[1.004754,52.957919],[1.005023,52.958195],[1.004989,52.958272],[1.004706,52.958101],[1.004738,52.957879],[1.005693,52.957732],[1.004632,52.95775],[1.004409,52.957708],[1.003924,52.957139],[1.003376,52.957338],[1.003171,52.957841],[1.002204,52.958404],[1.002845,52.958904],[1.003282,52.958862],[1.004091,52.958935],[1.004377,52.958882],[1.004326,52.958682],[1.004425,52.95828],[1.00452,52.95824],[1.004633,52.958247],[1.004916,52.95833],[1.004548,52.958251],[1.004371,52.958935],[1.003724,52.959003],[1.002868,52.958935],[1.001991,52.958464],[1.002992,52.959306],[1.001357,52.958132],[1.000961,52.958214],[1.001051,52.958339],[1.00093,52.958533],[1.000841,52.958575],[1.000736,52.958552],[0.999657,52.958107],[0.999364,52.957944],[0.998766,52.958238],[0.997759,52.958113],[0.998351,52.958611],[0.998183,52.95889],[0.996941,52.958815],[0.998054,52.960183],[0.99864,52.95925],[0.998481,52.959906],[1.000232,52.959339],[0.99797,52.960298],[0.998627,52.961119],[0.999153,52.960331],[0.998615,52.961395],[0.999862,52.960841],[1.000644,52.959654],[1.000041,52.960663],[1.000966,52.960457],[0.999701,52.961096],[1.000764,52.961468],[1.000891,52.961358],[1.001173,52.961342],[1.000847,52.960987],[1.001163,52.960937],[1.001264,52.961299],[1.000832,52.961677],[1.002017,52.962148],[0.999845,52.96129],[0.999662,52.961142],[0.99904,52.961226],[0.999317,52.961805],[0.998786,52.961437],[0.999039,52.962009],[0.998481,52.962881],[0.999112,52.962747],[0.998817,52.963037],[0.998506,52.962987],[0.998403,52.962631],[0.997204,52.96278],[0.996257,52.961973],[0.997183,52.962744],[0.998449,52.962549],[0.998911,52.962103],[0.998426,52.962107],[0.997829,52.96192],[0.997237,52.96192],[0.996958,52.961644],[0.9985,52.962086],[0.998953,52.961927],[0.998376,52.961349],[0.997471,52.959582],[0.996469,52.959289],[0.995998,52.959958],[0.995076,52.960167],[0.995658,52.960743],[0.994485,52.959704],[0.992322,52.960129],[0.991918,52.960468],[0.992572,52.960847],[0.993693,52.960298],[0.994243,52.960272],[0.994229,52.960551],[0.993683,52.960351],[0.992565,52.960927],[0.993235,52.960895],[0.993451,52.961096],[0.993614,52.960903],[0.994398,52.960849],[0.993364,52.961148],[0.993641,52.96128],[0.992889,52.960947],[0.992624,52.961244],[0.991648,52.960521],[0.99039,52.960467],[0.989321,52.961053],[0.989454,52.961337],[0.990641,52.961284],[0.98957,52.96137],[0.989824,52.96196],[0.988917,52.962102],[0.989119,52.963183],[0.990114,52.963258],[0.990855,52.962945],[0.991392,52.96225],[0.991037,52.961733],[0.991953,52.961251],[0.992203,52.961178],[0.992353,52.961393],[0.992169,52.961208],[0.991112,52.961718],[0.991725,52.96192],[0.991446,52.962144],[0.991695,52.962814],[0.991859,52.962462],[0.992712,52.962267],[0.993045,52.962281],[0.99388,52.961604],[0.994347,52.961328],[0.994732,52.961446],[0.994219,52.961416],[0.993275,52.962471],[0.99414,52.96274],[0.994047,52.96249],[0.99443,52.962059],[0.99411,52.962456],[0.994547,52.962826],[0.993823,52.962808],[0.992669,52.96232],[0.992481,52.962591],[0.991883,52.962549],[0.99181,52.96293],[0.991598,52.962881],[0.991326,52.962441],[0.991064,52.962974],[0.990206,52.963369],[0.98909,52.9633],[0.9879,52.962711],[0.986746,52.963196],[0.986227,52.963936],[0.986841,52.965486],[0.987293,52.964909],[0.988119,52.965054],[0.988028,52.965423],[0.989021,52.965268],[0.988723,52.964529],[0.987731,52.963917],[0.98834,52.964065],[0.989083,52.964948],[0.989023,52.964671],[0.989732,52.965014],[0.990243,52.9649],[0.990452,52.964196],[0.990481,52.964543],[0.992131,52.964311],[0.992224,52.964865],[0.993075,52.964401],[0.992585,52.964935],[0.993382,52.964969],[0.993076,52.964053],[0.993529,52.964808],[0.993751,52.964333],[0.994417,52.964782],[0.994008,52.964205],[0.994426,52.964502],[0.994913,52.964225],[0.994705,52.963962],[0.994952,52.964129],[0.994923,52.964348],[0.995257,52.964006],[0.995137,52.964271],[0.995768,52.964079],[0.995798,52.963799],[0.995045,52.963532],[0.995882,52.963798],[0.99609,52.963923],[0.996381,52.963475],[0.997228,52.963209],[0.999678,52.963287],[0.997283,52.963239],[0.996333,52.964258],[0.997014,52.964576],[0.996894,52.964107],[0.997929,52.963964],[0.997763,52.964186],[0.998767,52.964676],[0.998594,52.965031],[0.999339,52.964659],[0.999136,52.965146],[0.999622,52.964678],[1.00009,52.964637],[0.999343,52.964961],[0.999704,52.965198],[1.001315,52.96449],[1.002014,52.964752],[1.004395,52.964154],[1.004593,52.963827],[1.00442,52.964183],[1.003206,52.964559],[1.004604,52.964671],[1.005133,52.963819],[1.004753,52.964744],[1.005687,52.963741],[1.004951,52.964681],[1.005324,52.964647],[1.004788,52.964792],[1.003287,52.964844],[1.003536,52.965063],[1.002896,52.964959],[1.002323,52.965577],[1.003837,52.965926],[1.004156,52.965678],[1.004599,52.965964],[1.004974,52.965195],[1.005172,52.965415],[1.00555,52.965239],[1.004835,52.965636],[1.004842,52.965977],[1.006483,52.965486],[1.005829,52.964451]]],[[[1.010333,52.96469],[1.009917,52.964098],[1.009446,52.964693],[1.010062,52.965296],[1.010625,52.965306],[1.010201,52.96539],[1.010822,52.965909],[1.011357,52.965547],[1.011079,52.9647],[1.010333,52.96469]]],[[[1.009139,52.965292],[1.010324,52.966003],[1.009869,52.965298],[1.009139,52.965292]]],[[[1.008888,52.965306],[1.008022,52.965736],[1.008471,52.966124],[1.008888,52.965306]]],[[[1.008961,52.965346],[1.008479,52.966209],[1.009032,52.966226],[1.010137,52.965986],[1.008961,52.965346]]],[[[1.007828,52.965598],[1.007443,52.965749],[1.006793,52.965456],[1.005506,52.966065],[1.008353,52.96616],[1.007828,52.965598]]],[[[0.912267,52.968756],[0.912643,52.968965],[0.913061,52.968552],[0.91127,52.968105],[0.910468,52.968578],[0.911086,52.967985],[0.90854,52.968503],[0.906531,52.968223],[0.906197,52.968524],[0.906906,52.96905],[0.910001,52.969205],[0.912506,52.96895],[0.912267,52.968756]]],[[[1.026505,52.96649],[1.030251,52.966644],[1.029744,52.966506],[1.026505,52.96649]]],[[[1.044354,52.963943],[1.044382,52.963414],[1.042899,52.964043],[1.041711,52.964323],[1.037339,52.96471],[1.035591,52.965578],[1.029829,52.966879],[1.030314,52.967379],[1.033932,52.967394],[1.039318,52.966831],[1.043198,52.965993],[1.044444,52.965531],[1.045012,52.964749],[1.044354,52.963943]]],[[[0.894358,52.970238],[0.894412,52.971049],[0.895158,52.970675],[0.895627,52.970805],[0.89529,52.970186],[0.895837,52.97091],[0.897369,52.970562],[0.897918,52.969972],[0.898685,52.969916],[0.899037,52.969551],[0.900598,52.969651],[0.900682,52.969326],[0.902135,52.968841],[0.901685,52.968479],[0.902148,52.968082],[0.900355,52.96797],[0.898147,52.96867],[0.899612,52.968172],[0.898574,52.968229],[0.899208,52.968022],[0.901554,52.967814],[0.903349,52.968203],[0.902432,52.967747],[0.90268,52.967558],[0.90346,52.968063],[0.903544,52.96846],[0.905015,52.96865],[0.905478,52.968352],[0.901794,52.966906],[0.901048,52.967107],[0.901294,52.967367],[0.90098,52.967453],[0.897227,52.967742],[0.895703,52.967393],[0.893961,52.967797],[0.893543,52.967227],[0.892631,52.967066],[0.893164,52.966698],[0.893009,52.966075],[0.890225,52.964796],[0.893083,52.96609],[0.89324,52.966721],[0.8927,52.967063],[0.893614,52.967207],[0.893994,52.967754],[0.89569,52.967342],[0.897359,52.96769],[0.900999,52.967364],[0.896678,52.967308],[0.900663,52.967121],[0.901286,52.966873],[0.90041,52.966917],[0.898595,52.966515],[0.898044,52.966303],[0.897182,52.965345],[0.895849,52.965383],[0.895514,52.964775],[0.893564,52.964514],[0.893935,52.963728],[0.893682,52.963248],[0.892845,52.963454],[0.892968,52.963956],[0.892529,52.96459],[0.892597,52.964084],[0.891941,52.963985],[0.891749,52.964677],[0.891865,52.96395],[0.891382,52.964145],[0.890858,52.963694],[0.890831,52.963482],[0.890455,52.963635],[0.891386,52.962567],[0.890809,52.962217],[0.891426,52.96248],[0.891602,52.962078],[0.890571,52.961499],[0.890335,52.960936],[0.889197,52.960761],[0.889623,52.960925],[0.888477,52.960846],[0.889102,52.961344],[0.888428,52.961079],[0.888303,52.961516],[0.889617,52.962547],[0.888204,52.961718],[0.888431,52.960805],[0.887461,52.960538],[0.888045,52.960857],[0.887438,52.960581],[0.886705,52.960821],[0.887628,52.960472],[0.888655,52.960761],[0.888062,52.96011],[0.887275,52.960153],[0.887967,52.960085],[0.887307,52.959832],[0.888324,52.960163],[0.888116,52.959584],[0.886962,52.958942],[0.886308,52.958924],[0.885629,52.95977],[0.88615,52.960056],[0.886384,52.961107],[0.886106,52.960279],[0.885534,52.961037],[0.885959,52.960023],[0.88497,52.960779],[0.885869,52.959991],[0.88491,52.959875],[0.884166,52.959251],[0.883715,52.959157],[0.882271,52.959747],[0.882019,52.960192],[0.884186,52.960082],[0.881943,52.960299],[0.881939,52.961073],[0.882538,52.961292],[0.883415,52.96098],[0.884164,52.961191],[0.883259,52.96108],[0.883163,52.96225],[0.882903,52.96136],[0.88216,52.961312],[0.881739,52.961059],[0.881976,52.95976],[0.883454,52.959118],[0.881177,52.959464],[0.879713,52.959103],[0.879683,52.959872],[0.879213,52.960088],[0.879441,52.960097],[0.879856,52.960526],[0.879397,52.960116],[0.878846,52.960268],[0.879867,52.960864],[0.880398,52.96081],[0.880551,52.96016],[0.880894,52.960195],[0.880502,52.96057],[0.880997,52.960681],[0.879967,52.96091],[0.880002,52.96113],[0.881149,52.962207],[0.881253,52.963184],[0.882864,52.963644],[0.882822,52.964147],[0.884092,52.964042],[0.884734,52.964425],[0.885235,52.963813],[0.88439,52.963442],[0.884517,52.962626],[0.883733,52.962741],[0.885649,52.962384],[0.884588,52.962589],[0.884487,52.963432],[0.885022,52.96356],[0.885302,52.963863],[0.884695,52.964486],[0.883986,52.964078],[0.882777,52.964193],[0.882798,52.963689],[0.881129,52.9633],[0.880191,52.963642],[0.880744,52.96438],[0.881547,52.964317],[0.880692,52.964464],[0.879728,52.964369],[0.880701,52.964373],[0.879822,52.963199],[0.878125,52.963886],[0.877091,52.963852],[0.877418,52.964232],[0.878904,52.964276],[0.877642,52.964305],[0.876964,52.964142],[0.876965,52.963896],[0.874628,52.964831],[0.874959,52.96515],[0.875143,52.964965],[0.875438,52.965707],[0.876313,52.96531],[0.875577,52.965751],[0.876004,52.966587],[0.875714,52.966536],[0.875651,52.967305],[0.876723,52.967717],[0.879809,52.967689],[0.880409,52.967326],[0.880672,52.965977],[0.878496,52.966692],[0.878397,52.966654],[0.878242,52.966301],[0.878589,52.966315],[0.878624,52.965926],[0.878755,52.96619],[0.878454,52.96664],[0.880582,52.965912],[0.880792,52.96537],[0.880317,52.965112],[0.880834,52.965367],[0.883551,52.964893],[0.884968,52.965309],[0.88569,52.964784],[0.88635,52.964773],[0.886149,52.964063],[0.886406,52.964778],[0.884949,52.965341],[0.8845,52.965362],[0.884824,52.965855],[0.886743,52.966173],[0.887211,52.966815],[0.888,52.967031],[0.888931,52.966752],[0.888232,52.966656],[0.888409,52.966263],[0.887609,52.965623],[0.887958,52.965597],[0.888472,52.966291],[0.888267,52.966602],[0.889746,52.966736],[0.891766,52.968418],[0.89313,52.968805],[0.894844,52.968724],[0.8963,52.969507],[0.897149,52.969466],[0.896536,52.969603],[0.896168,52.969485],[0.894729,52.968732],[0.892977,52.968841],[0.892634,52.969639],[0.89303,52.971048],[0.893234,52.971201],[0.893351,52.970899],[0.894003,52.970645],[0.893385,52.970943],[0.89365,52.971337],[0.894358,52.970238]],[[0.889948,52.96105],[0.88969,52.961264],[0.889623,52.960925],[0.889948,52.96105]]],[[[1.024975,52.968596],[1.024649,52.968847],[1.025522,52.968825],[1.024975,52.968596]]],[[[0.890974,52.971348],[0.889726,52.970781],[0.889111,52.970353],[0.888972,52.969067],[0.889156,52.970306],[0.889742,52.970726],[0.889888,52.970229],[0.889822,52.970763],[0.891114,52.971309],[0.891206,52.970891],[0.892168,52.97073],[0.892218,52.970965],[0.892272,52.969486],[0.891986,52.969303],[0.891774,52.969801],[0.891666,52.969827],[0.89101,52.969614],[0.891719,52.969739],[0.8919,52.969266],[0.892336,52.969374],[0.892504,52.968919],[0.891387,52.968482],[0.889627,52.966884],[0.887921,52.967182],[0.886744,52.966671],[0.887538,52.969079],[0.887521,52.970126],[0.889028,52.970967],[0.888926,52.972226],[0.88931,52.97179],[0.889528,52.972325],[0.889824,52.971798],[0.890974,52.971348]]],[[[1.018711,52.968544],[1.020117,52.968332],[1.020028,52.967954],[1.02068,52.968024],[1.023243,52.96709],[1.023264,52.966833],[1.021667,52.966921],[1.021699,52.967131],[1.022182,52.967004],[1.021606,52.967239],[1.02131,52.967209],[1.020973,52.967775],[1.020012,52.967763],[1.019493,52.968321],[1.018844,52.968206],[1.018309,52.968662],[1.017767,52.968202],[1.017197,52.968295],[1.016302,52.969163],[1.017841,52.9689],[1.017216,52.969398],[1.018711,52.968544]]],[[[1.007488,52.970724],[1.006865,52.970885],[1.007557,52.971025],[1.007488,52.970724]]],[[[0.99138,52.971211],[0.991569,52.971526],[0.991479,52.971888],[0.992135,52.971453],[0.99138,52.971211]]],[[[0.990082,52.9717],[0.989927,52.971977],[0.989818,52.971636],[0.989387,52.971682],[0.989631,52.971233],[0.988695,52.970674],[0.988995,52.970499],[0.987771,52.969995],[0.988426,52.970362],[0.988062,52.970839],[0.988421,52.970961],[0.987336,52.971111],[0.987805,52.971349],[0.989,52.971163],[0.98911,52.971454],[0.988334,52.971388],[0.989748,52.972504],[0.990082,52.9717]]],[[[0.99096,52.97154],[0.991283,52.971322],[0.990728,52.9716],[0.991004,52.971164],[0.990486,52.971407],[0.990716,52.971139],[0.989577,52.970484],[0.989458,52.9708],[0.990164,52.971061],[0.989543,52.970874],[0.989894,52.971455],[0.990853,52.971912],[0.990504,52.9721],[0.991011,52.972616],[0.991471,52.97159],[0.99096,52.97154]]],[[[1.007489,52.972458],[1.006016,52.973071],[1.005874,52.973432],[1.006776,52.973557],[1.007625,52.972853],[1.007489,52.972458]]],[[[0.879244,52.972921],[0.879166,52.972238],[0.878084,52.973238],[0.877496,52.973558],[0.877745,52.973844],[0.877179,52.973645],[0.877864,52.973287],[0.875837,52.97367],[0.878011,52.973204],[0.878157,52.972859],[0.875724,52.972176],[0.877893,52.972766],[0.880638,52.971561],[0.881284,52.970713],[0.882622,52.970453],[0.882801,52.970058],[0.884764,52.970624],[0.884076,52.969985],[0.884093,52.969838],[0.884256,52.969651],[0.884158,52.969914],[0.884843,52.970341],[0.884978,52.969469],[0.884964,52.970548],[0.884618,52.970743],[0.885433,52.97109],[0.885964,52.97072],[0.885921,52.970205],[0.886036,52.97073],[0.88622,52.97049],[0.885913,52.971038],[0.887253,52.97089],[0.88847,52.97202],[0.888852,52.971953],[0.888877,52.970925],[0.887464,52.970161],[0.887387,52.968839],[0.886812,52.967817],[0.885362,52.969004],[0.886868,52.96773],[0.886586,52.966326],[0.884721,52.966032],[0.883493,52.965009],[0.880874,52.965722],[0.880721,52.966752],[0.8818,52.966474],[0.882532,52.966715],[0.882942,52.96757],[0.882494,52.966736],[0.881769,52.9665],[0.8807,52.966781],[0.880598,52.967396],[0.879587,52.96793],[0.879919,52.967849],[0.880044,52.967858],[0.880241,52.96812],[0.880565,52.967855],[0.880455,52.968045],[0.8802,52.968171],[0.879884,52.967878],[0.87978,52.967999],[0.879242,52.967929],[0.879217,52.968229],[0.879131,52.968493],[0.879937,52.96842],[0.879366,52.968532],[0.879143,52.968531],[0.87908,52.968447],[0.879157,52.967891],[0.877667,52.967789],[0.875927,52.968211],[0.876609,52.967856],[0.874947,52.967441],[0.873589,52.968285],[0.874245,52.968334],[0.874223,52.968949],[0.877388,52.968823],[0.877706,52.969118],[0.878639,52.969157],[0.877745,52.969162],[0.877284,52.968836],[0.874877,52.969012],[0.875726,52.969282],[0.874672,52.969198],[0.875169,52.969534],[0.87525,52.970163],[0.876202,52.970089],[0.876748,52.97056],[0.876238,52.970122],[0.875209,52.970174],[0.875122,52.969514],[0.874587,52.969283],[0.874764,52.968989],[0.873249,52.969075],[0.873784,52.969111],[0.874345,52.96929],[0.874474,52.969404],[0.874461,52.971911],[0.874401,52.969364],[0.873085,52.969077],[0.872339,52.969227],[0.872846,52.96963],[0.872252,52.969258],[0.871562,52.969418],[0.872076,52.969701],[0.872219,52.970265],[0.872891,52.970026],[0.872966,52.970151],[0.872738,52.970722],[0.872857,52.970046],[0.872232,52.970295],[0.872158,52.970241],[0.872141,52.97],[0.871677,52.970036],[0.871462,52.971005],[0.872567,52.971004],[0.872782,52.971446],[0.873568,52.971567],[0.873091,52.971741],[0.873169,52.971546],[0.87262,52.971492],[0.872579,52.971053],[0.872095,52.971009],[0.871796,52.971115],[0.872167,52.971518],[0.871175,52.971787],[0.8721,52.971461],[0.870585,52.970674],[0.870568,52.97201],[0.869766,52.972692],[0.869949,52.973166],[0.870934,52.973558],[0.869286,52.973063],[0.869227,52.973671],[0.868289,52.973986],[0.868549,52.974193],[0.868527,52.974263],[0.868214,52.974369],[0.868726,52.974431],[0.868796,52.974504],[0.868777,52.974581],[0.868439,52.974579],[0.868581,52.974879],[0.867806,52.975137],[0.867876,52.975635],[0.867752,52.975149],[0.868523,52.974889],[0.868395,52.974572],[0.868758,52.974499],[0.868147,52.974408],[0.868127,52.974267],[0.868488,52.974243],[0.868185,52.973993],[0.869145,52.973659],[0.869117,52.973091],[0.869244,52.973025],[0.869817,52.972984],[0.869673,52.972633],[0.870489,52.971907],[0.870492,52.970639],[0.871378,52.970863],[0.871397,52.970089],[0.871861,52.969808],[0.871407,52.969353],[0.872053,52.969136],[0.869871,52.969136],[0.870238,52.969609],[0.869609,52.969262],[0.869248,52.969441],[0.869959,52.969778],[0.869895,52.96995],[0.869098,52.970219],[0.869531,52.970397],[0.869026,52.971065],[0.869389,52.971108],[0.869714,52.971574],[0.869302,52.971444],[0.869333,52.971751],[0.868954,52.971725],[0.869209,52.972069],[0.868463,52.972292],[0.86837,52.973091],[0.868359,52.972319],[0.869148,52.972035],[0.868902,52.971724],[0.869322,52.971712],[0.869273,52.971413],[0.869646,52.97152],[0.868959,52.971095],[0.869031,52.970553],[0.869477,52.970428],[0.868996,52.970311],[0.868091,52.971143],[0.867994,52.971178],[0.867661,52.971144],[0.867967,52.971335],[0.867934,52.971468],[0.867735,52.971522],[0.867392,52.971333],[0.867297,52.971432],[0.867603,52.97149],[0.867154,52.972111],[0.868072,52.972688],[0.867098,52.972133],[0.867537,52.971481],[0.867312,52.971461],[0.86724,52.971402],[0.867278,52.971338],[0.867511,52.971311],[0.867857,52.971486],[0.867582,52.971175],[0.867664,52.971122],[0.868013,52.971143],[0.869155,52.970021],[0.869848,52.969876],[0.869158,52.96967],[0.869081,52.969166],[0.865123,52.969103],[0.865333,52.96934],[0.866386,52.969274],[0.866267,52.969799],[0.867546,52.970091],[0.867991,52.969856],[0.868105,52.970063],[0.867731,52.970562],[0.867971,52.969886],[0.867547,52.970135],[0.86573,52.969763],[0.866211,52.970024],[0.865599,52.970508],[0.865912,52.970631],[0.865767,52.971023],[0.865174,52.971291],[0.86673,52.971948],[0.867544,52.97266],[0.867338,52.973173],[0.867506,52.972693],[0.867228,52.972534],[0.866697,52.972329],[0.866377,52.972711],[0.866645,52.972295],[0.866864,52.972305],[0.866762,52.972029],[0.865124,52.971305],[0.865824,52.970647],[0.86551,52.970537],[0.866041,52.969963],[0.865611,52.969745],[0.866323,52.969341],[0.865367,52.96947],[0.864911,52.96916],[0.86485,52.970029],[0.864482,52.969763],[0.864327,52.970443],[0.864206,52.970157],[0.863256,52.971376],[0.863984,52.97028],[0.863368,52.970342],[0.864121,52.970209],[0.864959,52.968718],[0.863899,52.968513],[0.864283,52.969177],[0.864039,52.96891],[0.863848,52.969569],[0.863617,52.968984],[0.862916,52.968938],[0.862946,52.969846],[0.862737,52.969221],[0.862713,52.96937],[0.862511,52.969435],[0.861681,52.969541],[0.861115,52.969356],[0.860925,52.969623],[0.860632,52.968853],[0.860689,52.968792],[0.860946,52.968741],[0.861077,52.968933],[0.861083,52.968514],[0.860394,52.96883],[0.860432,52.96855],[0.860925,52.968434],[0.859632,52.968405],[0.859935,52.969371],[0.859521,52.96874],[0.859029,52.96925],[0.859857,52.969783],[0.860203,52.969665],[0.859944,52.969829],[0.859712,52.969747],[0.85897,52.969261],[0.859352,52.968376],[0.858696,52.969237],[0.859319,52.969782],[0.858662,52.969281],[0.859231,52.968386],[0.856999,52.968506],[0.858761,52.968189],[0.858578,52.967539],[0.858068,52.967377],[0.858507,52.96667],[0.857694,52.966285],[0.856835,52.966507],[0.855922,52.966319],[0.854899,52.96668],[0.854717,52.967076],[0.855075,52.967987],[0.85697,52.969731],[0.85991,52.970386],[0.862147,52.972015],[0.86479,52.975431],[0.865718,52.97813],[0.866283,52.978536],[0.867875,52.979021],[0.86994,52.979048],[0.87483,52.977825],[0.876974,52.97677],[0.878314,52.975681],[0.879244,52.972921]],[[0.863391,52.971889],[0.8631,52.97161],[0.863256,52.971376],[0.863391,52.971889]]],[[[1.017551,52.973067],[1.054789,52.964556],[1.08521,52.958796],[1.092438,52.956997],[1.124224,52.951323],[1.140003,52.949314],[1.186428,52.946335],[1.201995,52.946107],[1.202384,52.946312],[1.211126,52.945531],[1.212631,52.945643],[1.214438,52.945242],[1.214962,52.945611],[1.215515,52.945245],[1.216936,52.945127],[1.217547,52.945304],[1.219305,52.945002],[1.219841,52.945291],[1.220063,52.94482],[1.221426,52.944566],[1.229786,52.94351],[1.251643,52.941689],[1.253758,52.9409],[1.269431,52.938643],[1.275725,52.936988],[1.283318,52.935586],[1.301047,52.932846],[1.301889,52.932281],[1.313144,52.929323],[1.312985,52.929093],[1.315119,52.928077],[1.321556,52.925856],[1.343151,52.919968],[1.348001,52.917684],[1.355472,52.91304],[1.36121,52.910562],[1.362294,52.909512],[1.376936,52.904238],[1.385791,52.901391],[1.398114,52.896581],[1.406493,52.893819],[1.41389,52.890598],[1.436547,52.879484],[1.441197,52.876796],[1.444834,52.873775],[1.450085,52.870214],[1.473889,52.856185],[1.488694,52.848917],[1.493962,52.845767],[1.513722,52.837162],[1.519704,52.834261],[1.530719,52.82803],[1.537912,52.823463],[1.5399,52.821589],[1.541893,52.820465],[1.549025,52.817708],[1.557038,52.81381],[1.563897,52.810913],[1.577058,52.804193],[1.583565,52.802094],[1.586546,52.801648],[1.586239,52.80002],[1.5885,52.798404],[1.590956,52.797652],[1.591886,52.796252],[1.594229,52.79483],[1.596016,52.794264],[1.596673,52.793404],[1.599977,52.791573],[1.601782,52.791345],[1.602199,52.790273],[1.610575,52.785614],[1.611647,52.785305],[1.613054,52.784308],[1.615372,52.783539],[1.632702,52.772237],[1.64035,52.767976],[1.645213,52.764524],[1.645477,52.764665],[1.659067,52.755227],[1.674831,52.742606],[1.667601,52.741276],[1.663322,52.739297],[1.651373,52.73788],[1.645836,52.736628],[1.63814,52.733726],[1.637204,52.732754],[1.63715,52.731041],[1.634708,52.731074],[1.632945,52.72709],[1.626828,52.725145],[1.626589,52.724382],[1.627642,52.723471],[1.624102,52.720673],[1.619104,52.717561],[1.612972,52.715813],[1.611231,52.717842],[1.611276,52.718623],[1.608121,52.719386],[1.607461,52.720829],[1.607091,52.720815],[1.607799,52.719186],[1.610896,52.718481],[1.610969,52.717761],[1.612293,52.715777],[1.605632,52.715624],[1.599081,52.714786],[1.597469,52.714273],[1.597225,52.71447],[1.597201,52.714213],[1.596124,52.713902],[1.595714,52.714273],[1.595865,52.713802],[1.584279,52.711411],[1.58059,52.709675],[1.580214,52.710112],[1.58031,52.709528],[1.578128,52.707686],[1.577794,52.706327],[1.576631,52.704648],[1.573405,52.702746],[1.570991,52.701761],[1.568543,52.701428],[1.563513,52.702295],[1.558963,52.702089],[1.554376,52.701046],[1.549406,52.698886],[1.548865,52.700136],[1.545192,52.702073],[1.545332,52.703501],[1.544968,52.703536],[1.544873,52.70278],[1.543834,52.703058],[1.543837,52.703419],[1.543307,52.703381],[1.542769,52.703833],[1.543413,52.704588],[1.542306,52.703859],[1.543469,52.704663],[1.543221,52.704854],[1.542095,52.703913],[1.541674,52.704698],[1.541641,52.704222],[1.540637,52.70498],[1.540554,52.705599],[1.540202,52.705323],[1.539476,52.705921],[1.539027,52.706509],[1.539304,52.706861],[1.538838,52.706612],[1.538004,52.707319],[1.538336,52.707386],[1.534654,52.707762],[1.536139,52.707393],[1.536095,52.706991],[1.536726,52.707067],[1.53657,52.706838],[1.538356,52.706392],[1.539707,52.705393],[1.53997,52.704994],[1.539321,52.704574],[1.540226,52.704187],[1.538988,52.703481],[1.540689,52.704179],[1.541256,52.703698],[1.542446,52.703672],[1.544742,52.702565],[1.545197,52.701809],[1.548836,52.69993],[1.549046,52.698733],[1.545044,52.695691],[1.54449,52.693766],[1.545019,52.692325],[1.548157,52.68971],[1.549142,52.688443],[1.548933,52.687974],[1.5494,52.687943],[1.549107,52.687226],[1.549553,52.686342],[1.549112,52.686228],[1.54953,52.6861],[1.549475,52.685357],[1.548857,52.685279],[1.549515,52.685196],[1.549113,52.682421],[1.548758,52.681618],[1.546306,52.680214],[1.543119,52.67987],[1.54044,52.681078],[1.538551,52.681479],[1.537919,52.681961],[1.537481,52.683122],[1.535921,52.683735],[1.532519,52.683284],[1.530339,52.681892],[1.5266,52.682308],[1.524794,52.683323],[1.523083,52.685894],[1.516873,52.687979],[1.513455,52.689474],[1.514572,52.690425],[1.513963,52.692009],[1.514987,52.693328],[1.514789,52.695224],[1.515267,52.696045],[1.515191,52.69713],[1.510859,52.698885],[1.509808,52.698876],[1.508896,52.700525],[1.505743,52.702486],[1.505279,52.703676],[1.505645,52.704678],[1.504612,52.705559],[1.50115,52.705548],[1.498906,52.704611],[1.497921,52.704506],[1.495746,52.705554],[1.495083,52.706648],[1.495075,52.707834],[1.496745,52.710323],[1.497977,52.7111],[1.500536,52.711976],[1.503829,52.711975],[1.503282,52.71204],[1.503985,52.712903],[1.506037,52.713912],[1.506909,52.714811],[1.507272,52.714611],[1.508059,52.715538],[1.507655,52.717954],[1.506402,52.719827],[1.506607,52.720694],[1.506156,52.721332],[1.506552,52.721887],[1.506146,52.722376],[1.50607,52.723606],[1.505068,52.724373],[1.505108,52.725013],[1.506628,52.725631],[1.507991,52.726718],[1.509018,52.727002],[1.509291,52.728506],[1.506424,52.729217],[1.504325,52.729137],[1.503245,52.730792],[1.501574,52.731917],[1.501287,52.733213],[1.499087,52.734893],[1.498337,52.734709],[1.500568,52.733179],[1.50018,52.732922],[1.500196,52.732396],[1.500307,52.732906],[1.501048,52.732908],[1.501266,52.732027],[1.500173,52.732202],[1.501301,52.731882],[1.501648,52.73139],[1.50298,52.73079],[1.503981,52.728966],[1.506038,52.728994],[1.508824,52.728335],[1.508548,52.727106],[1.504782,52.725107],[1.504765,52.724231],[1.505667,52.723711],[1.505499,52.722641],[1.506176,52.721871],[1.505812,52.72149],[1.506302,52.720653],[1.506113,52.719723],[1.507232,52.718004],[1.507723,52.715754],[1.505925,52.71423],[1.503693,52.71299],[1.503036,52.712173],[1.500485,52.712184],[1.497717,52.71123],[1.496413,52.710395],[1.495372,52.708921],[1.494757,52.707119],[1.495879,52.705196],[1.498401,52.704292],[1.501692,52.705457],[1.504654,52.705281],[1.505365,52.704649],[1.505032,52.703682],[1.505465,52.702472],[1.508627,52.700417],[1.509454,52.698594],[1.510729,52.698686],[1.514455,52.697208],[1.514917,52.695961],[1.514516,52.695161],[1.514733,52.69338],[1.513701,52.69198],[1.514268,52.690469],[1.513871,52.68995],[1.512981,52.689712],[1.511542,52.690318],[1.509155,52.690377],[1.508912,52.691991],[1.508778,52.690353],[1.507248,52.689967],[1.505518,52.689034],[1.504489,52.689199],[1.502776,52.690453],[1.501008,52.690371],[1.500037,52.689706],[1.499586,52.687799],[1.497841,52.687123],[1.493712,52.687504],[1.490058,52.688576],[1.489409,52.689543],[1.490035,52.691914],[1.489691,52.693081],[1.487557,52.693614],[1.484558,52.693512],[1.484633,52.6943],[1.484287,52.693528],[1.483687,52.694112],[1.483123,52.693987],[1.483845,52.69363],[1.48164,52.693155],[1.476432,52.689684],[1.474966,52.689392],[1.473307,52.689806],[1.472187,52.690917],[1.472212,52.693365],[1.471534,52.693883],[1.469026,52.694065],[1.467777,52.694805],[1.467641,52.695398],[1.469019,52.697727],[1.467435,52.698563],[1.468213,52.698999],[1.467989,52.698785],[1.469995,52.697678],[1.468493,52.699332],[1.467781,52.699398],[1.468013,52.699074],[1.467575,52.699149],[1.467244,52.698572],[1.465847,52.699107],[1.46622,52.69961],[1.465623,52.699285],[1.462919,52.704222],[1.461149,52.705922],[1.459865,52.705866],[1.460169,52.705618],[1.458887,52.704699],[1.458665,52.704951],[1.458217,52.704593],[1.458806,52.704625],[1.458234,52.704496],[1.458452,52.704247],[1.457711,52.704534],[1.458281,52.70405],[1.457446,52.704233],[1.458136,52.703931],[1.457624,52.703519],[1.457185,52.703713],[1.457548,52.703493],[1.456854,52.703104],[1.456562,52.703243],[1.456458,52.702948],[1.451255,52.703401],[1.446543,52.702891],[1.44088,52.701397],[1.440688,52.700607],[1.44159,52.698226],[1.441866,52.695051],[1.438994,52.694015],[1.438576,52.693581],[1.438276,52.693063],[1.438881,52.69199],[1.438615,52.691322],[1.433829,52.689679],[1.431819,52.690294],[1.429649,52.691633],[1.428707,52.691585],[1.425847,52.690569],[1.423584,52.690789],[1.422639,52.691215],[1.422459,52.691792],[1.41885,52.69203],[1.416578,52.693994],[1.416615,52.694495],[1.418789,52.694969],[1.419987,52.697013],[1.423303,52.698739],[1.424572,52.701312],[1.423976,52.701969],[1.423955,52.70352],[1.42149,52.704822],[1.419095,52.70483],[1.417263,52.705969],[1.414299,52.706689],[1.413763,52.707632],[1.412045,52.707999],[1.410644,52.70875],[1.408639,52.70905],[1.408139,52.712667],[1.403859,52.715402],[1.402444,52.7157],[1.403767,52.71854],[1.403202,52.718698],[1.405288,52.721432],[1.407346,52.720974],[1.40756,52.722237],[1.408565,52.722784],[1.409702,52.725664],[1.406657,52.725912],[1.40137,52.727018],[1.400364,52.727399],[1.399748,52.728119],[1.39986,52.728596],[1.404822,52.728844],[1.405901,52.732514],[1.401041,52.730835],[1.397331,52.729106],[1.396565,52.731046],[1.394837,52.731079],[1.392513,52.732477],[1.392146,52.734672],[1.390805,52.736911],[1.390704,52.73853],[1.388828,52.739115],[1.387577,52.740059],[1.386531,52.739363],[1.385024,52.739379],[1.384826,52.739676],[1.379873,52.741218],[1.3742,52.742097],[1.371545,52.743255],[1.364601,52.744448],[1.363645,52.744762],[1.363844,52.745637],[1.357656,52.746397],[1.35705,52.746247],[1.356638,52.747549],[1.357173,52.748826],[1.356987,52.75132],[1.348737,52.752881],[1.345035,52.755799],[1.341339,52.760538],[1.339201,52.76392],[1.337546,52.768637],[1.336239,52.76941],[1.333953,52.768069],[1.327793,52.766933],[1.326604,52.767114],[1.327004,52.768938],[1.325024,52.770271],[1.324225,52.77129],[1.32338,52.771373],[1.321399,52.773324],[1.320869,52.773391],[1.321308,52.774485],[1.320889,52.775136],[1.320093,52.775376],[1.319526,52.776694],[1.318675,52.777378],[1.317062,52.777343],[1.31688,52.778481],[1.316357,52.77868],[1.316129,52.779489],[1.315382,52.779398],[1.31481,52.779756],[1.315605,52.780656],[1.314568,52.783139],[1.314564,52.785546],[1.315924,52.788689],[1.317094,52.789165],[1.313802,52.790475],[1.314882,52.793308],[1.312504,52.793701],[1.309295,52.795],[1.308383,52.795734],[1.30893,52.796335],[1.31141,52.796057],[1.31494,52.800889],[1.312614,52.801556],[1.308117,52.802029],[1.307576,52.80298],[1.308612,52.803764],[1.308246,52.804029],[1.3089,52.804392],[1.308885,52.805267],[1.308287,52.806731],[1.306592,52.807357],[1.305858,52.806568],[1.303236,52.805452],[1.302622,52.804663],[1.299634,52.804742],[1.300678,52.806275],[1.299832,52.806374],[1.29979,52.807217],[1.299304,52.807283],[1.29882,52.806966],[1.296637,52.806811],[1.296418,52.805995],[1.288883,52.804668],[1.286649,52.80889],[1.283435,52.807717],[1.281319,52.809324],[1.277673,52.814906],[1.276561,52.817438],[1.275713,52.817325],[1.273888,52.818155],[1.274125,52.81882],[1.270389,52.819321],[1.26747,52.819057],[1.2626,52.815297],[1.261974,52.812686],[1.26047,52.813194],[1.259799,52.812748],[1.258658,52.813688],[1.257716,52.813482],[1.256914,52.813921],[1.254783,52.813446],[1.253726,52.813629],[1.25299,52.814356],[1.252176,52.814052],[1.252229,52.814392],[1.251035,52.815449],[1.251347,52.815649],[1.250676,52.817402],[1.25111,52.817834],[1.250702,52.818124],[1.251313,52.818202],[1.251561,52.818598],[1.250157,52.819754],[1.251212,52.820052],[1.251083,52.820522],[1.248906,52.820958],[1.248172,52.820563],[1.247543,52.821073],[1.244456,52.819908],[1.242714,52.820777],[1.241197,52.820267],[1.240079,52.820675],[1.238222,52.820425],[1.237581,52.82095],[1.23799,52.821714],[1.237494,52.822355],[1.237865,52.822966],[1.2376,52.823279],[1.235785,52.823851],[1.234139,52.823693],[1.233229,52.822989],[1.232449,52.823547],[1.231228,52.823585],[1.231977,52.824023],[1.230081,52.824469],[1.229682,52.824855],[1.228304,52.824406],[1.225226,52.825323],[1.224325,52.825215],[1.224439,52.826007],[1.223468,52.826063],[1.224307,52.826602],[1.223783,52.827516],[1.222266,52.827452],[1.22147,52.828314],[1.21917,52.828305],[1.217886,52.828858],[1.218101,52.829452],[1.215423,52.82891],[1.21447,52.829133],[1.214388,52.829714],[1.212815,52.828653],[1.20989,52.828009],[1.207886,52.828044],[1.206932,52.827239],[1.206661,52.826526],[1.207913,52.82651],[1.207264,52.826224],[1.207802,52.825102],[1.207442,52.824914],[1.206423,52.825291],[1.20711,52.824778],[1.206592,52.824597],[1.206866,52.824296],[1.206128,52.823245],[1.203935,52.822191],[1.20324,52.820068],[1.202985,52.81595],[1.20197,52.815672],[1.198155,52.815936],[1.195954,52.815409],[1.193388,52.815318],[1.193274,52.816611],[1.19277,52.816562],[1.191306,52.81846],[1.189676,52.819722],[1.18815,52.820123],[1.185182,52.819885],[1.184722,52.82047],[1.181098,52.820395],[1.182013,52.821484],[1.181001,52.821815],[1.181086,52.823457],[1.180505,52.824006],[1.180838,52.827181],[1.18026,52.827479],[1.179645,52.827151],[1.177418,52.827521],[1.176107,52.828011],[1.17554,52.828771],[1.175644,52.829381],[1.174824,52.829823],[1.174569,52.83041],[1.173864,52.830199],[1.173513,52.830588],[1.172858,52.830304],[1.172561,52.830611],[1.171637,52.830079],[1.169938,52.830301],[1.169645,52.82996],[1.168204,52.829672],[1.167238,52.8299],[1.166817,52.829434],[1.166538,52.827283],[1.166012,52.826674],[1.166394,52.82628],[1.165838,52.825806],[1.163979,52.826142],[1.162847,52.825029],[1.156455,52.8217],[1.154202,52.82179],[1.147478,52.823699],[1.146973,52.824217],[1.14527,52.823907],[1.14372,52.820646],[1.147056,52.82032],[1.147241,52.819002],[1.148281,52.818909],[1.148307,52.815907],[1.15047,52.815499],[1.149601,52.812105],[1.144407,52.812567],[1.143646,52.813092],[1.136095,52.81376],[1.134739,52.81469],[1.131501,52.815216],[1.128336,52.814592],[1.126872,52.8155],[1.127033,52.815986],[1.12438,52.818403],[1.118779,52.819532],[1.117281,52.821277],[1.114444,52.8221],[1.112426,52.824135],[1.110411,52.82485],[1.106659,52.826852],[1.104534,52.828471],[1.101787,52.829342],[1.100113,52.828575],[1.098408,52.827257],[1.097534,52.825803],[1.095582,52.824389],[1.095384,52.823133],[1.09585,52.822118],[1.095273,52.822073],[1.094828,52.820946],[1.093904,52.820858],[1.092944,52.819662],[1.092227,52.819538],[1.092774,52.819007],[1.092404,52.818313],[1.090492,52.816658],[1.089859,52.816879],[1.088266,52.816475],[1.088499,52.816163],[1.087902,52.815847],[1.085384,52.81561],[1.084709,52.815986],[1.083133,52.816121],[1.081686,52.815577],[1.079937,52.815465],[1.073387,52.816884],[1.06225,52.815165],[1.062025,52.814861],[1.060404,52.815029],[1.047597,52.813363],[1.047584,52.813117],[1.044278,52.811814],[1.042894,52.811984],[1.040128,52.811516],[1.037514,52.811934],[1.035345,52.811875],[1.034649,52.811266],[1.031988,52.810323],[1.031224,52.808156],[1.030482,52.80764],[1.028686,52.807102],[1.022132,52.807454],[1.022588,52.806887],[1.020759,52.806555],[1.02,52.804746],[1.019308,52.804671],[1.02228,52.800031],[1.018911,52.799969],[1.016942,52.80025],[1.017074,52.800673],[1.013582,52.801053],[1.010381,52.801978],[1.006527,52.801899],[1.004426,52.802294],[1.002559,52.802089],[1.001078,52.801401],[0.999499,52.801543],[0.998216,52.80098],[0.995533,52.800596],[0.995021,52.800788],[0.993516,52.799359],[0.99358,52.79836],[0.989989,52.798298],[0.988537,52.799538],[0.987963,52.800693],[0.985994,52.801442],[0.984925,52.801154],[0.980705,52.801394],[0.980948,52.804603],[0.977144,52.804374],[0.977126,52.804841],[0.975463,52.804728],[0.975761,52.807019],[0.973808,52.807264],[0.973858,52.807575],[0.967663,52.807738],[0.96655,52.803096],[0.963301,52.803368],[0.963182,52.803],[0.960359,52.803796],[0.95278,52.804157],[0.950784,52.804701],[0.936844,52.795581],[0.938573,52.791321],[0.938444,52.787979],[0.934975,52.789066],[0.933027,52.789084],[0.933259,52.789501],[0.93275,52.789656],[0.932224,52.78911],[0.93053,52.789358],[0.929768,52.791623],[0.928356,52.7914],[0.926984,52.79288],[0.926775,52.795111],[0.927225,52.795857],[0.926234,52.796621],[0.925156,52.79684],[0.924766,52.797387],[0.923972,52.797546],[0.924854,52.798148],[0.924449,52.798525],[0.925355,52.798717],[0.924836,52.79917],[0.923991,52.799189],[0.923802,52.800851],[0.92212,52.80121],[0.922038,52.801736],[0.920155,52.802644],[0.919691,52.802296],[0.918015,52.802812],[0.917646,52.803312],[0.915652,52.802141],[0.915075,52.801188],[0.912878,52.800171],[0.906891,52.798524],[0.904525,52.797365],[0.900517,52.796026],[0.893079,52.794416],[0.891866,52.793507],[0.892134,52.793055],[0.890789,52.790717],[0.887831,52.792127],[0.8884,52.792601],[0.887407,52.792717],[0.886706,52.792452],[0.883617,52.793456],[0.881899,52.793475],[0.880594,52.793937],[0.880199,52.796423],[0.877856,52.797536],[0.876127,52.79732],[0.874167,52.798273],[0.873319,52.797897],[0.871739,52.798105],[0.869979,52.801437],[0.866837,52.80406],[0.865419,52.807428],[0.858283,52.807665],[0.853208,52.807207],[0.842038,52.809202],[0.840454,52.809858],[0.839443,52.811127],[0.83769,52.809687],[0.832538,52.806584],[0.831418,52.805429],[0.8298,52.804756],[0.83041,52.80302],[0.832745,52.8016],[0.831947,52.800015],[0.83273,52.799829],[0.832015,52.798939],[0.829241,52.797424],[0.823933,52.797273],[0.821333,52.796872],[0.818075,52.79439],[0.819293,52.792449],[0.819961,52.789626],[0.819326,52.78614],[0.8161,52.786842],[0.816078,52.786517],[0.81159,52.786448],[0.811148,52.784285],[0.810604,52.783946],[0.80965,52.783978],[0.809135,52.783225],[0.809427,52.782509],[0.810591,52.782565],[0.810902,52.781155],[0.809119,52.780052],[0.806771,52.781461],[0.803042,52.781375],[0.802762,52.779755],[0.802108,52.779181],[0.801028,52.778872],[0.799765,52.776695],[0.799983,52.77423],[0.801891,52.77006],[0.799104,52.769414],[0.795831,52.769097],[0.787961,52.76986],[0.78028,52.76941],[0.779782,52.771862],[0.777395,52.771581],[0.774518,52.775329],[0.773106,52.775852],[0.769849,52.779175],[0.769476,52.778166],[0.765842,52.776708],[0.763541,52.776944],[0.760017,52.776187],[0.758591,52.776053],[0.758294,52.776318],[0.755939,52.775809],[0.75288,52.775714],[0.752093,52.77698],[0.751836,52.77849],[0.741508,52.780007],[0.730325,52.780995],[0.730363,52.781805],[0.717833,52.782346],[0.717873,52.782853],[0.718344,52.782893],[0.717902,52.784056],[0.708388,52.786529],[0.707939,52.788472],[0.713733,52.789835],[0.722562,52.793317],[0.725704,52.795209],[0.736184,52.799292],[0.731083,52.801722],[0.730939,52.803658],[0.732227,52.803659],[0.733786,52.805699],[0.73544,52.80696],[0.738449,52.808623],[0.738967,52.808234],[0.742671,52.810684],[0.746098,52.813491],[0.745298,52.813823],[0.746683,52.815255],[0.74801,52.814808],[0.749423,52.815922],[0.751188,52.814931],[0.751899,52.814111],[0.75337,52.814372],[0.754568,52.815631],[0.754546,52.816167],[0.756337,52.816439],[0.756218,52.816727],[0.755025,52.816977],[0.753945,52.817085],[0.753426,52.816814],[0.752231,52.817463],[0.752318,52.818843],[0.7489,52.81972],[0.747291,52.820668],[0.74666,52.821629],[0.749011,52.822619],[0.745005,52.825082],[0.744064,52.82685],[0.744511,52.827024],[0.744304,52.827676],[0.744773,52.828028],[0.742495,52.829101],[0.742479,52.829859],[0.741078,52.831158],[0.739418,52.830569],[0.737458,52.831875],[0.73639,52.833027],[0.736171,52.835207],[0.729688,52.839441],[0.728127,52.84157],[0.725084,52.842873],[0.724453,52.84568],[0.723526,52.847067],[0.724914,52.84763],[0.724433,52.850381],[0.72705,52.853666],[0.727774,52.855339],[0.730929,52.854927],[0.731522,52.85766],[0.736836,52.857129],[0.742612,52.855775],[0.747505,52.855675],[0.750559,52.856037],[0.757857,52.855795],[0.76528,52.85651],[0.780387,52.858812],[0.79097,52.859883],[0.790196,52.861962],[0.791373,52.862136],[0.791142,52.865556],[0.794735,52.866087],[0.797788,52.864453],[0.794388,52.880582],[0.794166,52.882088],[0.794872,52.88351],[0.797178,52.885269],[0.80191,52.882257],[0.805464,52.880804],[0.806896,52.879438],[0.811058,52.882648],[0.813793,52.885418],[0.815052,52.888583],[0.816497,52.888355],[0.818287,52.892118],[0.821569,52.892857],[0.821213,52.895063],[0.81693,52.894983],[0.816944,52.896763],[0.815233,52.897021],[0.815994,52.898583],[0.817113,52.898504],[0.81699,52.900067],[0.814589,52.899838],[0.813244,52.898297],[0.810811,52.898894],[0.811732,52.900304],[0.808747,52.9008],[0.789872,52.899851],[0.787877,52.907885],[0.78507,52.92284],[0.78726,52.923024],[0.787531,52.92425],[0.784895,52.924813],[0.784973,52.926039],[0.784095,52.926082],[0.782864,52.935892],[0.778443,52.951639],[0.781079,52.95751],[0.781448,52.959886],[0.781047,52.963634],[0.781821,52.964085],[0.780249,52.965679],[0.780198,52.967025],[0.781396,52.967627],[0.78172,52.968648],[0.783323,52.970102],[0.781482,52.972041],[0.781151,52.972971],[0.781596,52.978388],[0.786288,52.977728],[0.787362,52.977309],[0.790241,52.977406],[0.805189,52.976395],[0.806343,52.97602],[0.806581,52.975468],[0.808329,52.97434],[0.81212,52.973665],[0.812508,52.973275],[0.812449,52.973739],[0.815133,52.974112],[0.816879,52.975254],[0.814648,52.974105],[0.812256,52.973905],[0.810216,52.974267],[0.808583,52.974939],[0.807476,52.975815],[0.810849,52.976607],[0.825229,52.978277],[0.845365,52.977655],[0.846786,52.975339],[0.846034,52.975087],[0.844838,52.975248],[0.846097,52.974245],[0.852088,52.973118],[0.851828,52.972521],[0.850608,52.972376],[0.850607,52.97055],[0.851561,52.970546],[0.851597,52.971989],[0.853122,52.972539],[0.851799,52.970517],[0.850493,52.97012],[0.850446,52.959109],[0.851104,52.957696],[0.854958,52.956976],[0.863917,52.957033],[0.866302,52.957304],[0.866767,52.957255],[0.866232,52.957113],[0.866511,52.956983],[0.868065,52.957066],[0.868029,52.956596],[0.865425,52.956993],[0.865129,52.956731],[0.868136,52.956372],[0.868411,52.956631],[0.868378,52.956407],[0.869861,52.956108],[0.8684,52.956678],[0.868922,52.957001],[0.870518,52.955892],[0.870411,52.955329],[0.870367,52.95561],[0.869836,52.955647],[0.870405,52.955295],[0.869797,52.954985],[0.869545,52.955888],[0.869468,52.955504],[0.869055,52.955828],[0.869618,52.954788],[0.871429,52.955196],[0.870675,52.955124],[0.871172,52.956016],[0.870559,52.956105],[0.87061,52.956361],[0.87125,52.956521],[0.871341,52.956292],[0.87144,52.956567],[0.872389,52.956742],[0.87147,52.956809],[0.871513,52.957026],[0.872985,52.956805],[0.875846,52.957315],[0.879154,52.957191],[0.877854,52.957351],[0.878963,52.95784],[0.880834,52.957255],[0.881699,52.95716],[0.881968,52.957025],[0.881845,52.956751],[0.882003,52.957],[0.881885,52.957369],[0.881792,52.957152],[0.880903,52.957277],[0.880195,52.957814],[0.878955,52.957895],[0.8778,52.957718],[0.877425,52.957273],[0.876048,52.957397],[0.877183,52.958143],[0.877075,52.958466],[0.877937,52.958297],[0.878116,52.959016],[0.878988,52.959163],[0.880328,52.958665],[0.880055,52.958907],[0.880966,52.959208],[0.880837,52.959024],[0.881179,52.959226],[0.883009,52.958957],[0.882205,52.958601],[0.883066,52.95834],[0.882864,52.957175],[0.883206,52.957953],[0.88388,52.957498],[0.884718,52.957284],[0.885278,52.957232],[0.88536,52.958155],[0.885195,52.957422],[0.884687,52.95732],[0.884227,52.958284],[0.884463,52.957525],[0.883871,52.957545],[0.883317,52.957962],[0.883042,52.957999],[0.883202,52.95836],[0.882265,52.958586],[0.884274,52.959135],[0.885165,52.959696],[0.886012,52.959038],[0.885675,52.959231],[0.884808,52.959287],[0.884474,52.95912],[0.884277,52.958666],[0.885118,52.959223],[0.886917,52.958514],[0.886493,52.958288],[0.886854,52.958196],[0.886571,52.958117],[0.886595,52.957416],[0.886289,52.957453],[0.885864,52.957217],[0.886292,52.957403],[0.887121,52.957064],[0.888252,52.957108],[0.886561,52.957331],[0.886649,52.957394],[0.886627,52.958086],[0.886905,52.958191],[0.886589,52.958268],[0.887002,52.958519],[0.886534,52.958699],[0.8878,52.959354],[0.888267,52.958825],[0.888672,52.958985],[0.889597,52.958602],[0.890147,52.958706],[0.889995,52.95851],[0.890097,52.957884],[0.89041,52.957619],[0.889683,52.957394],[0.890079,52.95725],[0.889791,52.957158],[0.890126,52.957205],[0.890144,52.95742],[0.890948,52.957556],[0.891416,52.957797],[0.892105,52.957343],[0.893498,52.956886],[0.894168,52.957006],[0.894492,52.957224],[0.893961,52.956981],[0.893499,52.959213],[0.894158,52.959697],[0.894113,52.959985],[0.894047,52.960123],[0.893318,52.960585],[0.89536,52.960964],[0.895885,52.960759],[0.89494,52.960431],[0.894736,52.960064],[0.895333,52.959827],[0.894638,52.959623],[0.894508,52.959501],[0.894687,52.959039],[0.894653,52.95959],[0.895394,52.959736],[0.895341,52.959874],[0.894805,52.960056],[0.894977,52.960391],[0.895803,52.96068],[0.896648,52.959769],[0.895823,52.9598],[0.89782,52.959337],[0.898159,52.960815],[0.899111,52.960881],[0.89832,52.960128],[0.899283,52.959367],[0.89847,52.960085],[0.89913,52.960772],[0.899532,52.960447],[0.899408,52.960831],[0.900143,52.960616],[0.901678,52.961131],[0.901937,52.959827],[0.901323,52.960134],[0.901178,52.960102],[0.900688,52.95946],[0.901348,52.960041],[0.901974,52.959722],[0.902015,52.959151],[0.902022,52.960575],[0.902292,52.959984],[0.902296,52.96072],[0.902732,52.960894],[0.902223,52.960799],[0.902031,52.961394],[0.90384,52.961492],[0.904187,52.961244],[0.903948,52.960502],[0.904105,52.959614],[0.902841,52.959279],[0.902217,52.958462],[0.902125,52.958065],[0.901959,52.958449],[0.902087,52.958026],[0.900297,52.958431],[0.900581,52.958042],[0.901006,52.958244],[0.902038,52.95796],[0.901854,52.957117],[0.90103,52.957089],[0.900908,52.957402],[0.899693,52.957622],[0.900858,52.95736],[0.900511,52.957067],[0.90182,52.957082],[0.901915,52.957127],[0.902086,52.957909],[0.902665,52.957454],[0.902336,52.95735],[0.903771,52.957469],[0.903897,52.957832],[0.904367,52.957784],[0.903718,52.958189],[0.903066,52.958143],[0.903898,52.957927],[0.903767,52.957501],[0.902694,52.95749],[0.902231,52.95838],[0.902964,52.959275],[0.904973,52.959694],[0.904059,52.959947],[0.904332,52.961154],[0.904012,52.961517],[0.905443,52.962437],[0.906719,52.962288],[0.9066,52.961478],[0.906884,52.962304],[0.908049,52.962206],[0.907655,52.960611],[0.906564,52.960472],[0.907679,52.960552],[0.907743,52.959476],[0.907344,52.959274],[0.907681,52.959218],[0.90717,52.958741],[0.906387,52.95881],[0.904878,52.958512],[0.904766,52.95878],[0.904302,52.958791],[0.904782,52.95865],[0.90438,52.95832],[0.907089,52.958687],[0.907529,52.958918],[0.907538,52.958706],[0.90663,52.957892],[0.905972,52.95797],[0.906587,52.957866],[0.906476,52.957419],[0.90505,52.957357],[0.903632,52.957057],[0.905324,52.957331],[0.904926,52.957033],[0.905464,52.957305],[0.906198,52.957161],[0.906639,52.957508],[0.907355,52.956952],[0.909321,52.956877],[0.907428,52.956968],[0.906687,52.957736],[0.9078,52.958479],[0.908244,52.958096],[0.909717,52.957874],[0.910133,52.957397],[0.909814,52.95781],[0.910131,52.95828],[0.910968,52.958224],[0.909691,52.958531],[0.909689,52.958987],[0.910132,52.95896],[0.910491,52.959348],[0.910237,52.959654],[0.908499,52.959704],[0.908018,52.960392],[0.908496,52.960624],[0.908021,52.960527],[0.908636,52.961835],[0.909465,52.961686],[0.909281,52.961361],[0.90952,52.960679],[0.909473,52.961545],[0.909771,52.96179],[0.908423,52.961852],[0.90855,52.962457],[0.910637,52.963322],[0.91157,52.963246],[0.911584,52.962012],[0.911645,52.963175],[0.912154,52.96315],[0.912819,52.96242],[0.912169,52.963177],[0.912902,52.963209],[0.912892,52.962898],[0.912975,52.963157],[0.913607,52.963214],[0.915305,52.962754],[0.915028,52.962312],[0.914456,52.962394],[0.914291,52.962014],[0.913784,52.962025],[0.913139,52.961791],[0.914008,52.961187],[0.912531,52.960345],[0.914123,52.961234],[0.91348,52.961685],[0.913814,52.961922],[0.915064,52.961315],[0.914299,52.961897],[0.914496,52.962299],[0.915478,52.96226],[0.915607,52.962654],[0.918535,52.962425],[0.91824,52.961876],[0.916548,52.961986],[0.915928,52.961465],[0.917458,52.960393],[0.917358,52.960154],[0.917163,52.960352],[0.916721,52.960554],[0.915378,52.960656],[0.917151,52.960284],[0.916539,52.959813],[0.914678,52.959774],[0.914437,52.959195],[0.913845,52.958882],[0.912968,52.958976],[0.913575,52.958802],[0.913151,52.958392],[0.912326,52.958524],[0.911713,52.958301],[0.912258,52.957962],[0.911782,52.957434],[0.911965,52.957281],[0.912295,52.95796],[0.911832,52.958315],[0.912311,52.958489],[0.913059,52.958283],[0.91412,52.958945],[0.915121,52.958355],[0.914317,52.959006],[0.914719,52.959633],[0.916746,52.959717],[0.917759,52.957665],[0.917375,52.95739],[0.918018,52.957595],[0.916879,52.959709],[0.917827,52.959845],[0.918872,52.959168],[0.918472,52.958712],[0.91965,52.958025],[0.920114,52.958057],[0.918515,52.958756],[0.919069,52.959245],[0.919989,52.95928],[0.919414,52.959361],[0.918885,52.95922],[0.917821,52.959908],[0.917469,52.959926],[0.917704,52.960427],[0.916247,52.961574],[0.917023,52.961817],[0.917395,52.961764],[0.916991,52.961663],[0.91719,52.96145],[0.917163,52.96169],[0.919054,52.961913],[0.919519,52.961248],[0.919267,52.961274],[0.918695,52.960994],[0.918725,52.960184],[0.919506,52.959641],[0.918796,52.960179],[0.918834,52.961004],[0.919372,52.961207],[0.920094,52.961017],[0.920014,52.960478],[0.920359,52.960935],[0.921172,52.960849],[0.922066,52.959804],[0.920881,52.959796],[0.920781,52.959764],[0.921013,52.95921],[0.921491,52.959026],[0.92111,52.958684],[0.921592,52.959075],[0.921066,52.959205],[0.920907,52.959768],[0.922016,52.959712],[0.922187,52.959813],[0.922012,52.960211],[0.92272,52.960201],[0.923106,52.958224],[0.922815,52.960321],[0.923005,52.959756],[0.923614,52.959576],[0.924078,52.959677],[0.924193,52.959296],[0.924061,52.959197],[0.925721,52.959207],[0.927241,52.959776],[0.927337,52.958294],[0.925615,52.958736],[0.926632,52.958309],[0.925403,52.958024],[0.92653,52.958075],[0.925648,52.957379],[0.926604,52.958001],[0.926757,52.958352],[0.927263,52.95816],[0.92846,52.958598],[0.928928,52.957329],[0.927691,52.957041],[0.927318,52.957401],[0.927614,52.957025],[0.93307,52.957352],[0.933208,52.957465],[0.932996,52.958088],[0.933977,52.957718],[0.934618,52.957892],[0.935287,52.958977],[0.936061,52.95861],[0.936364,52.957739],[0.935974,52.95909],[0.936991,52.95949],[0.938146,52.958911],[0.937045,52.959544],[0.937668,52.960032],[0.938554,52.959996],[0.938684,52.958989],[0.938794,52.959725],[0.939735,52.959671],[0.938669,52.960041],[0.937643,52.960176],[0.937871,52.960723],[0.938523,52.960656],[0.937902,52.960833],[0.937598,52.962035],[0.937751,52.962224],[0.938228,52.961957],[0.938399,52.962877],[0.939225,52.962404],[0.938721,52.962364],[0.939163,52.962196],[0.938996,52.961402],[0.940272,52.961052],[0.940015,52.960165],[0.941046,52.960304],[0.940272,52.960404],[0.940474,52.960574],[0.941872,52.960281],[0.941726,52.959566],[0.941073,52.959595],[0.941336,52.959475],[0.942425,52.959573],[0.942392,52.958938],[0.94277,52.959866],[0.941978,52.959596],[0.941975,52.960348],[0.943254,52.960944],[0.941885,52.960398],[0.94143,52.960535],[0.94154,52.960905],[0.942459,52.961213],[0.941601,52.961068],[0.941329,52.960586],[0.940658,52.960619],[0.941163,52.961029],[0.940561,52.960743],[0.940341,52.961172],[0.939156,52.961644],[0.939771,52.962969],[0.941177,52.962806],[0.945033,52.963541],[0.945652,52.961925],[0.944888,52.96212],[0.944214,52.961721],[0.944936,52.962069],[0.94504,52.961856],[0.945996,52.961912],[0.946066,52.961366],[0.944905,52.961282],[0.945966,52.961344],[0.946266,52.960765],[0.945933,52.960879],[0.945178,52.960799],[0.945134,52.960593],[0.946116,52.960747],[0.945793,52.960156],[0.945708,52.96036],[0.944373,52.959981],[0.943605,52.960159],[0.944416,52.959912],[0.94436,52.95953],[0.944509,52.959999],[0.945155,52.959925],[0.945722,52.960321],[0.94598,52.958967],[0.949584,52.958798],[0.95409,52.959782],[0.954364,52.959207],[0.955018,52.95908],[0.954755,52.958528],[0.95491,52.958741],[0.955137,52.958416],[0.956484,52.95831],[0.956913,52.957868],[0.956523,52.957958],[0.957713,52.957454],[0.956247,52.95773],[0.958106,52.957119],[0.961585,52.957512],[0.96181,52.958058],[0.961259,52.95867],[0.962973,52.959357],[0.96405,52.959184],[0.96422,52.959436],[0.963149,52.959444],[0.964431,52.960287],[0.965177,52.960118],[0.96444,52.959598],[0.967955,52.959137],[0.968869,52.959386],[0.969816,52.958657],[0.969582,52.959121],[0.970221,52.958939],[0.969972,52.959099],[0.969626,52.959171],[0.969399,52.959116],[0.969297,52.959412],[0.969921,52.959213],[0.970017,52.959488],[0.969252,52.959481],[0.969287,52.959229],[0.968779,52.959444],[0.968871,52.96006],[0.969966,52.959791],[0.970992,52.95979],[0.970017,52.959831],[0.969841,52.960117],[0.970354,52.960162],[0.968808,52.960155],[0.968963,52.960335],[0.968749,52.960976],[0.96922,52.960658],[0.969334,52.961235],[0.968392,52.960835],[0.968986,52.962117],[0.970022,52.961845],[0.971062,52.962088],[0.971085,52.961353],[0.971947,52.961606],[0.972932,52.961072],[0.973242,52.9612],[0.97282,52.960661],[0.972048,52.960508],[0.972796,52.959898],[0.973224,52.959937],[0.972431,52.960391],[0.972916,52.96043],[0.972191,52.960457],[0.972946,52.960647],[0.973343,52.96125],[0.971922,52.961704],[0.971195,52.961391],[0.971452,52.961967],[0.972205,52.962001],[0.974757,52.962598],[0.974875,52.961476],[0.97522,52.961392],[0.974894,52.961776],[0.976567,52.961467],[0.978475,52.960723],[0.978746,52.959904],[0.977853,52.960387],[0.976476,52.960172],[0.976723,52.959737],[0.976808,52.96011],[0.9778,52.960348],[0.97824,52.960147],[0.977361,52.959431],[0.978193,52.959926],[0.97868,52.959823],[0.979479,52.960435],[0.979796,52.96038],[0.979673,52.959246],[0.978475,52.959481],[0.97785,52.959285],[0.979744,52.959231],[0.979947,52.960272],[0.98163,52.960783],[0.981926,52.961274],[0.982686,52.961282],[0.982572,52.960515],[0.983107,52.959751],[0.981887,52.95981],[0.983368,52.959511],[0.983018,52.959288],[0.982974,52.958723],[0.982222,52.95822],[0.981562,52.958864],[0.981895,52.959332],[0.98142,52.959101],[0.981568,52.958452],[0.982671,52.957696],[0.982218,52.958065],[0.982782,52.958538],[0.983263,52.958078],[0.98366,52.958249],[0.983142,52.958622],[0.983234,52.959244],[0.983882,52.959243],[0.984739,52.958475],[0.984799,52.958833],[0.983997,52.959215],[0.98445,52.959251],[0.985186,52.959099],[0.98618,52.958205],[0.991639,52.957469],[0.991814,52.957221],[0.992782,52.957428],[0.996616,52.956253],[0.996869,52.955945],[0.996784,52.956223],[0.997712,52.956223],[0.998179,52.955752],[0.998915,52.956384],[0.998465,52.95752],[0.99891,52.95797],[0.99937,52.957891],[0.999877,52.958113],[1.000137,52.957981],[1.000041,52.957583],[1.00001,52.957455],[1.001186,52.957092],[1.001476,52.957184],[1.001578,52.957698],[1.003059,52.957878],[1.002976,52.956301],[1.003225,52.957276],[1.003782,52.95711],[1.004026,52.957149],[1.004656,52.957723],[1.005129,52.957611],[1.005027,52.95705],[1.005336,52.956607],[1.007174,52.955886],[1.006728,52.955743],[1.007265,52.955735],[1.007508,52.956058],[1.007594,52.955928],[1.008001,52.955702],[1.008797,52.955654],[1.007578,52.956131],[1.008037,52.956433],[1.008029,52.958361],[1.008369,52.958785],[1.010064,52.958779],[1.009288,52.957863],[1.009702,52.956281],[1.009727,52.957388],[1.010727,52.957217],[1.010845,52.956926],[1.010954,52.957238],[1.010655,52.957372],[1.011589,52.957623],[1.01178,52.957163],[1.011451,52.957279],[1.011234,52.957225],[1.0113,52.956858],[1.011344,52.957221],[1.011583,52.957089],[1.011743,52.957103],[1.011897,52.957212],[1.011721,52.957423],[1.012578,52.95696],[1.012291,52.95601],[1.011279,52.955753],[1.010602,52.955019],[1.011307,52.955693],[1.012367,52.956],[1.012642,52.956935],[1.013824,52.956762],[1.014134,52.956163],[1.015365,52.955395],[1.017614,52.956397],[1.016678,52.958368],[1.017981,52.958524],[1.017989,52.960517],[1.017132,52.960197],[1.01766,52.960281],[1.017674,52.959635],[1.01715,52.959409],[1.017906,52.959555],[1.017844,52.958633],[1.017541,52.958952],[1.017772,52.958537],[1.016473,52.958481],[1.016083,52.96255],[1.016454,52.962959],[1.018662,52.962705],[1.018131,52.961758],[1.017462,52.961737],[1.018571,52.961415],[1.01824,52.961051],[1.017913,52.961292],[1.018031,52.961102],[1.018229,52.961031],[1.018334,52.961055],[1.017936,52.960775],[1.017245,52.960859],[1.017921,52.960726],[1.018683,52.961271],[1.018363,52.961766],[1.018895,52.961848],[1.019061,52.962585],[1.018303,52.961851],[1.018865,52.96263],[1.018497,52.962983],[1.019987,52.964124],[1.018629,52.963269],[1.018417,52.962887],[1.017431,52.962917],[1.017103,52.963452],[1.01765,52.964398],[1.017243,52.964587],[1.017854,52.965056],[1.021331,52.965148],[1.021459,52.965588],[1.022244,52.965497],[1.024241,52.966297],[1.026292,52.966192],[1.026178,52.965584],[1.025203,52.965389],[1.02503,52.965622],[1.02492,52.965645],[1.023847,52.965579],[1.022827,52.964833],[1.023837,52.965538],[1.023489,52.965137],[1.024097,52.965566],[1.024331,52.965392],[1.024986,52.965611],[1.025153,52.965374],[1.026094,52.965502],[1.025775,52.965394],[1.025949,52.965258],[1.025483,52.964562],[1.023398,52.964389],[1.024828,52.964412],[1.025562,52.964571],[1.026101,52.965182],[1.027167,52.964824],[1.026075,52.965263],[1.026524,52.966108],[1.026387,52.966233],[1.028055,52.966194],[1.028506,52.965037],[1.028098,52.966167],[1.030528,52.966608],[1.035464,52.965368],[1.037764,52.96436],[1.042705,52.963991],[1.044459,52.963104],[1.044017,52.962662],[1.043233,52.96271],[1.043365,52.962998],[1.043169,52.962732],[1.043762,52.959529],[1.043884,52.960174],[1.044921,52.960101],[1.043752,52.960237],[1.043617,52.961085],[1.045678,52.960237],[1.045852,52.959405],[1.044598,52.959134],[1.044806,52.958299],[1.043704,52.957612],[1.04329,52.956061],[1.042421,52.956323],[1.042682,52.956446],[1.042366,52.956328],[1.043205,52.955974],[1.043403,52.955428],[1.042494,52.954998],[1.040998,52.953213],[1.040528,52.953179],[1.039916,52.952996],[1.040258,52.953979],[1.039715,52.95301],[1.039968,52.952979],[1.040868,52.953143],[1.040583,52.952566],[1.0417,52.95368],[1.042258,52.953052],[1.041994,52.953579],[1.041613,52.953731],[1.041795,52.954061],[1.042638,52.955011],[1.04395,52.955421],[1.043481,52.955446],[1.043331,52.955897],[1.044086,52.955906],[1.043417,52.95609],[1.043792,52.957599],[1.044895,52.958234],[1.044722,52.959116],[1.045738,52.959245],[1.046014,52.959469],[1.045846,52.960224],[1.045026,52.960672],[1.046273,52.960487],[1.047184,52.959089],[1.046637,52.958323],[1.046414,52.958359],[1.045698,52.957764],[1.04633,52.957699],[1.045966,52.957928],[1.046237,52.957911],[1.046934,52.958529],[1.047237,52.959094],[1.046314,52.960497],[1.043936,52.961001],[1.043356,52.962023],[1.043461,52.962408],[1.043936,52.962512],[1.043538,52.962153],[1.043747,52.961831],[1.043577,52.962184],[1.044261,52.962562],[1.044199,52.962328],[1.044546,52.961701],[1.044249,52.962464],[1.044544,52.962627],[1.046226,52.962089],[1.044625,52.962776],[1.044704,52.963988],[1.045826,52.965191],[1.045233,52.964772],[1.044761,52.965418],[1.042938,52.966196],[1.03694,52.967341],[1.031066,52.967702],[1.031661,52.968499],[1.030934,52.967744],[1.030332,52.96768],[1.030056,52.967961],[1.03058,52.968475],[1.029975,52.967996],[1.030015,52.967714],[1.029402,52.967706],[1.029357,52.968044],[1.028895,52.967369],[1.030074,52.967595],[1.028908,52.966984],[1.027086,52.967126],[1.027291,52.967496],[1.02628,52.966879],[1.024747,52.967028],[1.022581,52.96779],[1.021347,52.968677],[1.0229,52.968594],[1.023538,52.968012],[1.023108,52.968599],[1.025213,52.968556],[1.0253,52.967975],[1.025392,52.968612],[1.025818,52.968742],[1.026946,52.967835],[1.026812,52.968319],[1.027308,52.968435],[1.026825,52.968438],[1.026899,52.968945],[1.027345,52.969462],[1.026817,52.968979],[1.02667,52.968472],[1.02601,52.968798],[1.024753,52.969035],[1.025653,52.969138],[1.025694,52.96921],[1.024075,52.970203],[1.025604,52.969179],[1.024825,52.969204],[1.024154,52.96875],[1.02129,52.969045],[1.02196,52.970175],[1.021489,52.970505],[1.020669,52.970267],[1.02038,52.97073],[1.020668,52.970655],[1.020895,52.970688],[1.02094,52.970823],[1.020213,52.971034],[1.020908,52.970758],[1.020352,52.970765],[1.020456,52.970221],[1.019695,52.970221],[1.020085,52.970064],[1.021458,52.970417],[1.021889,52.970167],[1.021349,52.969212],[1.020655,52.969131],[1.018302,52.970072],[1.018504,52.970324],[1.017887,52.970576],[1.018201,52.970914],[1.017645,52.971212],[1.017969,52.971492],[1.016793,52.970881],[1.015769,52.971281],[1.015839,52.971553],[1.01618,52.971485],[1.016618,52.971549],[1.016907,52.971868],[1.016175,52.971509],[1.016082,52.971878],[1.015706,52.971502],[1.015707,52.971287],[1.016518,52.970815],[1.017963,52.970976],[1.017748,52.970463],[1.011901,52.971055],[1.012217,52.971437],[1.012753,52.971392],[1.014387,52.972136],[1.012569,52.971441],[1.012433,52.972444],[1.012819,52.972588],[1.013205,52.972081],[1.012862,52.972648],[1.013815,52.97222],[1.013251,52.972718],[1.014857,52.972504],[1.013733,52.972891],[1.011648,52.972397],[1.012279,52.972382],[1.011996,52.971372],[1.009746,52.971385],[1.009407,52.970951],[1.00798,52.970769],[1.00726,52.971273],[1.00654,52.970801],[1.007687,52.972251],[1.009363,52.97202],[1.009113,52.972381],[1.007792,52.972318],[1.008757,52.973052],[1.009039,52.972937],[1.009402,52.973002],[1.010148,52.973401],[1.009072,52.973015],[1.009355,52.973636],[1.008756,52.973156],[1.008281,52.973559],[1.008732,52.97387],[1.007923,52.973733],[1.008637,52.973141],[1.007916,52.972763],[1.006892,52.973579],[1.007244,52.973977],[1.006856,52.974304],[1.007198,52.97398],[1.006901,52.973648],[1.005842,52.973908],[1.005959,52.973488],[1.005436,52.974056],[1.005492,52.973703],[1.006236,52.972796],[1.007316,52.972418],[1.006726,52.972044],[1.006534,52.972233],[1.006037,52.971688],[1.00572,52.972188],[1.005732,52.971825],[1.005283,52.972001],[1.005829,52.972651],[1.005625,52.973121],[1.005782,52.972646],[1.005339,52.9728],[1.005318,52.972456],[1.004848,52.972458],[1.005321,52.972319],[1.004992,52.971904],[1.006047,52.971443],[1.004749,52.971109],[1.004533,52.971798],[1.004634,52.971127],[1.004076,52.971112],[1.004358,52.972155],[1.003764,52.972218],[1.003723,52.972714],[1.003731,52.972173],[1.004127,52.9718],[1.003954,52.971047],[1.003415,52.970956],[1.003477,52.972155],[1.002765,52.972509],[1.002882,52.972895],[1.002672,52.972514],[1.003364,52.972164],[1.003357,52.971067],[1.002897,52.970887],[1.00306,52.971209],[1.002858,52.971896],[1.002986,52.971203],[1.002776,52.970967],[1.002455,52.970895],[1.002657,52.97097],[1.002448,52.972248],[1.002519,52.971048],[1.001989,52.970859],[1.002281,52.971761],[1.001726,52.971152],[1.00139,52.972098],[1.001646,52.971037],[1.001144,52.970794],[1.000371,52.971987],[1.002562,52.972735],[1.000216,52.972063],[1.000673,52.972604],[1.002229,52.97281],[1.001539,52.972894],[1.001984,52.97324],[1.001432,52.972906],[1.00091,52.973072],[1.001318,52.972825],[1.000308,52.97253],[1.000058,52.972901],[1.000833,52.973819],[0.99997,52.972885],[1.000375,52.972376],[0.999894,52.971701],[1.000097,52.97196],[1.000488,52.971667],[1.000805,52.970885],[0.996562,52.970414],[0.996279,52.970701],[0.996868,52.971234],[0.998256,52.971036],[0.997935,52.971591],[0.998684,52.971428],[0.997995,52.97169],[0.997538,52.971286],[0.997108,52.971335],[0.99754,52.971419],[0.997546,52.972097],[0.998056,52.972189],[0.998507,52.971725],[0.998845,52.971667],[0.999231,52.971909],[0.998598,52.971739],[0.998164,52.972157],[0.999367,52.972226],[0.999718,52.973344],[0.999342,52.972284],[0.998107,52.972272],[0.998799,52.972791],[0.998743,52.973324],[0.999235,52.973499],[0.999435,52.974552],[0.999036,52.973536],[0.998562,52.973247],[0.998516,52.972715],[0.997692,52.97231],[0.997289,52.972776],[0.997731,52.97281],[0.99812,52.973107],[0.997671,52.97283],[0.997339,52.973016],[0.998609,52.97374],[0.997577,52.973509],[0.998452,52.973936],[0.998704,52.974649],[0.99837,52.973953],[0.997956,52.973925],[0.998321,52.974634],[0.998834,52.974852],[0.998251,52.974649],[0.997815,52.973666],[0.997656,52.973948],[0.997422,52.973766],[0.99757,52.97445],[0.99743,52.973909],[0.997014,52.97396],[0.997132,52.974516],[0.998955,52.975363],[0.997311,52.974763],[0.997122,52.974596],[0.996821,52.973918],[0.996887,52.974766],[0.998507,52.975399],[0.99708,52.974938],[0.997261,52.975177],[0.996534,52.974418],[0.996773,52.973869],[0.997418,52.973332],[0.99706,52.973196],[0.996649,52.973604],[0.997047,52.972397],[0.996246,52.971748],[0.996165,52.974615],[0.997607,52.975707],[0.996612,52.975542],[0.997395,52.975806],[0.997172,52.976042],[0.996422,52.975528],[0.996641,52.976048],[0.996298,52.976057],[0.996487,52.975724],[0.99608,52.975487],[0.996537,52.97544],[0.996483,52.975156],[0.99597,52.974785],[0.996057,52.975102],[0.995783,52.975153],[0.995634,52.976052],[0.995673,52.975413],[0.995054,52.975605],[0.99593,52.975033],[0.995803,52.973169],[0.995336,52.973988],[0.995567,52.9733],[0.994824,52.973935],[0.995532,52.974889],[0.995267,52.975404],[0.995477,52.974902],[0.994894,52.974535],[0.994606,52.975044],[0.994712,52.974362],[0.994445,52.974872],[0.993988,52.975283],[0.994151,52.974938],[0.993644,52.975083],[0.993989,52.974835],[0.99314,52.975036],[0.993659,52.974714],[0.994328,52.974851],[0.994546,52.973955],[0.995703,52.972608],[0.995264,52.972396],[0.994717,52.973236],[0.994656,52.972785],[0.995477,52.972236],[0.994963,52.972055],[0.994085,52.973006],[0.99407,52.973387],[0.993802,52.973705],[0.99415,52.974435],[0.993538,52.973758],[0.993186,52.974462],[0.99266,52.974515],[0.993929,52.973415],[0.99337,52.973376],[0.993068,52.973945],[0.99224,52.973988],[0.993373,52.973328],[0.993821,52.973339],[0.994027,52.972854],[0.992545,52.973536],[0.994365,52.972533],[0.994107,52.972286],[0.993659,52.972639],[0.994006,52.972246],[0.99448,52.972212],[0.993839,52.971837],[0.992905,52.972684],[0.993691,52.97178],[0.992369,52.971652],[0.992299,52.973337],[0.99189,52.971794],[0.991129,52.972665],[0.991556,52.973019],[0.991458,52.973538],[0.991909,52.973694],[0.991635,52.97534],[0.991722,52.974235],[0.990938,52.9744],[0.991757,52.973752],[0.991435,52.973636],[0.991413,52.97304],[0.991099,52.972822],[0.991138,52.973042],[0.990837,52.973337],[0.991059,52.973782],[0.99062,52.974286],[0.990947,52.973801],[0.99075,52.97332],[0.991052,52.973022],[0.990855,52.972643],[0.990708,52.972937],[0.990389,52.973157],[0.99059,52.973962],[0.990341,52.973226],[0.990112,52.973716],[0.990228,52.97316],[0.990696,52.972611],[0.990298,52.97195],[0.989467,52.974224],[0.989624,52.975023],[0.989296,52.97453],[0.989948,52.972695],[0.989528,52.972336],[0.989077,52.973518],[0.989391,52.972281],[0.987911,52.971482],[0.989034,52.972668],[0.9885,52.972666],[0.988117,52.973183],[0.988691,52.973681],[0.988376,52.974739],[0.988607,52.973681],[0.988161,52.973651],[0.988091,52.974008],[0.987866,52.973322],[0.988394,52.972046],[0.988092,52.971987],[0.988041,52.972598],[0.987834,52.971688],[0.987311,52.971619],[0.987679,52.97216],[0.987163,52.971604],[0.987379,52.972111],[0.986795,52.971715],[0.987488,52.972974],[0.986894,52.972292],[0.986425,52.973364],[0.987595,52.974273],[0.986362,52.973418],[0.986753,52.972252],[0.985668,52.972377],[0.985567,52.972824],[0.985661,52.972326],[0.986785,52.972115],[0.986508,52.97169],[0.985752,52.971532],[0.985288,52.972342],[0.985563,52.971456],[0.982521,52.970508],[0.9824,52.971111],[0.982941,52.97118],[0.982388,52.971221],[0.983032,52.971487],[0.982867,52.971782],[0.983733,52.971693],[0.983214,52.971938],[0.983355,52.97206],[0.983394,52.972541],[0.983903,52.972414],[0.983514,52.972583],[0.983803,52.97294],[0.983299,52.972528],[0.983154,52.971966],[0.982293,52.971865],[0.982713,52.97238],[0.982304,52.972111],[0.982228,52.971756],[0.982729,52.971617],[0.981571,52.970802],[0.980911,52.97117],[0.981694,52.972785],[0.981398,52.972937],[0.983545,52.973672],[0.983722,52.9742],[0.984914,52.974962],[0.984676,52.975606],[0.985821,52.976241],[0.986036,52.975963],[0.986453,52.976159],[0.986387,52.975943],[0.987067,52.976238],[0.987097,52.976674],[0.987039,52.976282],[0.986444,52.975989],[0.986497,52.976164],[0.98639,52.976189],[0.986074,52.976011],[0.985885,52.9763],[0.984674,52.975698],[0.984562,52.97557],[0.984761,52.974983],[0.984188,52.974579],[0.983783,52.974552],[0.983201,52.97531],[0.983761,52.974447],[0.983143,52.974116],[0.982407,52.974395],[0.98268,52.974625],[0.982417,52.974774],[0.982565,52.975332],[0.982208,52.975023],[0.982532,52.974589],[0.981634,52.974533],[0.982293,52.974153],[0.980405,52.97421],[0.980204,52.97474],[0.980353,52.974187],[0.982619,52.97411],[0.981922,52.973308],[0.982011,52.973501],[0.980704,52.973298],[0.980241,52.973765],[0.980551,52.973285],[0.979334,52.973751],[0.980898,52.973123],[0.980634,52.972812],[0.980127,52.973188],[0.979402,52.973427],[0.9801,52.97312],[0.979517,52.972966],[0.98056,52.97272],[0.980584,52.972448],[0.978318,52.972675],[0.978024,52.973347],[0.977704,52.973099],[0.978354,52.97254],[0.980545,52.972383],[0.980532,52.971847],[0.977721,52.971732],[0.974861,52.97213],[0.973366,52.972407],[0.971816,52.97333],[0.971224,52.973404],[0.971264,52.973167],[0.970672,52.973419],[0.969927,52.97288],[0.969859,52.971359],[0.969007,52.971907],[0.968495,52.971721],[0.968217,52.972953],[0.97162,52.97688],[0.970634,52.976936],[0.969099,52.976564],[0.965294,52.97394],[0.964725,52.972098],[0.965366,52.971649],[0.965598,52.970861],[0.964425,52.971162],[0.964391,52.971708],[0.963378,52.972312],[0.964241,52.971755],[0.96081,52.971796],[0.960732,52.971483],[0.958988,52.971135],[0.958566,52.970184],[0.958905,52.969574],[0.958558,52.969259],[0.958006,52.969305],[0.957474,52.969984],[0.957634,52.970817],[0.96083,52.973411],[0.961906,52.97475],[0.961936,52.975187],[0.960945,52.975646],[0.961339,52.976772],[0.964414,52.977734],[0.969759,52.978687],[0.973921,52.980321],[0.98298,52.979532],[0.995196,52.977732],[1.017551,52.973067]],[[0.888493,52.957117],[0.888463,52.957435],[0.888252,52.957108],[0.888493,52.957117]],[[0.897613,52.958938],[0.898364,52.958433],[0.897592,52.958213],[0.89692,52.957255],[0.896459,52.957798],[0.895446,52.958033],[0.896538,52.957653],[0.896252,52.956748],[0.896657,52.957325],[0.896999,52.956958],[0.89851,52.956812],[0.898846,52.957053],[0.898484,52.95683],[0.896906,52.957173],[0.897596,52.958161],[0.89842,52.958412],[0.897751,52.959037],[0.89782,52.959337],[0.897613,52.958938]],[[0.90892,52.960399],[0.908559,52.960637],[0.908496,52.960624],[0.90892,52.960399]],[[0.911324,52.961413],[0.910839,52.961344],[0.911454,52.960947],[0.911242,52.960559],[0.911566,52.960899],[0.910968,52.961333],[0.911372,52.961359],[0.911378,52.961427],[0.910565,52.961754],[0.909771,52.96179],[0.911324,52.961413]],[[0.923419,52.958719],[0.923858,52.957546],[0.924417,52.957501],[0.923822,52.957664],[0.924144,52.958362],[0.923588,52.958297],[0.923484,52.958726],[0.924061,52.959197],[0.923419,52.958719]],[[0.936387,52.957673],[0.941021,52.958669],[0.936364,52.957739],[0.936387,52.957673]],[[0.969318,52.960592],[0.970443,52.960702],[0.96922,52.960658],[0.969318,52.960592]]]]}}]}